"","position","my_allele","mgm_allele","source","plot_y","color"
"1",2724429,"A","C","MGF",1.5,"blue"
"2",2760060,"T","C","MGF",1.5,"blue"
"3",2764888,"A","G","MGF",1.5,"blue"
"4",2797795,"T","C","MGF",1.5,"blue"
"5",2800624,"T","G","MGF",1.5,"blue"
"6",2802368,"G","A","MGF",1.5,"blue"
"7",2806589,"A","G","MGF",1.5,"blue"
"8",2813287,"C","T","MGF",1.5,"blue"
"9",2814160,"T","C","MGF",1.5,"blue"
"10",2833856,"T","C","MGF",1.5,"blue"
"11",2865296,"T","G","MGF",1.5,"blue"
"12",2870313,"T","C","MGF",1.5,"blue"
"13",2871474,"A","G","MGF",1.5,"blue"
"14",2928329,"T","C","MGF",1.5,"blue"
"15",2931544,"G","A","MGF",1.5,"blue"
"16",2931592,"C","T","MGF",1.5,"blue"
"17",2935668,"G","A","MGF",1.5,"blue"
"18",2938940,"T","C","MGF",1.5,"blue"
"19",2942109,"T","C","MGF",1.5,"blue"
"20",2944537,"A","C","MGF",1.5,"blue"
"21",2950961,"A","G","MGF",1.5,"blue"
"22",2951931,"G","A","MGF",1.5,"blue"
"23",2997069,"C","T","MGF",1.5,"blue"
"24",2999141,"G","A","MGF",1.5,"blue"
"25",3007480,"G","T","MGF",1.5,"blue"
"26",3010694,"G","T","MGF",1.5,"blue"
"27",3032054,"A","C","MGF",1.5,"blue"
"28",3103318,"C","A","MGF",1.5,"blue"
"29",3106679,"T","C","MGF",1.5,"blue"
"30",3111078,"G","A","MGF",1.5,"blue"
"31",3113264,"A","G","MGF",1.5,"blue"
"32",3120780,"T","C","MGF",1.5,"blue"
"33",3126124,"T","G","MGF",1.5,"blue"
"34",3127322,"T","C","MGF",1.5,"blue"
"35",3134614,"G","A","MGF",1.5,"blue"
"36",3140913,"A","G","MGF",1.5,"blue"
"37",3140992,"A","C","MGF",1.5,"blue"
"38",3145565,"G","A","MGF",1.5,"blue"
"39",3147735,"C","T","MGF",1.5,"blue"
"40",3150071,"C","T","MGF",1.5,"blue"
"41",3167032,"A","G","MGF",1.5,"blue"
"42",3172640,"C","T","MGF",1.5,"blue"
"43",3173381,"A","G","MGF",1.5,"blue"
"44",3176513,"T","G","MGF",1.5,"blue"
"45",3183507,"A","C","MGF",1.5,"blue"
"46",3208112,"C","T","MGF",1.5,"blue"
"47",3216908,"A","G","MGF",1.5,"blue"
"48",3218814,"C","T","MGF",1.5,"blue"
"49",3310338,"T","C","MGF",1.5,"blue"
"50",3344286,"G","A","MGF",1.5,"blue"
"51",3385871,"G","A","MGF",1.5,"blue"
"52",3419988,"C","T","MGF",1.5,"blue"
"53",3529982,"C","T","MGF",1.5,"blue"
"54",3530512,"C","A","MGF",1.5,"blue"
"55",3532267,"G","A","MGF",1.5,"blue"
"56",3539070,"G","A","MGF",1.5,"blue"
"57",3539248,"G","A","MGF",1.5,"blue"
"58",3540527,"A","G","MGF",1.5,"blue"
"59",3542075,"C","T","MGF",1.5,"blue"
"60",3561596,"C","T","MGF",1.5,"blue"
"61",3565814,"A","G","MGF",1.5,"blue"
"62",3569345,"C","T","MGF",1.5,"blue"
"63",3574538,"G","A","MGF",1.5,"blue"
"64",3574564,"C","T","MGF",1.5,"blue"
"65",3574797,"C","T","MGF",1.5,"blue"
"66",3575318,"G","A","MGF",1.5,"blue"
"67",3579857,"G","A","MGF",1.5,"blue"
"68",3595827,"A","C","MGF",1.5,"blue"
"69",3598635,"T","G","MGF",1.5,"blue"
"70",3604421,"T","C","MGF",1.5,"blue"
"71",3607389,"C","T","MGF",1.5,"blue"
"72",3608067,"T","C","MGF",1.5,"blue"
"73",3610457,"T","C","MGF",1.5,"blue"
"74",3619524,"G","A","MGF",1.5,"blue"
"75",3646417,"C","A","MGF",1.5,"blue"
"76",3648354,"A","G","MGF",1.5,"blue"
"77",3649810,"G","A","MGF",1.5,"blue"
"78",3656889,"T","C","MGF",1.5,"blue"
"79",3662064,"C","T","MGF",1.5,"blue"
"80",3675711,"A","G","MGF",1.5,"blue"
"81",3678316,"A","G","MGF",1.5,"blue"
"82",3679067,"T","C","MGF",1.5,"blue"
"83",3695483,"T","C","MGF",1.5,"blue"
"84",3699653,"C","T","MGF",1.5,"blue"
"85",3711421,"C","T","MGF",1.5,"blue"
"86",3881506,"A","G","MGF",1.5,"blue"
"87",3911916,"C","T","MGF",1.5,"blue"
"88",3923567,"C","T","MGF",1.5,"blue"
"89",3924650,"C","T","MGF",1.5,"blue"
"90",3937587,"T","C","MGF",1.5,"blue"
"91",3949212,"C","T","MGF",1.5,"blue"
"92",3958598,"A","G","MGF",1.5,"blue"
"93",4016482,"A","G","MGF",1.5,"blue"
"94",4050477,"C","T","MGF",1.5,"blue"
"95",4084888,"G","A","MGF",1.5,"blue"
"96",4104242,"A","G","MGF",1.5,"blue"
"97",4112813,"C","T","MGF",1.5,"blue"
"98",4119860,"C","T","MGF",1.5,"blue"
"99",4120689,"G","T","MGF",1.5,"blue"
"100",4151086,"T","G","MGF",1.5,"blue"
"101",4160830,"T","G","MGF",1.5,"blue"
"102",4170897,"A","G","MGF",1.5,"blue"
"103",4182408,"G","A","MGF",1.5,"blue"
"104",4184349,"A","G","MGF",1.5,"blue"
"105",4216708,"C","T","MGF",1.5,"blue"
"106",4217034,"C","T","MGF",1.5,"blue"
"107",4220089,"T","C","MGF",1.5,"blue"
"108",4230632,"C","T","MGF",1.5,"blue"
"109",4294558,"A","G","MGF",1.5,"blue"
"110",4316549,"A","G","MGF",1.5,"blue"
"111",4398963,"T","C","MGF",1.5,"blue"
"112",4410389,"T","C","MGF",1.5,"blue"
"113",4415366,"C","T","MGF",1.5,"blue"
"114",4419706,"A","G","MGF",1.5,"blue"
"115",4469798,"A","G","MGF",1.5,"blue"
"116",4472534,"G","A","MGF",1.5,"blue"
"117",4494656,"G","A","MGF",1.5,"blue"
"118",4498024,"G","A","MGF",1.5,"blue"
"119",4502412,"G","A","MGF",1.5,"blue"
"120",4502897,"A","G","MGF",1.5,"blue"
"121",4503679,"T","C","MGF",1.5,"blue"
"122",4516836,"T","C","MGF",1.5,"blue"
"123",4519688,"T","C","MGF",1.5,"blue"
"124",4526206,"G","A","MGF",1.5,"blue"
"125",4555871,"C","T","MGF",1.5,"blue"
"126",4574685,"T","C","MGF",1.5,"blue"
"127",4579981,"C","A","MGF",1.5,"blue"
"128",4585074,"A","G","MGF",1.5,"blue"
"129",4594630,"T","G","MGF",1.5,"blue"
"130",4596138,"G","A","MGF",1.5,"blue"
"131",4604640,"A","C","MGF",1.5,"blue"
"132",4628697,"C","A","MGF",1.5,"blue"
"133",4628916,"T","C","MGF",1.5,"blue"
"134",4631907,"A","G","MGF",1.5,"blue"
"135",4636542,"A","C","MGF",1.5,"blue"
"136",4651026,"G","A","MGF",1.5,"blue"
"137",4662516,"G","A","MGF",1.5,"blue"
"138",4671309,"T","C","MGF",1.5,"blue"
"139",4677652,"A","G","MGF",1.5,"blue"
"140",4679217,"T","C","MGF",1.5,"blue"
"141",4706986,"G","T","MGF",1.5,"blue"
"142",4714367,"A","G","MGF",1.5,"blue"
"143",4743816,"C","T","MGF",1.5,"blue"
"144",4762404,"A","G","MGF",1.5,"blue"
"145",4771224,"A","G","MGF",1.5,"blue"
"146",4780180,"A","G","MGF",1.5,"blue"
"147",4816843,"G","A","MGF",1.5,"blue"
"148",4817433,"A","C","MGF",1.5,"blue"
"149",4821329,"G","A","MGF",1.5,"blue"
"150",4824542,"T","C","MGF",1.5,"blue"
"151",4825493,"A","C","MGF",1.5,"blue"
"152",4850704,"A","C","MGF",1.5,"blue"
"153",4891414,"T","C","MGF",1.5,"blue"
"154",4896439,"G","T","MGF",1.5,"blue"
"155",4903071,"C","T","MGF",1.5,"blue"
"156",4903532,"C","A","MGF",1.5,"blue"
"157",4909321,"G","T","MGF",1.5,"blue"
"158",4934799,"T","C","MGF",1.5,"blue"
"159",4942073,"G","T","MGF",1.5,"blue"
"160",4942237,"C","T","MGF",1.5,"blue"
"161",4950940,"C","T","MGF",1.5,"blue"
"162",4950993,"C","T","MGF",1.5,"blue"
"163",4960661,"C","T","MGF",1.5,"blue"
"164",4977131,"T","C","MGF",1.5,"blue"
"165",5002135,"G","A","MGF",1.5,"blue"
"166",5012853,"T","C","MGF",1.5,"blue"
"167",5063464,"C","A","MGF",1.5,"blue"
"168",5063607,"C","T","MGF",1.5,"blue"
"169",5079281,"A","G","MGF",1.5,"blue"
"170",5151595,"T","C","MGF",1.5,"blue"
"171",5203282,"G","A","MGF",1.5,"blue"
"172",5214876,"A","G","MGF",1.5,"blue"
"173",5255022,"T","G","MGF",1.5,"blue"
"174",5259115,"T","C","MGF",1.5,"blue"
"175",5279429,"A","G","MGF",1.5,"blue"
"176",5285185,"T","C","MGF",1.5,"blue"
"177",5290069,"T","C","MGF",1.5,"blue"
"178",5295396,"C","A","MGF",1.5,"blue"
"179",5367248,"A","C","MGF",1.5,"blue"
"180",5371016,"G","A","MGF",1.5,"blue"
"181",5371792,"A","C","MGF",1.5,"blue"
"182",5378999,"T","C","MGF",1.5,"blue"
"183",5381985,"0","C","MGF",1.5,"blue"
"184",5392245,"C","T","MGF",1.5,"blue"
"185",5396196,"A","G","MGF",1.5,"blue"
"186",5405710,"G","T","MGF",1.5,"blue"
"187",5425548,"G","A","MGF",1.5,"blue"
"188",5454517,"C","T","MGF",1.5,"blue"
"189",5461343,"G","A","MGF",1.5,"blue"
"190",5461853,"C","T","MGF",1.5,"blue"
"191",5467127,"C","T","MGF",1.5,"blue"
"192",5467778,"A","C","MGF",1.5,"blue"
"193",5467841,"A","G","MGF",1.5,"blue"
"194",5468767,"T","C","MGF",1.5,"blue"
"195",5469735,"C","A","MGF",1.5,"blue"
"196",5547409,"G","A","MGF",1.5,"blue"
"197",5558175,"C","T","MGF",1.5,"blue"
"198",5563674,"T","C","MGF",1.5,"blue"
"199",5571917,"C","T","MGF",1.5,"blue"
"200",5574132,"C","T","MGF",1.5,"blue"
"201",5574328,"G","A","MGF",1.5,"blue"
"202",5662933,"A","G","MGF",1.5,"blue"
"203",5664731,"G","A","MGF",1.5,"blue"
"204",5665899,"G","A","MGF",1.5,"blue"
"205",5687741,"A","G","MGF",1.5,"blue"
"206",5696757,"T","C","MGF",1.5,"blue"
"207",5699987,"T","C","MGF",1.5,"blue"
"208",5712133,"A","C","MGF",1.5,"blue"
"209",5736855,"A","G","MGF",1.5,"blue"
"210",5783977,"A","G","MGF",1.5,"blue"
"211",5787712,"C","T","MGF",1.5,"blue"
"212",5789410,"T","C","MGF",1.5,"blue"
"213",5797884,"C","A","MGF",1.5,"blue"
"214",5810574,"C","T","MGF",1.5,"blue"
"215",5812641,"A","G","MGF",1.5,"blue"
"216",5869966,"C","A","MGF",1.5,"blue"
"217",6052796,"T","C","MGF",1.5,"blue"
"218",6052860,"A","C","MGF",1.5,"blue"
"219",6060914,"G","T","MGF",1.5,"blue"
"220",6084630,"G","A","MGF",1.5,"blue"
"221",6090436,"G","A","MGF",1.5,"blue"
"222",6114728,"G","T","MGF",1.5,"blue"
"223",6115771,"A","G","MGF",1.5,"blue"
"224",6133124,"G","T","MGF",1.5,"blue"
"225",6135462,"T","C","MGF",1.5,"blue"
"226",6135871,"A","G","MGF",1.5,"blue"
"227",6143964,"G","A","MGF",1.5,"blue"
"228",6157649,"C","T","MGF",1.5,"blue"
"229",6167058,"C","T","MGF",1.5,"blue"
"230",6169380,"G","T","MGF",1.5,"blue"
"231",6175304,"T","C","MGF",1.5,"blue"
"232",6198422,"A","G","MGF",1.5,"blue"
"233",6211013,"C","T","MGF",1.5,"blue"
"234",6212245,"C","A","MGF",1.5,"blue"
"235",6220474,"C","T","MGF",1.5,"blue"
"236",6225609,"A","G","MGF",1.5,"blue"
"237",6227111,"C","A","MGF",1.5,"blue"
"238",6237076,"C","T","MGF",1.5,"blue"
"239",6238232,"T","C","MGF",1.5,"blue"
"240",6290389,"C","T","MGF",1.5,"blue"
"241",6307215,"G","A","MGF",1.5,"blue"
"242",6311599,"G","T","MGF",1.5,"blue"
"243",6312619,"A","G","MGF",1.5,"blue"
"244",6325520,"A","G","MGF",1.5,"blue"
"245",6330776,"C","T","MGF",1.5,"blue"
"246",6383047,"A","G","MGF",1.5,"blue"
"247",6638981,"G","A","MGF",1.5,"blue"
"248",6652465,"T","C","MGF",1.5,"blue"
"249",6653825,"G","T","MGF",1.5,"blue"
"250",6664300,"C","T","MGF",1.5,"blue"
"251",6668181,"T","G","MGF",1.5,"blue"
"252",6669479,"T","C","MGF",1.5,"blue"
"253",6669708,"G","A","MGF",1.5,"blue"
"254",6678086,"G","T","MGF",1.5,"blue"
"255",6699947,"T","C","MGF",1.5,"blue"
"256",6757678,"C","T","MGF",1.5,"blue"
"257",6763307,"G","A","MGF",1.5,"blue"
"258",6780890,"C","T","MGF",1.5,"blue"
"259",6784635,"G","A","MGF",1.5,"blue"
"260",6802248,"G","A","MGF",1.5,"blue"
"261",6803967,"A","G","MGF",1.5,"blue"
"262",6815240,"C","T","MGF",1.5,"blue"
"263",6821105,"A","G","MGF",1.5,"blue"
"264",6823284,"C","T","MGF",1.5,"blue"
"265",7028374,"G","A","MGF",1.5,"blue"
"266",7122972,"A","G","MGF",1.5,"blue"
"267",7138066,"G","A","MGF",1.5,"blue"
"268",7152113,"G","A","MGF",1.5,"blue"
"269",7165491,"T","C","MGF",1.5,"blue"
"270",7222219,"C","T","MGF",1.5,"blue"
"271",7225221,"G","A","MGF",1.5,"blue"
"272",7266199,"T","C","MGF",1.5,"blue"
"273",7280998,"T","C","MGF",1.5,"blue"
"274",7324196,"A","G","MGF",1.5,"blue"
"275",7325603,"A","G","MGF",1.5,"blue"
"276",7335191,"A","G","MGF",1.5,"blue"
"277",7345549,"G","A","MGF",1.5,"blue"
"278",7355532,"A","G","MGF",1.5,"blue"
"279",7359845,"C","T","MGF",1.5,"blue"
"280",7369040,"A","G","MGF",1.5,"blue"
"281",7393342,"C","T","MGF",1.5,"blue"
"282",7395498,"A","G","MGF",1.5,"blue"
"283",7396902,"T","C","MGF",1.5,"blue"
"284",7398875,"T","C","MGF",1.5,"blue"
"285",7408367,"T","C","MGF",1.5,"blue"
"286",7422760,"T","C","MGF",1.5,"blue"
"287",7423742,"G","A","MGF",1.5,"blue"
"288",7433866,"C","A","MGF",1.5,"blue"
"289",7440349,"A","G","MGF",1.5,"blue"
"290",7450372,"T","C","MGF",1.5,"blue"
"291",7483860,"G","A","MGF",1.5,"blue"
"292",7496168,"G","A","MGF",1.5,"blue"
"293",7517325,"C","A","MGF",1.5,"blue"
"294",7519786,"A","G","MGF",1.5,"blue"
"295",7537276,"G","A","MGF",1.5,"blue"
"296",7545728,"G","A","MGF",1.5,"blue"
"297",7685262,"C","T","MGF",1.5,"blue"
"298",7778693,"G","A","MGF",1.5,"blue"
"299",7825325,"C","T","MGF",1.5,"blue"
"300",7837470,"G","A","MGF",1.5,"blue"
"301",7844616,"A","G","MGF",1.5,"blue"
"302",7850717,"C","A","MGF",1.5,"blue"
"303",7855994,"A","G","MGF",1.5,"blue"
"304",7867435,"G","A","MGF",1.5,"blue"
"305",7874503,"T","G","MGF",1.5,"blue"
"306",7887990,"C","T","MGF",1.5,"blue"
"307",7895848,"G","A","MGF",1.5,"blue"
"308",7906287,"G","A","MGF",1.5,"blue"
"309",7928868,"T","C","MGF",1.5,"blue"
"310",7964744,"C","T","MGF",1.5,"blue"
"311",7974954,"A","C","MGF",1.5,"blue"
"312",7980701,"G","A","MGF",1.5,"blue"
"313",7980930,"C","T","MGF",1.5,"blue"
"314",7982055,"C","T","MGF",1.5,"blue"
"315",7985438,"T","C","MGF",1.5,"blue"
"316",8020438,"C","T","MGF",1.5,"blue"
"317",8034458,"C","T","MGF",1.5,"blue"
"318",8034993,"T","C","MGF",1.5,"blue"
"319",8045465,"G","A","MGF",1.5,"blue"
"320",8052953,"C","T","MGF",1.5,"blue"
"321",8053206,"T","C","MGF",1.5,"blue"
"322",8086457,"G","A","MGF",1.5,"blue"
"323",8091350,"C","T","MGF",1.5,"blue"
"324",8111437,"C","A","MGF",1.5,"blue"
"325",8115453,"G","A","MGF",1.5,"blue"
"326",8123407,"G","A","MGF",1.5,"blue"
"327",8161115,"G","A","MGF",1.5,"blue"
"328",8165019,"T","C","MGF",1.5,"blue"
"329",8165052,"G","T","MGF",1.5,"blue"
"330",8172359,"A","G","MGF",1.5,"blue"
"331",8173248,"A","G","MGF",1.5,"blue"
"332",8211611,"T","C","MGF",1.5,"blue"
"333",8231426,"A","G","MGF",1.5,"blue"
"334",8246857,"G","A","MGF",1.5,"blue"
"335",8253532,"G","A","MGF",1.5,"blue"
"336",8266268,"G","A","MGF",1.5,"blue"
"337",8272375,"A","G","MGF",1.5,"blue"
"338",8287230,"C","T","MGF",1.5,"blue"
"339",8295828,"T","C","MGF",1.5,"blue"
"340",8313473,"A","G","MGF",1.5,"blue"
"341",8326488,"T","G","MGF",1.5,"blue"
"342",8328974,"C","T","MGF",1.5,"blue"
"343",8332647,"A","G","MGF",1.5,"blue"
"344",8351676,"T","C","MGF",1.5,"blue"
"345",8354860,"A","G","MGF",1.5,"blue"
"346",8355958,"A","C","MGF",1.5,"blue"
"347",8359262,"G","A","MGF",1.5,"blue"
"348",8368420,"A","G","MGF",1.5,"blue"
"349",8373069,"T","G","MGF",1.5,"blue"
"350",8377156,"C","T","MGF",1.5,"blue"
"351",8382344,"C","T","MGF",1.5,"blue"
"352",8385492,"G","A","MGF",1.5,"blue"
"353",8397901,"G","A","MGF",1.5,"blue"
"354",8417894,"G","A","MGF",1.5,"blue"
"355",8439382,"C","T","MGF",1.5,"blue"
"356",8444703,"C","A","MGF",1.5,"blue"
"357",8446064,"T","C","MGF",1.5,"blue"
"358",8452482,"T","T","MGM",0.5,"red"
"359",8454047,"A","A","MGM",0.5,"red"
"360",8483030,"G","G","MGM",0.5,"red"
"361",8485350,"T","T","MGM",0.5,"red"
"362",8487840,"A","A","MGM",0.5,"red"
"363",8488273,"G","G","MGM",0.5,"red"
"364",8488346,"G","G","MGM",0.5,"red"
"365",8488498,"A","A","MGM",0.5,"red"
"366",8488524,"G","G","MGM",0.5,"red"
"367",8488569,"C","C","MGM",0.5,"red"
"368",8491028,"T","T","MGM",0.5,"red"
"369",8528282,"G","G","MGM",0.5,"red"
"370",8557609,"T","T","MGM",0.5,"red"
"371",8562563,"T","T","MGM",0.5,"red"
"372",8567981,"G","G","MGM",0.5,"red"
"373",8575671,"A","A","MGM",0.5,"red"
"374",8584248,"T","T","MGM",0.5,"red"
"375",8584468,"T","T","MGM",0.5,"red"
"376",8604831,"A","A","MGM",0.5,"red"
"377",8646483,"T","T","MGM",0.5,"red"
"378",8681567,"C","C","MGM",0.5,"red"
"379",8685147,"A","A","MGM",0.5,"red"
"380",8694839,"T","T","MGM",0.5,"red"
"381",8712621,"C","C","MGM",0.5,"red"
"382",8761625,"G","G","MGM",0.5,"red"
"383",8769559,"G","G","MGM",0.5,"red"
"384",8789654,"T","T","MGM",0.5,"red"
"385",8790694,"C","C","MGM",0.5,"red"
"386",8801390,"T","T","MGM",0.5,"red"
"387",8814430,"T","T","MGM",0.5,"red"
"388",8819713,"A","A","MGM",0.5,"red"
"389",8832017,"T","T","MGM",0.5,"red"
"390",8835035,"T","T","MGM",0.5,"red"
"391",8843799,"G","G","MGM",0.5,"red"
"392",8849099,"A","A","MGM",0.5,"red"
"393",8854777,"C","C","MGM",0.5,"red"
"394",8869459,"G","G","MGM",0.5,"red"
"395",8874087,"G","G","MGM",0.5,"red"
"396",8874593,"A","A","MGM",0.5,"red"
"397",8877984,"T","T","MGM",0.5,"red"
"398",8913826,"T","T","MGM",0.5,"red"
"399",8918959,"T","T","MGM",0.5,"red"
"400",8920078,"G","G","MGM",0.5,"red"
"401",8920659,"C","C","MGM",0.5,"red"
"402",8922040,"C","C","MGM",0.5,"red"
"403",8926640,"C","C","MGM",0.5,"red"
"404",8932053,"C","C","MGM",0.5,"red"
"405",8937050,"T","T","MGM",0.5,"red"
"406",8944103,"A","A","MGM",0.5,"red"
"407",8944383,"A","A","MGM",0.5,"red"
"408",8955188,"C","C","MGM",0.5,"red"
"409",8957561,"A","A","MGM",0.5,"red"
"410",8959343,"G","G","MGM",0.5,"red"
"411",9016849,"A","A","MGM",0.5,"red"
"412",9025171,"G","G","MGM",0.5,"red"
"413",9040554,"G","G","MGM",0.5,"red"
"414",9051073,"G","G","MGM",0.5,"red"
"415",9066192,"C","C","MGM",0.5,"red"
"416",9067589,"A","A","MGM",0.5,"red"
"417",9085477,"T","T","MGM",0.5,"red"
"418",9086573,"C","C","MGM",0.5,"red"
"419",9086832,"A","A","MGM",0.5,"red"
"420",9088977,"G","G","MGM",0.5,"red"
"421",9098728,"T","T","MGM",0.5,"red"
"422",9112301,"A","A","MGM",0.5,"red"
"423",9114703,"T","T","MGM",0.5,"red"
"424",9164601,"G","G","MGM",0.5,"red"
"425",9165588,"G","G","MGM",0.5,"red"
"426",9178192,"T","T","MGM",0.5,"red"
"427",9185243,"C","0","MGF",1.5,"blue"
"428",9192315,"A","A","MGM",0.5,"red"
"429",9198271,"A","A","MGM",0.5,"red"
"430",9200885,"G","G","MGM",0.5,"red"
"431",9236015,"A","A","MGM",0.5,"red"
"432",9244071,"A","A","MGM",0.5,"red"
"433",9247999,"T","T","MGM",0.5,"red"
"434",9252822,"C","C","MGM",0.5,"red"
"435",9260045,"G","G","MGM",0.5,"red"
"436",9267140,"C","C","MGM",0.5,"red"
"437",9273384,"T","T","MGM",0.5,"red"
"438",9284478,"T","T","MGM",0.5,"red"
"439",9287932,"T","T","MGM",0.5,"red"
"440",9292965,"A","A","MGM",0.5,"red"
"441",9295882,"C","C","MGM",0.5,"red"
"442",9297877,"T","T","MGM",0.5,"red"
"443",9299388,"G","G","MGM",0.5,"red"
"444",9305477,"T","T","MGM",0.5,"red"
"445",9317837,"A","A","MGM",0.5,"red"
"446",9320494,"G","G","MGM",0.5,"red"
"447",9323622,"A","A","MGM",0.5,"red"
"448",9338694,"A","A","MGM",0.5,"red"
"449",9341184,"T","T","MGM",0.5,"red"
"450",9341848,"C","C","MGM",0.5,"red"
"451",9347489,"A","A","MGM",0.5,"red"
"452",9353507,"T","T","MGM",0.5,"red"
"453",9366426,"T","T","MGM",0.5,"red"
"454",9423551,"G","G","MGM",0.5,"red"
"455",9425095,"T","T","MGM",0.5,"red"
"456",9432059,"T","T","MGM",0.5,"red"
"457",9434808,"A","A","MGM",0.5,"red"
"458",9439552,"C","C","MGM",0.5,"red"
"459",9440256,"A","A","MGM",0.5,"red"
"460",9524235,"C","C","MGM",0.5,"red"
"461",9525425,"A","A","MGM",0.5,"red"
"462",9534854,"A","A","MGM",0.5,"red"
"463",9538206,"A","A","MGM",0.5,"red"
"464",9541297,"A","A","MGM",0.5,"red"
"465",9543889,"G","G","MGM",0.5,"red"
"466",9546184,"T","T","MGM",0.5,"red"
"467",9548193,"T","T","MGM",0.5,"red"
"468",9551677,"A","A","MGM",0.5,"red"
"469",9558115,"A","A","MGM",0.5,"red"
"470",9559263,"A","A","MGM",0.5,"red"
"471",9572536,"A","A","MGM",0.5,"red"
"472",9574799,"T","T","MGM",0.5,"red"
"473",9575534,"G","G","MGM",0.5,"red"
"474",9584830,"A","A","MGM",0.5,"red"
"475",9588255,"T","T","MGM",0.5,"red"
"476",9589231,"T","T","MGM",0.5,"red"
"477",9593604,"G","G","MGM",0.5,"red"
"478",9594546,"A","A","MGM",0.5,"red"
"479",9597785,"C","C","MGM",0.5,"red"
"480",9604032,"T","T","MGM",0.5,"red"
"481",9657661,"C","C","MGM",0.5,"red"
"482",9658750,"G","G","MGM",0.5,"red"
"483",9659133,"A","A","MGM",0.5,"red"
"484",9664353,"G","G","MGM",0.5,"red"
"485",9665063,"G","G","MGM",0.5,"red"
"486",9666124,"G","G","MGM",0.5,"red"
"487",9672801,"A","A","MGM",0.5,"red"
"488",9674313,"C","C","MGM",0.5,"red"
"489",9674641,"G","G","MGM",0.5,"red"
"490",9675325,"A","A","MGM",0.5,"red"
"491",9684952,"C","C","MGM",0.5,"red"
"492",9685901,"T","T","MGM",0.5,"red"
"493",9686187,"T","T","MGM",0.5,"red"
"494",9739510,"G","G","MGM",0.5,"red"
"495",9742043,"G","G","MGM",0.5,"red"
"496",9751474,"C","C","MGM",0.5,"red"
"497",9757298,"A","A","MGM",0.5,"red"
"498",9758945,"T","T","MGM",0.5,"red"
"499",9763875,"A","A","MGM",0.5,"red"
"500",9787331,"C","C","MGM",0.5,"red"
"501",9792092,"T","T","MGM",0.5,"red"
"502",9795487,"C","C","MGM",0.5,"red"
"503",9803494,"C","C","MGM",0.5,"red"
"504",9803544,"T","T","MGM",0.5,"red"
"505",9807693,"A","A","MGM",0.5,"red"
"506",9808866,"G","G","MGM",0.5,"red"
"507",9811095,"G","G","MGM",0.5,"red"
"508",9825109,"G","G","MGM",0.5,"red"
"509",9827437,"A","A","MGM",0.5,"red"
"510",9827969,"A","A","MGM",0.5,"red"
"511",9830445,"G","G","MGM",0.5,"red"
"512",9831101,"A","A","MGM",0.5,"red"
"513",9831571,"G","G","MGM",0.5,"red"
"514",9836119,"T","T","MGM",0.5,"red"
"515",9839198,"T","T","MGM",0.5,"red"
"516",9839872,"A","A","MGM",0.5,"red"
"517",9845812,"A","A","MGM",0.5,"red"
"518",9846499,"G","G","MGM",0.5,"red"
"519",9846539,"G","G","MGM",0.5,"red"
"520",9859197,"A","A","MGM",0.5,"red"
"521",9928012,"G","G","MGM",0.5,"red"
"522",9929400,"C","C","MGM",0.5,"red"
"523",9932158,"T","T","MGM",0.5,"red"
"524",9935526,"T","T","MGM",0.5,"red"
"525",9935844,"T","T","MGM",0.5,"red"
"526",9938698,"A","A","MGM",0.5,"red"
"527",9946485,"A","A","MGM",0.5,"red"
"528",9946656,"G","G","MGM",0.5,"red"
"529",9947114,"T","T","MGM",0.5,"red"
"530",10053642,"A","A","MGM",0.5,"red"
"531",10057396,"C","C","MGM",0.5,"red"
"532",10063448,"G","G","MGM",0.5,"red"
"533",10064609,"G","G","MGM",0.5,"red"
"534",10620632,"A","A","MGM",0.5,"red"
"535",10665012,"C","C","MGM",0.5,"red"
"536",10677823,"G","G","MGM",0.5,"red"
"537",10692634,"G","G","MGM",0.5,"red"
"538",10965762,"C","C","MGM",0.5,"red"
"539",11818771,"T","T","MGM",0.5,"red"
"540",11821187,"G","G","MGM",0.5,"red"
"541",11879767,"T","T","MGM",0.5,"red"
"542",11882557,"T","T","MGM",0.5,"red"
"543",11889104,"C","C","MGM",0.5,"red"
"544",11895627,"A","A","MGM",0.5,"red"
"545",11913247,"G","G","MGM",0.5,"red"
"546",11913517,"A","A","MGM",0.5,"red"
"547",11916455,"T","T","MGM",0.5,"red"
"548",11918327,"C","C","MGM",0.5,"red"
"549",11949003,"A","A","MGM",0.5,"red"
"550",11985678,"C","C","MGM",0.5,"red"
"551",12042112,"G","G","MGM",0.5,"red"
"552",12071101,"G","G","MGM",0.5,"red"
"553",12103723,"G","G","MGM",0.5,"red"
"554",12110831,"A","A","MGM",0.5,"red"
"555",12111231,"A","A","MGM",0.5,"red"
"556",12113592,"G","G","MGM",0.5,"red"
"557",12120012,"T","T","MGM",0.5,"red"
"558",12121253,"C","C","MGM",0.5,"red"
"559",12133846,"A","A","MGM",0.5,"red"
"560",12135218,"C","C","MGM",0.5,"red"
"561",12137162,"A","A","MGM",0.5,"red"
"562",12140848,"A","A","MGM",0.5,"red"
"563",12143596,"T","T","MGM",0.5,"red"
"564",12150186,"G","G","MGM",0.5,"red"
"565",12150417,"C","C","MGM",0.5,"red"
"566",12152458,"G","0","MGF",1.5,"blue"
"567",12158486,"G","G","MGM",0.5,"red"
"568",12176019,"A","A","MGM",0.5,"red"
"569",12181231,"C","C","MGM",0.5,"red"
"570",12191965,"T","T","MGM",0.5,"red"
"571",12198953,"T","T","MGM",0.5,"red"
"572",12200864,"T","T","MGM",0.5,"red"
"573",12204663,"G","G","MGM",0.5,"red"
"574",12214857,"T","T","MGM",0.5,"red"
"575",12219647,"T","T","MGM",0.5,"red"
"576",12220036,"A","A","MGM",0.5,"red"
"577",12221936,"G","G","MGM",0.5,"red"
"578",12227629,"G","G","MGM",0.5,"red"
"579",12233899,"C","C","MGM",0.5,"red"
"580",12246613,"G","G","MGM",0.5,"red"
"581",12252651,"A","A","MGM",0.5,"red"
"582",12257293,"C","C","MGM",0.5,"red"
"583",12270978,"T","T","MGM",0.5,"red"
"584",12273043,"A","A","MGM",0.5,"red"
"585",12276636,"C","C","MGM",0.5,"red"
"586",12279266,"T","T","MGM",0.5,"red"
"587",12280747,"T","T","MGM",0.5,"red"
"588",12299988,"G","G","MGM",0.5,"red"
"589",12388180,"C","C","MGM",0.5,"red"
"590",12402166,"A","A","MGM",0.5,"red"
"591",12431238,"G","G","MGM",0.5,"red"
"592",12437137,"C","C","MGM",0.5,"red"
"593",12440807,"C","C","MGM",0.5,"red"
"594",12444059,"G","G","MGM",0.5,"red"
"595",12449618,"T","T","MGM",0.5,"red"
"596",12468577,"T","T","MGM",0.5,"red"
"597",12470671,"T","T","MGM",0.5,"red"
"598",12478869,"G","G","MGM",0.5,"red"
"599",12489590,"A","A","MGM",0.5,"red"
"600",12498714,"A","A","MGM",0.5,"red"
"601",12501049,"A","A","MGM",0.5,"red"
"602",12513601,"A","A","MGM",0.5,"red"
"603",12525012,"G","G","MGM",0.5,"red"
"604",12547490,"G","G","MGM",0.5,"red"
"605",12551001,"A","A","MGM",0.5,"red"
"606",12562897,"G","G","MGM",0.5,"red"
"607",12567179,"T","T","MGM",0.5,"red"
"608",12592543,"G","G","MGM",0.5,"red"
"609",12593795,"T","T","MGM",0.5,"red"
"610",12595868,"A","A","MGM",0.5,"red"
"611",12628462,"C","C","MGM",0.5,"red"
"612",12629833,"A","A","MGM",0.5,"red"
"613",12630130,"A","A","MGM",0.5,"red"
"614",12633034,"C","C","MGM",0.5,"red"
"615",12644884,"G","G","MGM",0.5,"red"
"616",12698499,"T","T","MGM",0.5,"red"
"617",12703336,"C","C","MGM",0.5,"red"
"618",12707690,"C","C","MGM",0.5,"red"
"619",12711216,"G","G","MGM",0.5,"red"
"620",12737089,"A","A","MGM",0.5,"red"
"621",12737146,"T","T","MGM",0.5,"red"
"622",12737701,"C","C","MGM",0.5,"red"
"623",12738364,"T","T","MGM",0.5,"red"
"624",12738587,"C","C","MGM",0.5,"red"
"625",12750254,"T","T","MGM",0.5,"red"
"626",12757652,"T","T","MGM",0.5,"red"
"627",12759099,"G","G","MGM",0.5,"red"
"628",12759250,"A","A","MGM",0.5,"red"
"629",12760070,"T","T","MGM",0.5,"red"
"630",12762967,"T","T","MGM",0.5,"red"
"631",12771258,"C","C","MGM",0.5,"red"
"632",12779691,"G","G","MGM",0.5,"red"
"633",12785156,"C","C","MGM",0.5,"red"
"634",12791021,"G","G","MGM",0.5,"red"
"635",12806859,"A","A","MGM",0.5,"red"
"636",12824758,"G","G","MGM",0.5,"red"
"637",12825639,"T","T","MGM",0.5,"red"
"638",12848933,"C","C","MGM",0.5,"red"
"639",12858647,"T","T","MGM",0.5,"red"
"640",12864521,"G","G","MGM",0.5,"red"
"641",12864569,"A","A","MGM",0.5,"red"
"642",12883891,"C","C","MGM",0.5,"red"
"643",12890453,"C","C","MGM",0.5,"red"
"644",12903035,"T","T","MGM",0.5,"red"
"645",12906030,"G","G","MGM",0.5,"red"
"646",12908782,"G","G","MGM",0.5,"red"
"647",12909478,"A","A","MGM",0.5,"red"
"648",12909566,"A","A","MGM",0.5,"red"
"649",12910521,"G","G","MGM",0.5,"red"
"650",12912446,"T","T","MGM",0.5,"red"
"651",12915902,"C","C","MGM",0.5,"red"
"652",12920489,"C","C","MGM",0.5,"red"
"653",12920735,"G","G","MGM",0.5,"red"
"654",12924826,"A","A","MGM",0.5,"red"
"655",12927759,"G","G","MGM",0.5,"red"
"656",12968647,"T","T","MGM",0.5,"red"
"657",12971524,"C","C","MGM",0.5,"red"
"658",12992007,"A","A","MGM",0.5,"red"
"659",12997759,"A","A","MGM",0.5,"red"
"660",13002907,"A","A","MGM",0.5,"red"
"661",13009298,"A","A","MGM",0.5,"red"
"662",13021260,"T","T","MGM",0.5,"red"
"663",13044003,"G","G","MGM",0.5,"red"
"664",13050626,"G","G","MGM",0.5,"red"
"665",13065175,"A","A","MGM",0.5,"red"
"666",13069451,"T","T","MGM",0.5,"red"
"667",13093961,"G","G","MGM",0.5,"red"
"668",13110250,"C","C","MGM",0.5,"red"
"669",13134844,"G","G","MGM",0.5,"red"
"670",13143899,"T","T","MGM",0.5,"red"
"671",13164521,"T","T","MGM",0.5,"red"
"672",13167875,"G","G","MGM",0.5,"red"
"673",13191310,"T","T","MGM",0.5,"red"
"674",13197124,"C","C","MGM",0.5,"red"
"675",13227350,"T","T","MGM",0.5,"red"
"676",13232833,"T","T","MGM",0.5,"red"
"677",13240484,"A","A","MGM",0.5,"red"
"678",13242906,"G","G","MGM",0.5,"red"
"679",13250379,"G","G","MGM",0.5,"red"
"680",13253540,"A","A","MGM",0.5,"red"
"681",13255970,"A","A","MGM",0.5,"red"
"682",13256985,"T","T","MGM",0.5,"red"
"683",13263172,"A","A","MGM",0.5,"red"
"684",13267008,"A","A","MGM",0.5,"red"
"685",13339162,"G","G","MGM",0.5,"red"
"686",13407800,"C","C","MGM",0.5,"red"
"687",13411710,"G","G","MGM",0.5,"red"
"688",13412845,"C","C","MGM",0.5,"red"
"689",13421249,"G","G","MGM",0.5,"red"
"690",13421847,"T","T","MGM",0.5,"red"
"691",13429874,"A","A","MGM",0.5,"red"
"692",13442669,"T","T","MGM",0.5,"red"
"693",13446345,"G","G","MGM",0.5,"red"
"694",13448804,"C","C","MGM",0.5,"red"
"695",13454227,"A","A","MGM",0.5,"red"
"696",13465641,"C","C","MGM",0.5,"red"
"697",13473361,"A","A","MGM",0.5,"red"
"698",13475380,"C","C","MGM",0.5,"red"
"699",13496860,"T","T","MGM",0.5,"red"
"700",13498278,"G","G","MGM",0.5,"red"
"701",13500612,"C","C","MGM",0.5,"red"
"702",13503521,"G","G","MGM",0.5,"red"
"703",13524912,"G","G","MGM",0.5,"red"
"704",13526661,"G","G","MGM",0.5,"red"
"705",13528119,"T","T","MGM",0.5,"red"
"706",13529722,"T","T","MGM",0.5,"red"
"707",13534480,"G","G","MGM",0.5,"red"
"708",13535003,"G","G","MGM",0.5,"red"
"709",13536543,"G","G","MGM",0.5,"red"
"710",13541619,"A","A","MGM",0.5,"red"
"711",13542162,"C","C","MGM",0.5,"red"
"712",13547372,"C","C","MGM",0.5,"red"
"713",13557726,"T","T","MGM",0.5,"red"
"714",13558088,"A","A","MGM",0.5,"red"
"715",13561789,"A","A","MGM",0.5,"red"
"716",13562066,"T","T","MGM",0.5,"red"
"717",13562179,"T","T","MGM",0.5,"red"
"718",13562260,"A","A","MGM",0.5,"red"
"719",13562317,"T","T","MGM",0.5,"red"
"720",13563981,"T","T","MGM",0.5,"red"
"721",13612273,"C","C","MGM",0.5,"red"
"722",13612715,"C","C","MGM",0.5,"red"
"723",13615118,"G","G","MGM",0.5,"red"
"724",13725941,"A","A","MGM",0.5,"red"
"725",14112110,"T","T","MGM",0.5,"red"
"726",14113910,"T","T","MGM",0.5,"red"
"727",14116990,"A","A","MGM",0.5,"red"
"728",14117803,"C","C","MGM",0.5,"red"
"729",14119191,"C","C","MGM",0.5,"red"
"730",14155123,"G","G","MGM",0.5,"red"
"731",14156531,"A","A","MGM",0.5,"red"
"732",14159074,"A","A","MGM",0.5,"red"
"733",14163268,"G","G","MGM",0.5,"red"
"734",14167680,"T","T","MGM",0.5,"red"
"735",14182588,"C","C","MGM",0.5,"red"
"736",14355418,"C","C","MGM",0.5,"red"
"737",14485645,"A","A","MGM",0.5,"red"
"738",14509533,"G","G","MGM",0.5,"red"
"739",14525563,"C","C","MGM",0.5,"red"
"740",14538579,"T","T","MGM",0.5,"red"
"741",14553073,"T","T","MGM",0.5,"red"
"742",14585133,"T","T","MGM",0.5,"red"
"743",14599572,"G","G","MGM",0.5,"red"
"744",14612381,"T","T","MGM",0.5,"red"
"745",14612419,"G","G","MGM",0.5,"red"
"746",14615713,"A","A","MGM",0.5,"red"
"747",14617797,"A","A","MGM",0.5,"red"
"748",14634746,"C","C","MGM",0.5,"red"
"749",14635865,"T","T","MGM",0.5,"red"
"750",14717421,"A","A","MGM",0.5,"red"
"751",14743437,"C","C","MGM",0.5,"red"
"752",14949308,"G","G","MGM",0.5,"red"
"753",14962402,"T","T","MGM",0.5,"red"
"754",14965863,"C","C","MGM",0.5,"red"
"755",14969027,"T","T","MGM",0.5,"red"
"756",14979416,"C","C","MGM",0.5,"red"
"757",15003363,"C","C","MGM",0.5,"red"
"758",15008034,"T","T","MGM",0.5,"red"
"759",15018977,"A","A","MGM",0.5,"red"
"760",15079745,"G","G","MGM",0.5,"red"
"761",15089359,"G","G","MGM",0.5,"red"
"762",15119833,"A","A","MGM",0.5,"red"
"763",15134640,"T","T","MGM",0.5,"red"
"764",15136522,"A","A","MGM",0.5,"red"
"765",15146772,"C","C","MGM",0.5,"red"
"766",15163507,"C","C","MGM",0.5,"red"
"767",15166677,"G","G","MGM",0.5,"red"
"768",15172189,"A","A","MGM",0.5,"red"
"769",15185673,"A","A","MGM",0.5,"red"
"770",15187042,"C","C","MGM",0.5,"red"
"771",15192290,"T","T","MGM",0.5,"red"
"772",15208578,"C","C","MGM",0.5,"red"
"773",15235566,"A","A","MGM",0.5,"red"
"774",15238053,"C","C","MGM",0.5,"red"
"775",15251882,"C","C","MGM",0.5,"red"
"776",15252252,"C","C","MGM",0.5,"red"
"777",15256031,"A","A","MGM",0.5,"red"
"778",15260115,"A","A","MGM",0.5,"red"
"779",15263741,"A","A","MGM",0.5,"red"
"780",15265457,"G","G","MGM",0.5,"red"
"781",15283580,"A","A","MGM",0.5,"red"
"782",15381109,"G","G","MGM",0.5,"red"
"783",15397905,"T","T","MGM",0.5,"red"
"784",15407061,"C","C","MGM",0.5,"red"
"785",15413283,"C","C","MGM",0.5,"red"
"786",15413629,"G","G","MGM",0.5,"red"
"787",15415583,"C","C","MGM",0.5,"red"
"788",15424686,"A","A","MGM",0.5,"red"
"789",15431637,"A","A","MGM",0.5,"red"
"790",15436753,"T","T","MGM",0.5,"red"
"791",15439015,"G","G","MGM",0.5,"red"
"792",15554602,"G","G","MGM",0.5,"red"
"793",15573768,"C","C","MGM",0.5,"red"
"794",15582966,"A","A","MGM",0.5,"red"
"795",15586964,"T","T","MGM",0.5,"red"
"796",15604865,"A","A","MGM",0.5,"red"
"797",15607650,"C","C","MGM",0.5,"red"
"798",15608499,"G","G","MGM",0.5,"red"
"799",15610348,"T","T","MGM",0.5,"red"
"800",15614145,"A","A","MGM",0.5,"red"
"801",15616796,"C","C","MGM",0.5,"red"
"802",15618061,"G","G","MGM",0.5,"red"
"803",15644220,"A","A","MGM",0.5,"red"
"804",15655457,"G","G","MGM",0.5,"red"
"805",15658111,"C","C","MGM",0.5,"red"
"806",15659883,"T","T","MGM",0.5,"red"
"807",15662935,"C","C","MGM",0.5,"red"
"808",15676417,"A","A","MGM",0.5,"red"
"809",15699323,"G","G","MGM",0.5,"red"
"810",15716445,"G","G","MGM",0.5,"red"
"811",15730619,"A","A","MGM",0.5,"red"
"812",15867450,"C","C","MGM",0.5,"red"
"813",15869313,"C","C","MGM",0.5,"red"
"814",15923896,"C","C","MGM",0.5,"red"
"815",15957302,"T","T","MGM",0.5,"red"
"816",15977435,"G","G","MGM",0.5,"red"
"817",15990334,"T","T","MGM",0.5,"red"
"818",16018163,"G","G","MGM",0.5,"red"
"819",16024536,"C","C","MGM",0.5,"red"
"820",16034878,"G","G","MGM",0.5,"red"
"821",16041169,"G","G","MGM",0.5,"red"
"822",16100303,"T","T","MGM",0.5,"red"
"823",16116302,"A","A","MGM",0.5,"red"
"824",16135745,"T","T","MGM",0.5,"red"
"825",16140456,"C","C","MGM",0.5,"red"
"826",16161029,"C","C","MGM",0.5,"red"
"827",16168467,"C","C","MGM",0.5,"red"
"828",16168677,"C","C","MGM",0.5,"red"
"829",16171340,"A","A","MGM",0.5,"red"
"830",16171960,"C","C","MGM",0.5,"red"
"831",16173690,"G","G","MGM",0.5,"red"
"832",16174557,"G","G","MGM",0.5,"red"
"833",16181713,"C","C","MGM",0.5,"red"
"834",16204348,"A","A","MGM",0.5,"red"
"835",16219526,"C","C","MGM",0.5,"red"
"836",16223416,"A","A","MGM",0.5,"red"
"837",16230074,"A","A","MGM",0.5,"red"
"838",16232377,"G","G","MGM",0.5,"red"
"839",16257827,"G","G","MGM",0.5,"red"
"840",16261676,"A","A","MGM",0.5,"red"
"841",16266533,"G","G","MGM",0.5,"red"
"842",16322965,"A","A","MGM",0.5,"red"
"843",16323365,"G","G","MGM",0.5,"red"
"844",16327707,"G","G","MGM",0.5,"red"
"845",16338736,"G","G","MGM",0.5,"red"
"846",16350231,"C","C","MGM",0.5,"red"
"847",16351919,"G","G","MGM",0.5,"red"
"848",16384888,"C","C","MGM",0.5,"red"
"849",16418688,"A","A","MGM",0.5,"red"
"850",16421982,"A","A","MGM",0.5,"red"
"851",16426244,"G","G","MGM",0.5,"red"
"852",16434460,"A","A","MGM",0.5,"red"
"853",16444573,"G","G","MGM",0.5,"red"
"854",16451229,"G","G","MGM",0.5,"red"
"855",16467628,"T","T","MGM",0.5,"red"
"856",16467819,"C","C","MGM",0.5,"red"
"857",16473224,"T","T","MGM",0.5,"red"
"858",16485490,"T","T","MGM",0.5,"red"
"859",16489408,"T","T","MGM",0.5,"red"
"860",16569841,"G","G","MGM",0.5,"red"
"861",16639392,"C","C","MGM",0.5,"red"
"862",16670168,"T","T","MGM",0.5,"red"
"863",16672258,"A","A","MGM",0.5,"red"
"864",16675963,"A","A","MGM",0.5,"red"
"865",16682634,"A","A","MGM",0.5,"red"
"866",16682662,"C","C","MGM",0.5,"red"
"867",16684862,"A","A","MGM",0.5,"red"
"868",16696005,"A","A","MGM",0.5,"red"
"869",16697183,"C","C","MGM",0.5,"red"
"870",16702732,"C","C","MGM",0.5,"red"
"871",16709626,"A","A","MGM",0.5,"red"
"872",16713537,"A","A","MGM",0.5,"red"
"873",16716134,"T","T","MGM",0.5,"red"
"874",16721129,"C","C","MGM",0.5,"red"
"875",16905630,"T","T","MGM",0.5,"red"
"876",16914295,"A","A","MGM",0.5,"red"
"877",16917522,"A","A","MGM",0.5,"red"
"878",16930124,"A","A","MGM",0.5,"red"
"879",16954514,"C","C","MGM",0.5,"red"
"880",17073092,"C","C","MGM",0.5,"red"
"881",17076039,"G","G","MGM",0.5,"red"
"882",17080492,"A","A","MGM",0.5,"red"
"883",17122102,"T","T","MGM",0.5,"red"
"884",17163103,"A","A","MGM",0.5,"red"
"885",17171300,"G","G","MGM",0.5,"red"
"886",17494601,"C","C","MGM",0.5,"red"
"887",17547385,"C","C","MGM",0.5,"red"
"888",17846752,"T","T","MGM",0.5,"red"
"889",18073775,"C","C","MGM",0.5,"red"
"890",18133866,"C","C","MGM",0.5,"red"
"891",18136550,"A","A","MGM",0.5,"red"
"892",18138636,"G","G","MGM",0.5,"red"
"893",18139040,"T","T","MGM",0.5,"red"
"894",18203686,"C","C","MGM",0.5,"red"
"895",18419750,"A","A","MGM",0.5,"red"
"896",18664872,"G","G","MGM",0.5,"red"
"897",18671289,"T","T","MGM",0.5,"red"
"898",18673253,"C","C","MGM",0.5,"red"
"899",18673707,"T","T","MGM",0.5,"red"
"900",18678690,"A","A","MGM",0.5,"red"
"901",18686136,"G","G","MGM",0.5,"red"
"902",18688072,"G","G","MGM",0.5,"red"
"903",18713716,"T","T","MGM",0.5,"red"
"904",18717203,"G","G","MGM",0.5,"red"
"905",18718396,"T","T","MGM",0.5,"red"
"906",18739347,"T","T","MGM",0.5,"red"
"907",18741862,"G","G","MGM",0.5,"red"
"908",18759106,"T","T","MGM",0.5,"red"
"909",18779939,"G","G","MGM",0.5,"red"
"910",18781705,"G","G","MGM",0.5,"red"
"911",18782037,"T","T","MGM",0.5,"red"
"912",18782896,"A","A","MGM",0.5,"red"
"913",18784386,"T","T","MGM",0.5,"red"
"914",18790343,"C","C","MGM",0.5,"red"
"915",18799885,"A","A","MGM",0.5,"red"
"916",18814003,"A","A","MGM",0.5,"red"
"917",18824845,"G","G","MGM",0.5,"red"
"918",18836835,"G","G","MGM",0.5,"red"
"919",18841271,"T","T","MGM",0.5,"red"
"920",18842784,"C","C","MGM",0.5,"red"
"921",18846164,"T","T","MGM",0.5,"red"
"922",18847815,"G","G","MGM",0.5,"red"
"923",18859525,"A","A","MGM",0.5,"red"
"924",18868624,"A","A","MGM",0.5,"red"
"925",18870942,"A","A","MGM",0.5,"red"
"926",18874926,"C","C","MGM",0.5,"red"
"927",18954384,"G","G","MGM",0.5,"red"
"928",19015368,"A","A","MGM",0.5,"red"
"929",19041592,"T","T","MGM",0.5,"red"
"930",19394220,"G","G","MGM",0.5,"red"
"931",19515847,"A","A","MGM",0.5,"red"
"932",19518932,"C","C","MGM",0.5,"red"
"933",19521905,"T","T","MGM",0.5,"red"
"934",19541048,"C","C","MGM",0.5,"red"
"935",19554980,"T","T","MGM",0.5,"red"
"936",19557073,"T","T","MGM",0.5,"red"
"937",19558123,"A","A","MGM",0.5,"red"
"938",19561853,"T","T","MGM",0.5,"red"
"939",19588334,"T","T","MGM",0.5,"red"
"940",19589317,"C","C","MGM",0.5,"red"
"941",19622124,"T","T","MGM",0.5,"red"
"942",19642630,"C","C","MGM",0.5,"red"
"943",19650411,"T","T","MGM",0.5,"red"
"944",19677771,"A","A","MGM",0.5,"red"
"945",19678658,"G","G","MGM",0.5,"red"
"946",19729105,"C","C","MGM",0.5,"red"
"947",19764704,"G","G","MGM",0.5,"red"
"948",19766160,"C","C","MGM",0.5,"red"
"949",19771421,"A","A","MGM",0.5,"red"
"950",19800808,"T","T","MGM",0.5,"red"
"951",19842599,"A","A","MGM",0.5,"red"
"952",19869646,"G","G","MGM",0.5,"red"
"953",19893808,"A","A","MGM",0.5,"red"
"954",19903991,"A","A","MGM",0.5,"red"
"955",19917187,"A","A","MGM",0.5,"red"
"956",19942966,"G","G","MGM",0.5,"red"
"957",19955434,"C","C","MGM",0.5,"red"
"958",19988659,"G","G","MGM",0.5,"red"
"959",20002303,"C","C","MGM",0.5,"red"
"960",20018774,"C","C","MGM",0.5,"red"
"961",20048947,"T","T","MGM",0.5,"red"
"962",20071046,"T","T","MGM",0.5,"red"
"963",20135506,"A","A","MGM",0.5,"red"
"964",20136453,"G","G","MGM",0.5,"red"
"965",20143370,"G","G","MGM",0.5,"red"
"966",20160246,"G","G","MGM",0.5,"red"
"967",20170527,"C","C","MGM",0.5,"red"
"968",20171056,"G","G","MGM",0.5,"red"
"969",20186509,"T","T","MGM",0.5,"red"
"970",20204461,"G","G","MGM",0.5,"red"
"971",20205856,"A","A","MGM",0.5,"red"
"972",20221809,"G","G","MGM",0.5,"red"
"973",20222485,"C","C","MGM",0.5,"red"
"974",20223839,"C","C","MGM",0.5,"red"
"975",20224568,"A","A","MGM",0.5,"red"
"976",20225193,"C","C","MGM",0.5,"red"
"977",20252889,"C","C","MGM",0.5,"red"
"978",20288883,"A","A","MGM",0.5,"red"
"979",20322238,"C","C","MGM",0.5,"red"
"980",20337027,"A","A","MGM",0.5,"red"
"981",20455232,"T","T","MGM",0.5,"red"
"982",20480969,"G","G","MGM",0.5,"red"
"983",22036245,"A","A","MGM",0.5,"red"
"984",22039314,"A","A","MGM",0.5,"red"
"985",22039936,"G","G","MGM",0.5,"red"
"986",22041470,"C","C","MGM",0.5,"red"
"987",22042892,"A","A","MGM",0.5,"red"
"988",22044956,"T","T","MGM",0.5,"red"
"989",22051034,"A","A","MGM",0.5,"red"
"990",22052192,"C","C","MGM",0.5,"red"
"991",22053371,"T","T","MGM",0.5,"red"
"992",22057071,"G","G","MGM",0.5,"red"
"993",22059060,"A","A","MGM",0.5,"red"
"994",22061389,"C","C","MGM",0.5,"red"
"995",22061743,"G","G","MGM",0.5,"red"
"996",22072812,"C","C","MGM",0.5,"red"
"997",22081697,"C","C","MGM",0.5,"red"
"998",22081875,"G","G","MGM",0.5,"red"
"999",22107462,"C","C","MGM",0.5,"red"
"1000",22127735,"G","G","MGM",0.5,"red"
"1001",22129512,"T","T","MGM",0.5,"red"
"1002",22131343,"T","T","MGM",0.5,"red"
"1003",22136878,"C","C","MGM",0.5,"red"
"1004",22147681,"T","T","MGM",0.5,"red"
"1005",22148051,"C","C","MGM",0.5,"red"
"1006",22148179,"A","A","MGM",0.5,"red"
"1007",22170693,"G","G","MGM",0.5,"red"
"1008",22172545,"C","C","MGM",0.5,"red"
"1009",22176574,"A","A","MGM",0.5,"red"
"1010",22177027,"A","A","MGM",0.5,"red"
"1011",22201118,"A","A","MGM",0.5,"red"
"1012",22214394,"C","C","MGM",0.5,"red"
"1013",22216767,"G","G","MGM",0.5,"red"
"1014",22217272,"A","A","MGM",0.5,"red"
"1015",22218102,"C","C","MGM",0.5,"red"
"1016",22221127,"A","A","MGM",0.5,"red"
"1017",22224474,"A","A","MGM",0.5,"red"
"1018",22228334,"G","G","MGM",0.5,"red"
"1019",22230756,"A","A","MGM",0.5,"red"
"1020",22230794,"A","A","MGM",0.5,"red"
"1021",22230975,"T","T","MGM",0.5,"red"
"1022",22234150,"C","C","MGM",0.5,"red"
"1023",22235220,"A","A","MGM",0.5,"red"
"1024",22236812,"T","T","MGM",0.5,"red"
"1025",22239720,"C","C","MGM",0.5,"red"
"1026",22243678,"A","A","MGM",0.5,"red"
"1027",22262846,"A","A","MGM",0.5,"red"
"1028",22263721,"T","T","MGM",0.5,"red"
"1029",22264088,"T","T","MGM",0.5,"red"
"1030",22266890,"A","A","MGM",0.5,"red"
"1031",22267731,"T","T","MGM",0.5,"red"
"1032",22290053,"C","C","MGM",0.5,"red"
"1033",22311104,"T","T","MGM",0.5,"red"
"1034",22313258,"A","A","MGM",0.5,"red"
"1035",22313514,"G","G","MGM",0.5,"red"
"1036",22313767,"A","A","MGM",0.5,"red"
"1037",22315503,"G","G","MGM",0.5,"red"
"1038",22315905,"C","C","MGM",0.5,"red"
"1039",22331055,"G","G","MGM",0.5,"red"
"1040",22335401,"G","G","MGM",0.5,"red"
"1041",22336600,"T","T","MGM",0.5,"red"
"1042",22356692,"T","T","MGM",0.5,"red"
"1043",22375366,"A","A","MGM",0.5,"red"
"1044",22376613,"T","T","MGM",0.5,"red"
"1045",22378251,"A","A","MGM",0.5,"red"
"1046",22388176,"G","G","MGM",0.5,"red"
"1047",22394683,"T","T","MGM",0.5,"red"
"1048",22396227,"C","C","MGM",0.5,"red"
"1049",22397349,"C","C","MGM",0.5,"red"
"1050",22402182,"C","C","MGM",0.5,"red"
"1051",22405206,"A","A","MGM",0.5,"red"
"1052",22431077,"T","T","MGM",0.5,"red"
"1053",22438057,"A","A","MGM",0.5,"red"
"1054",22446599,"C","C","MGM",0.5,"red"
"1055",22449625,"T","T","MGM",0.5,"red"
"1056",22455042,"A","A","MGM",0.5,"red"
"1057",22477903,"C","C","MGM",0.5,"red"
"1058",22483513,"C","C","MGM",0.5,"red"
"1059",22488944,"G","G","MGM",0.5,"red"
"1060",22489045,"T","T","MGM",0.5,"red"
"1061",22489591,"G","G","MGM",0.5,"red"
"1062",22505654,"C","C","MGM",0.5,"red"
"1063",22511686,"A","A","MGM",0.5,"red"
"1064",22515950,"G","G","MGM",0.5,"red"
"1065",22520330,"G","G","MGM",0.5,"red"
"1066",22528621,"C","C","MGM",0.5,"red"
"1067",22535820,"C","C","MGM",0.5,"red"
"1068",22537783,"T","T","MGM",0.5,"red"
"1069",22538570,"A","A","MGM",0.5,"red"
"1070",22540446,"G","G","MGM",0.5,"red"
"1071",22544745,"C","C","MGM",0.5,"red"
"1072",22556261,"G","G","MGM",0.5,"red"
"1073",22563242,"C","C","MGM",0.5,"red"
"1074",22563492,"G","G","MGM",0.5,"red"
"1075",22568002,"C","C","MGM",0.5,"red"
"1076",22574525,"A","A","MGM",0.5,"red"
"1077",22607031,"A","A","MGM",0.5,"red"
"1078",22610266,"G","G","MGM",0.5,"red"
"1079",22613165,"T","T","MGM",0.5,"red"
"1080",22613659,"C","C","MGM",0.5,"red"
"1081",22613672,"T","T","MGM",0.5,"red"
"1082",22616733,"A","A","MGM",0.5,"red"
"1083",22634972,"G","G","MGM",0.5,"red"
"1084",22639093,"T","T","MGM",0.5,"red"
"1085",22643208,"G","G","MGM",0.5,"red"
"1086",22647386,"G","G","MGM",0.5,"red"
"1087",22652927,"T","T","MGM",0.5,"red"
"1088",22653967,"A","A","MGM",0.5,"red"
"1089",22654881,"T","T","MGM",0.5,"red"
"1090",22656818,"A","A","MGM",0.5,"red"
"1091",22659630,"C","C","MGM",0.5,"red"
"1092",22662503,"C","0","MGF",1.5,"blue"
"1093",22667991,"A","A","MGM",0.5,"red"
"1094",22672183,"T","T","MGM",0.5,"red"
"1095",22675028,"C","C","MGM",0.5,"red"
"1096",22684361,"C","C","MGM",0.5,"red"
"1097",22686985,"T","T","MGM",0.5,"red"
"1098",22688577,"C","C","MGM",0.5,"red"
"1099",22692140,"C","C","MGM",0.5,"red"
"1100",22694412,"A","A","MGM",0.5,"red"
"1101",22710118,"C","C","MGM",0.5,"red"
"1102",22716522,"C","C","MGM",0.5,"red"
"1103",22721444,"T","T","MGM",0.5,"red"
"1104",22721802,"T","T","MGM",0.5,"red"
"1105",22734037,"A","A","MGM",0.5,"red"
"1106",22737717,"T","T","MGM",0.5,"red"
"1107",22762092,"T","T","MGM",0.5,"red"
"1108",22762374,"A","A","MGM",0.5,"red"
"1109",22807853,"C","C","MGM",0.5,"red"
"1110",22818110,"A","A","MGM",0.5,"red"
"1111",22820488,"C","C","MGM",0.5,"red"
"1112",22850109,"T","T","MGM",0.5,"red"
"1113",22852146,"T","T","MGM",0.5,"red"
"1114",22903907,"A","A","MGM",0.5,"red"
"1115",22907161,"T","T","MGM",0.5,"red"
"1116",22907952,"C","C","MGM",0.5,"red"
"1117",22909050,"G","G","MGM",0.5,"red"
"1118",22909274,"T","T","MGM",0.5,"red"
"1119",22920234,"A","A","MGM",0.5,"red"
"1120",22922169,"C","C","MGM",0.5,"red"
"1121",22924258,"A","A","MGM",0.5,"red"
"1122",22985273,"T","T","MGM",0.5,"red"
"1123",22987332,"T","T","MGM",0.5,"red"
"1124",22989565,"T","T","MGM",0.5,"red"
"1125",23027455,"G","G","MGM",0.5,"red"
"1126",23035985,"A","A","MGM",0.5,"red"
"1127",23038300,"A","A","MGM",0.5,"red"
"1128",23039623,"C","C","MGM",0.5,"red"
"1129",23039657,"C","C","MGM",0.5,"red"
"1130",23041919,"G","G","MGM",0.5,"red"
"1131",23049094,"A","A","MGM",0.5,"red"
"1132",23056420,"A","A","MGM",0.5,"red"
"1133",23061363,"G","G","MGM",0.5,"red"
"1134",23124787,"A","A","MGM",0.5,"red"
"1135",23130517,"C","C","MGM",0.5,"red"
"1136",23135355,"C","C","MGM",0.5,"red"
"1137",23141262,"C","C","MGM",0.5,"red"
"1138",23143579,"T","T","MGM",0.5,"red"
"1139",23145338,"A","A","MGM",0.5,"red"
"1140",23145780,"A","A","MGM",0.5,"red"
"1141",23157201,"G","G","MGM",0.5,"red"
"1142",23158076,"A","A","MGM",0.5,"red"
"1143",23160637,"T","T","MGM",0.5,"red"
"1144",23170925,"G","G","MGM",0.5,"red"
"1145",23173530,"G","G","MGM",0.5,"red"
"1146",23184388,"C","C","MGM",0.5,"red"
"1147",23188673,"C","C","MGM",0.5,"red"
"1148",23190451,"A","A","MGM",0.5,"red"
"1149",23204141,"A","A","MGM",0.5,"red"
"1150",23206267,"C","C","MGM",0.5,"red"
"1151",23209798,"G","G","MGM",0.5,"red"
"1152",23212809,"C","C","MGM",0.5,"red"
"1153",23214048,"C","C","MGM",0.5,"red"
"1154",23225422,"A","A","MGM",0.5,"red"
"1155",23226092,"C","C","MGM",0.5,"red"
"1156",23233408,"A","A","MGM",0.5,"red"
"1157",23235250,"T","T","MGM",0.5,"red"
"1158",23237052,"T","T","MGM",0.5,"red"
"1159",23244469,"T","T","MGM",0.5,"red"
"1160",23252279,"C","C","MGM",0.5,"red"
"1161",23266391,"T","T","MGM",0.5,"red"
"1162",23281077,"C","C","MGM",0.5,"red"
"1163",23285900,"T","T","MGM",0.5,"red"
"1164",23298612,"A","A","MGM",0.5,"red"
"1165",23303624,"C","C","MGM",0.5,"red"
"1166",23304791,"G","G","MGM",0.5,"red"
"1167",23313842,"T","T","MGM",0.5,"red"
"1168",23315597,"C","C","MGM",0.5,"red"
"1169",23320121,"C","C","MGM",0.5,"red"
"1170",23322193,"T","T","MGM",0.5,"red"
"1171",23323958,"T","T","MGM",0.5,"red"
"1172",23388225,"C","C","MGM",0.5,"red"
"1173",23388671,"A","A","MGM",0.5,"red"
"1174",23389770,"T","T","MGM",0.5,"red"
"1175",23390558,"A","A","MGM",0.5,"red"
"1176",23391183,"G","G","MGM",0.5,"red"
"1177",23392196,"T","T","MGM",0.5,"red"
"1178",23392456,"T","T","MGM",0.5,"red"
"1179",23395608,"T","T","MGM",0.5,"red"
"1180",23403850,"G","G","MGM",0.5,"red"
"1181",23405368,"A","A","MGM",0.5,"red"
"1182",23405681,"G","G","MGM",0.5,"red"
"1183",23407878,"C","C","MGM",0.5,"red"
"1184",23412685,"T","T","MGM",0.5,"red"
"1185",23415889,"A","A","MGM",0.5,"red"
"1186",23425774,"T","T","MGM",0.5,"red"
"1187",23436511,"T","T","MGM",0.5,"red"
"1188",23439457,"C","C","MGM",0.5,"red"
"1189",23448277,"C","C","MGM",0.5,"red"
"1190",23451883,"C","C","MGM",0.5,"red"
"1191",23462881,"T","T","MGM",0.5,"red"
"1192",23480785,"C","C","MGM",0.5,"red"
"1193",23485609,"A","A","MGM",0.5,"red"
"1194",23488180,"C","C","MGM",0.5,"red"
"1195",23495802,"T","T","MGM",0.5,"red"
"1196",23501350,"A","A","MGM",0.5,"red"
"1197",23511493,"A","A","MGM",0.5,"red"
"1198",23511670,"T","T","MGM",0.5,"red"
"1199",23521028,"A","A","MGM",0.5,"red"
"1200",23525464,"A","A","MGM",0.5,"red"
"1201",23533219,"C","C","MGM",0.5,"red"
"1202",23558245,"C","C","MGM",0.5,"red"
"1203",23573229,"T","T","MGM",0.5,"red"
"1204",23598811,"A","A","MGM",0.5,"red"
"1205",23604390,"A","A","MGM",0.5,"red"
"1206",23605312,"T","T","MGM",0.5,"red"
"1207",23606290,"C","C","MGM",0.5,"red"
"1208",23608856,"A","A","MGM",0.5,"red"
"1209",23615791,"A","A","MGM",0.5,"red"
"1210",23615847,"G","G","MGM",0.5,"red"
"1211",23616474,"A","A","MGM",0.5,"red"
"1212",23637116,"G","G","MGM",0.5,"red"
"1213",23641079,"T","T","MGM",0.5,"red"
"1214",23646350,"A","A","MGM",0.5,"red"
"1215",23646565,"T","T","MGM",0.5,"red"
"1216",23661428,"G","G","MGM",0.5,"red"
"1217",23663859,"A","A","MGM",0.5,"red"
"1218",23682318,"A","A","MGM",0.5,"red"
"1219",23684323,"G","G","MGM",0.5,"red"
"1220",23685422,"G","G","MGM",0.5,"red"
"1221",23686187,"T","T","MGM",0.5,"red"
"1222",23689637,"C","C","MGM",0.5,"red"
"1223",23691975,"C","C","MGM",0.5,"red"
"1224",23692165,"G","G","MGM",0.5,"red"
"1225",23700693,"G","G","MGM",0.5,"red"
"1226",23705175,"C","C","MGM",0.5,"red"
"1227",23718098,"A","A","MGM",0.5,"red"
"1228",23723261,"T","T","MGM",0.5,"red"
"1229",23723554,"T","T","MGM",0.5,"red"
"1230",23724984,"A","A","MGM",0.5,"red"
"1231",23729636,"C","C","MGM",0.5,"red"
"1232",23738398,"T","T","MGM",0.5,"red"
"1233",23739857,"A","A","MGM",0.5,"red"
"1234",23742979,"G","G","MGM",0.5,"red"
"1235",23746335,"A","A","MGM",0.5,"red"
"1236",23747060,"T","T","MGM",0.5,"red"
"1237",23752539,"G","G","MGM",0.5,"red"
"1238",23754507,"G","G","MGM",0.5,"red"
"1239",23756929,"G","G","MGM",0.5,"red"
"1240",23759603,"C","C","MGM",0.5,"red"
"1241",23761122,"C","C","MGM",0.5,"red"
"1242",23761537,"T","T","MGM",0.5,"red"
"1243",23764097,"A","A","MGM",0.5,"red"
"1244",23792901,"T","T","MGM",0.5,"red"
"1245",23801311,"C","C","MGM",0.5,"red"
"1246",23806582,"A","A","MGM",0.5,"red"
"1247",23807868,"C","C","MGM",0.5,"red"
"1248",23811075,"T","T","MGM",0.5,"red"
"1249",23811860,"T","T","MGM",0.5,"red"
"1250",23862997,"T","T","MGM",0.5,"red"
"1251",23881792,"G","G","MGM",0.5,"red"
"1252",23898946,"A","A","MGM",0.5,"red"
"1253",23909145,"A","A","MGM",0.5,"red"
"1254",23917323,"T","T","MGM",0.5,"red"
"1255",23927170,"A","A","MGM",0.5,"red"
"1256",23962290,"T","T","MGM",0.5,"red"
"1257",23975876,"G","G","MGM",0.5,"red"
"1258",23998330,"A","A","MGM",0.5,"red"
"1259",24007151,"G","G","MGM",0.5,"red"
"1260",24012381,"T","T","MGM",0.5,"red"
"1261",24039777,"T","T","MGM",0.5,"red"
"1262",24095682,"A","A","MGM",0.5,"red"
"1263",24209009,"C","C","MGM",0.5,"red"
"1264",24295208,"A","A","MGM",0.5,"red"
"1265",24303462,"T","T","MGM",0.5,"red"
"1266",24412114,"C","C","MGM",0.5,"red"
"1267",24426678,"A","A","MGM",0.5,"red"
"1268",24442017,"C","C","MGM",0.5,"red"
"1269",24450686,"A","A","MGM",0.5,"red"
"1270",24453217,"A","A","MGM",0.5,"red"
"1271",24462054,"C","C","MGM",0.5,"red"
"1272",24467647,"T","T","MGM",0.5,"red"
"1273",24468830,"T","T","MGM",0.5,"red"
"1274",24654929,"G","G","MGM",0.5,"red"
"1275",24844699,"C","C","MGM",0.5,"red"
"1276",25046501,"A","A","MGM",0.5,"red"
"1277",25049224,"T","T","MGM",0.5,"red"
"1278",25065676,"A","A","MGM",0.5,"red"
"1279",25067431,"A","A","MGM",0.5,"red"
"1280",25179735,"A","A","MGM",0.5,"red"
"1281",25188693,"A","A","MGM",0.5,"red"
"1282",25214969,"T","T","MGM",0.5,"red"
"1283",25217097,"A","A","MGM",0.5,"red"
"1284",25236931,"T","T","MGM",0.5,"red"
"1285",25264532,"G","G","MGM",0.5,"red"
"1286",25268514,"T","T","MGM",0.5,"red"
"1287",25272638,"T","T","MGM",0.5,"red"
"1288",25292695,"G","G","MGM",0.5,"red"
"1289",25296129,"C","C","MGM",0.5,"red"
"1290",25314722,"T","T","MGM",0.5,"red"
"1291",25375481,"A","A","MGM",0.5,"red"
"1292",25457209,"A","A","MGM",0.5,"red"
"1293",25481791,"C","C","MGM",0.5,"red"
"1294",25532508,"G","G","MGM",0.5,"red"
"1295",25562111,"A","A","MGM",0.5,"red"
"1296",25563140,"T","T","MGM",0.5,"red"
"1297",25572790,"G","G","MGM",0.5,"red"
"1298",25599848,"A","A","MGM",0.5,"red"
"1299",25611047,"C","C","MGM",0.5,"red"
"1300",25676124,"G","G","MGM",0.5,"red"
"1301",25691504,"T","T","MGM",0.5,"red"
"1302",25695652,"G","G","MGM",0.5,"red"
"1303",25696720,"G","G","MGM",0.5,"red"
"1304",25698075,"G","G","MGM",0.5,"red"
"1305",25705214,"A","A","MGM",0.5,"red"
"1306",25717046,"G","G","MGM",0.5,"red"
"1307",25733306,"A","A","MGM",0.5,"red"
"1308",25735888,"C","C","MGM",0.5,"red"
"1309",25736480,"G","G","MGM",0.5,"red"
"1310",25736525,"G","G","MGM",0.5,"red"
"1311",25757851,"C","C","MGM",0.5,"red"
"1312",25765767,"G","G","MGM",0.5,"red"
"1313",25777511,"A","A","MGM",0.5,"red"
"1314",25778365,"A","A","MGM",0.5,"red"
"1315",25778619,"A","A","MGM",0.5,"red"
"1316",25783407,"T","T","MGM",0.5,"red"
"1317",25785364,"G","G","MGM",0.5,"red"
"1318",25814128,"T","T","MGM",0.5,"red"
"1319",25887420,"A","A","MGM",0.5,"red"
"1320",25976804,"A","A","MGM",0.5,"red"
"1321",25977915,"G","G","MGM",0.5,"red"
"1322",25980203,"A","A","MGM",0.5,"red"
"1323",25985424,"T","T","MGM",0.5,"red"
"1324",26021295,"A","A","MGM",0.5,"red"
"1325",26030197,"T","T","MGM",0.5,"red"
"1326",26048337,"G","G","MGM",0.5,"red"
"1327",26053576,"C","C","MGM",0.5,"red"
"1328",26070351,"C","C","MGM",0.5,"red"
"1329",26070641,"T","T","MGM",0.5,"red"
"1330",26074252,"T","T","MGM",0.5,"red"
"1331",27030478,"G","G","MGM",0.5,"red"
"1332",27049223,"G","G","MGM",0.5,"red"
"1333",27054865,"A","A","MGM",0.5,"red"
"1334",27055482,"G","G","MGM",0.5,"red"
"1335",27057762,"T","T","MGM",0.5,"red"
"1336",27075295,"A","A","MGM",0.5,"red"
"1337",27080957,"C","0","MGF",1.5,"blue"
"1338",27089516,"G","G","MGM",0.5,"red"
"1339",27109578,"A","A","MGM",0.5,"red"
"1340",27133302,"T","T","MGM",0.5,"red"
"1341",27164505,"T","T","MGM",0.5,"red"
"1342",27275137,"T","T","MGM",0.5,"red"
"1343",27301960,"T","T","MGM",0.5,"red"
"1344",27316742,"T","T","MGM",0.5,"red"
"1345",27435308,"G","G","MGM",0.5,"red"
"1346",27455933,"G","G","MGM",0.5,"red"
"1347",27459662,"A","A","MGM",0.5,"red"
"1348",27474254,"T","T","MGM",0.5,"red"
"1349",27493398,"G","G","MGM",0.5,"red"
"1350",27509792,"A","A","MGM",0.5,"red"
"1351",27515251,"G","G","MGM",0.5,"red"
"1352",27555758,"A","A","MGM",0.5,"red"
"1353",27563137,"A","A","MGM",0.5,"red"
"1354",27598361,"C","C","MGM",0.5,"red"
"1355",27601059,"C","C","MGM",0.5,"red"
"1356",27625756,"C","C","MGM",0.5,"red"
"1357",27670645,"C","C","MGM",0.5,"red"
"1358",27699138,"A","A","MGM",0.5,"red"
"1359",27710227,"A","A","MGM",0.5,"red"
"1360",27734720,"C","C","MGM",0.5,"red"
"1361",27746418,"C","C","MGM",0.5,"red"
"1362",27758574,"A","A","MGM",0.5,"red"
"1363",27758791,"C","C","MGM",0.5,"red"
"1364",27766045,"A","A","MGM",0.5,"red"
"1365",27795520,"C","C","MGM",0.5,"red"
"1366",27814993,"C","C","MGM",0.5,"red"
"1367",27822140,"T","T","MGM",0.5,"red"
"1368",27830391,"A","A","MGM",0.5,"red"
"1369",27839572,"T","T","MGM",0.5,"red"
"1370",27839617,"G","G","MGM",0.5,"red"
"1371",27842946,"A","A","MGM",0.5,"red"
"1372",27860422,"T","T","MGM",0.5,"red"
"1373",27894761,"A","A","MGM",0.5,"red"
"1374",27919263,"G","G","MGM",0.5,"red"
"1375",27929532,"G","G","MGM",0.5,"red"
"1376",27941903,"T","T","MGM",0.5,"red"
"1377",27944698,"G","G","MGM",0.5,"red"
"1378",27949685,"T","T","MGM",0.5,"red"
"1379",27960693,"C","C","MGM",0.5,"red"
"1380",27968705,"T","T","MGM",0.5,"red"
"1381",27991531,"G","G","MGM",0.5,"red"
"1382",28008484,"G","G","MGM",0.5,"red"
"1383",28021976,"C","C","MGM",0.5,"red"
"1384",28024253,"C","C","MGM",0.5,"red"
"1385",28027930,"A","A","MGM",0.5,"red"
"1386",28255762,"T","T","MGM",0.5,"red"
"1387",28284470,"T","T","MGM",0.5,"red"
"1388",28296890,"C","C","MGM",0.5,"red"
"1389",28297778,"A","A","MGM",0.5,"red"
"1390",28385022,"A","A","MGM",0.5,"red"
"1391",28433309,"C","C","MGM",0.5,"red"
"1392",28555111,"T","T","MGM",0.5,"red"
"1393",28560344,"C","C","MGM",0.5,"red"
"1394",28561146,"T","T","MGM",0.5,"red"
"1395",28562888,"T","T","MGM",0.5,"red"
"1396",28566741,"A","A","MGM",0.5,"red"
"1397",28611166,"C","C","MGM",0.5,"red"
"1398",28647631,"C","C","MGM",0.5,"red"
"1399",28898814,"G","G","MGM",0.5,"red"
"1400",28900028,"G","G","MGM",0.5,"red"
"1401",28907902,"A","A","MGM",0.5,"red"
"1402",28916330,"T","T","MGM",0.5,"red"
"1403",28922327,"T","T","MGM",0.5,"red"
"1404",28964724,"G","G","MGM",0.5,"red"
"1405",28983010,"A","A","MGM",0.5,"red"
"1406",28994279,"G","G","MGM",0.5,"red"
"1407",28999802,"A","A","MGM",0.5,"red"
"1408",29015651,"A","A","MGM",0.5,"red"
"1409",29037804,"C","C","MGM",0.5,"red"
"1410",29050579,"A","A","MGM",0.5,"red"
"1411",29064960,"T","T","MGM",0.5,"red"
"1412",29065510,"G","G","MGM",0.5,"red"
"1413",29085310,"A","A","MGM",0.5,"red"
"1414",29092560,"T","T","MGM",0.5,"red"
"1415",29094553,"A","A","MGM",0.5,"red"
"1416",29149024,"T","T","MGM",0.5,"red"
"1417",29149454,"T","T","MGM",0.5,"red"
"1418",29167809,"G","G","MGM",0.5,"red"
"1419",29171443,"G","G","MGM",0.5,"red"
"1420",29174779,"A","A","MGM",0.5,"red"
"1421",29193287,"A","A","MGM",0.5,"red"
"1422",29214597,"T","T","MGM",0.5,"red"
"1423",29359039,"G","G","MGM",0.5,"red"
"1424",29575090,"C","C","MGM",0.5,"red"
"1425",29594703,"A","A","MGM",0.5,"red"
"1426",29596864,"T","T","MGM",0.5,"red"
"1427",29596999,"C","C","MGM",0.5,"red"
"1428",29602016,"A","A","MGM",0.5,"red"
"1429",29638278,"C","C","MGM",0.5,"red"
"1430",29640818,"A","A","MGM",0.5,"red"
"1431",29648021,"G","G","MGM",0.5,"red"
"1432",29683814,"A","A","MGM",0.5,"red"
"1433",29700567,"A","A","MGM",0.5,"red"
"1434",29704536,"A","A","MGM",0.5,"red"
"1435",29708101,"C","C","MGM",0.5,"red"
"1436",29708619,"G","G","MGM",0.5,"red"
"1437",29713438,"G","G","MGM",0.5,"red"
"1438",29720587,"T","T","MGM",0.5,"red"
"1439",29731473,"T","T","MGM",0.5,"red"
"1440",29742809,"C","C","MGM",0.5,"red"
"1441",29746541,"T","T","MGM",0.5,"red"
"1442",29750572,"T","T","MGM",0.5,"red"
"1443",29762477,"A","A","MGM",0.5,"red"
"1444",29766065,"A","A","MGM",0.5,"red"
"1445",29766202,"A","A","MGM",0.5,"red"
"1446",29774034,"T","T","MGM",0.5,"red"
"1447",29775681,"G","G","MGM",0.5,"red"
"1448",29781715,"C","C","MGM",0.5,"red"
"1449",29795584,"G","G","MGM",0.5,"red"
"1450",29799184,"T","T","MGM",0.5,"red"
"1451",29812048,"C","C","MGM",0.5,"red"
"1452",29903106,"G","G","MGM",0.5,"red"
"1453",29903337,"T","T","MGM",0.5,"red"
"1454",29903495,"C","C","MGM",0.5,"red"
"1455",29920545,"C","C","MGM",0.5,"red"
"1456",30119777,"G","G","MGM",0.5,"red"
"1457",30301241,"G","G","MGM",0.5,"red"
"1458",30303094,"G","G","MGM",0.5,"red"
"1459",30303792,"G","G","MGM",0.5,"red"
"1460",30304340,"C","C","MGM",0.5,"red"
"1461",30304912,"T","T","MGM",0.5,"red"
"1462",30305868,"G","G","MGM",0.5,"red"
"1463",30311439,"A","A","MGM",0.5,"red"
"1464",30314703,"G","G","MGM",0.5,"red"
"1465",30318375,"A","A","MGM",0.5,"red"
"1466",30339327,"T","T","MGM",0.5,"red"
"1467",30366017,"C","C","MGM",0.5,"red"
"1468",30388987,"G","G","MGM",0.5,"red"
"1469",30389983,"G","G","MGM",0.5,"red"
"1470",30393146,"C","C","MGM",0.5,"red"
"1471",30402866,"T","T","MGM",0.5,"red"
"1472",30403469,"A","A","MGM",0.5,"red"
"1473",30411673,"T","T","MGM",0.5,"red"
"1474",30417268,"G","G","MGM",0.5,"red"
"1475",30426965,"C","0","MGF",1.5,"blue"
"1476",30436207,"A","A","MGM",0.5,"red"
"1477",30480725,"C","C","MGM",0.5,"red"
"1478",30485006,"G","G","MGM",0.5,"red"
"1479",30487624,"C","C","MGM",0.5,"red"
"1480",30508123,"C","C","MGM",0.5,"red"
"1481",30521432,"A","A","MGM",0.5,"red"
"1482",30532864,"G","G","MGM",0.5,"red"
"1483",30546057,"T","T","MGM",0.5,"red"
"1484",30546430,"C","C","MGM",0.5,"red"
"1485",30553463,"T","T","MGM",0.5,"red"
"1486",30553613,"T","T","MGM",0.5,"red"
"1487",30568572,"C","C","MGM",0.5,"red"
"1488",30573733,"G","G","MGM",0.5,"red"
"1489",30577224,"C","C","MGM",0.5,"red"
"1490",30577846,"A","A","MGM",0.5,"red"
"1491",30579371,"A","A","MGM",0.5,"red"
"1492",30579655,"A","A","MGM",0.5,"red"
"1493",30580072,"C","C","MGM",0.5,"red"
"1494",30582152,"A","A","MGM",0.5,"red"
"1495",30585731,"T","T","MGM",0.5,"red"
"1496",30586843,"T","T","MGM",0.5,"red"
"1497",30592925,"A","A","MGM",0.5,"red"
"1498",30622922,"T","T","MGM",0.5,"red"
"1499",30638323,"G","G","MGM",0.5,"red"
"1500",30643333,"G","G","MGM",0.5,"red"
"1501",30654851,"T","T","MGM",0.5,"red"
"1502",30655139,"A","A","MGM",0.5,"red"
"1503",30684771,"T","T","MGM",0.5,"red"
"1504",30686724,"A","A","MGM",0.5,"red"
"1505",30691653,"A","A","MGM",0.5,"red"
"1506",30707884,"A","A","MGM",0.5,"red"
"1507",30721628,"A","A","MGM",0.5,"red"
"1508",30729342,"G","G","MGM",0.5,"red"
"1509",30740512,"A","A","MGM",0.5,"red"
"1510",30749142,"G","G","MGM",0.5,"red"
"1511",30758654,"G","G","MGM",0.5,"red"
"1512",30765353,"T","T","MGM",0.5,"red"
"1513",30790814,"G","G","MGM",0.5,"red"
"1514",30829344,"C","C","MGM",0.5,"red"
"1515",30849176,"A","A","MGM",0.5,"red"
"1516",30861680,"T","T","MGM",0.5,"red"
"1517",30869496,"C","C","MGM",0.5,"red"
"1518",30896320,"C","C","MGM",0.5,"red"
"1519",30908845,"G","G","MGM",0.5,"red"
"1520",30914498,"T","T","MGM",0.5,"red"
"1521",30928302,"A","A","MGM",0.5,"red"
"1522",30930396,"C","C","MGM",0.5,"red"
"1523",30969644,"G","G","MGM",0.5,"red"
"1524",30975047,"C","C","MGM",0.5,"red"
"1525",30978304,"T","T","MGM",0.5,"red"
"1526",31033499,"A","A","MGM",0.5,"red"
"1527",31102951,"G","G","MGM",0.5,"red"
"1528",31198204,"A","A","MGM",0.5,"red"
"1529",31199428,"G","G","MGM",0.5,"red"
"1530",31199539,"G","G","MGM",0.5,"red"
"1531",31225070,"T","T","MGM",0.5,"red"
"1532",31259670,"T","T","MGM",0.5,"red"
"1533",31270444,"A","A","MGM",0.5,"red"
"1534",31277151,"T","T","MGM",0.5,"red"
"1535",31279271,"C","C","MGM",0.5,"red"
"1536",31288340,"T","T","MGM",0.5,"red"
"1537",31289217,"C","C","MGM",0.5,"red"
"1538",31289621,"T","T","MGM",0.5,"red"
"1539",31290566,"C","C","MGM",0.5,"red"
"1540",31300162,"A","A","MGM",0.5,"red"
"1541",31305751,"C","C","MGM",0.5,"red"
"1542",31309350,"T","T","MGM",0.5,"red"
"1543",31310822,"T","T","MGM",0.5,"red"
"1544",31316101,"G","G","MGM",0.5,"red"
"1545",31326597,"G","G","MGM",0.5,"red"
"1546",31336410,"A","A","MGM",0.5,"red"
"1547",31340331,"G","G","MGM",0.5,"red"
"1548",31346341,"A","A","MGM",0.5,"red"
"1549",31348666,"T","T","MGM",0.5,"red"
"1550",31350331,"T","T","MGM",0.5,"red"
"1551",31352009,"T","T","MGM",0.5,"red"
"1552",31361290,"A","A","MGM",0.5,"red"
"1553",31362374,"G","G","MGM",0.5,"red"
"1554",31366484,"A","A","MGM",0.5,"red"
"1555",31368634,"C","C","MGM",0.5,"red"
"1556",31370516,"G","G","MGM",0.5,"red"
"1557",31382037,"T","T","MGM",0.5,"red"
"1558",31383272,"C","C","MGM",0.5,"red"
"1559",31385559,"C","C","MGM",0.5,"red"
"1560",31387301,"C","C","MGM",0.5,"red"
"1561",31387752,"C","C","MGM",0.5,"red"
"1562",31422419,"T","T","MGM",0.5,"red"
"1563",31454071,"A","A","MGM",0.5,"red"
"1564",31460137,"C","C","MGM",0.5,"red"
"1565",31460721,"C","C","MGM",0.5,"red"
"1566",31460975,"G","G","MGM",0.5,"red"
"1567",31473928,"C","C","MGM",0.5,"red"
"1568",31481840,"T","T","MGM",0.5,"red"
"1569",31492256,"T","T","MGM",0.5,"red"
"1570",31495763,"A","A","MGM",0.5,"red"
"1571",31496350,"C","C","MGM",0.5,"red"
"1572",31496891,"G","G","MGM",0.5,"red"
"1573",31514227,"T","T","MGM",0.5,"red"
"1574",31515348,"A","A","MGM",0.5,"red"
"1575",31524976,"G","G","MGM",0.5,"red"
"1576",31526200,"C","C","MGM",0.5,"red"
"1577",31526639,"C","C","MGM",0.5,"red"
"1578",31527179,"T","T","MGM",0.5,"red"
"1579",31527555,"T","T","MGM",0.5,"red"
"1580",31538105,"A","A","MGM",0.5,"red"
"1581",31564264,"G","G","MGM",0.5,"red"
"1582",31589214,"A","A","MGM",0.5,"red"
"1583",31602837,"G","G","MGM",0.5,"red"
"1584",31620838,"C","C","MGM",0.5,"red"
"1585",31621669,"G","G","MGM",0.5,"red"
"1586",31632103,"T","T","MGM",0.5,"red"
"1587",31634092,"G","G","MGM",0.5,"red"
"1588",31647841,"C","C","MGM",0.5,"red"
"1589",31664815,"T","T","MGM",0.5,"red"
"1590",31669448,"T","T","MGM",0.5,"red"
"1591",31678423,"G","G","MGM",0.5,"red"
"1592",31696019,"T","T","MGM",0.5,"red"
"1593",31696892,"G","G","MGM",0.5,"red"
"1594",31701499,"A","A","MGM",0.5,"red"
"1595",31725847,"A","A","MGM",0.5,"red"
"1596",31729978,"T","T","MGM",0.5,"red"
"1597",31737563,"T","T","MGM",0.5,"red"
"1598",31742246,"C","C","MGM",0.5,"red"
"1599",31743320,"C","C","MGM",0.5,"red"
"1600",31749463,"G","G","MGM",0.5,"red"
"1601",31752869,"C","C","MGM",0.5,"red"
"1602",31753997,"A","A","MGM",0.5,"red"
"1603",31764087,"C","C","MGM",0.5,"red"
"1604",31766959,"C","C","MGM",0.5,"red"
"1605",31774258,"G","G","MGM",0.5,"red"
"1606",31799438,"G","G","MGM",0.5,"red"
"1607",31812953,"T","T","MGM",0.5,"red"
"1608",31843230,"A","A","MGM",0.5,"red"
"1609",31843791,"T","T","MGM",0.5,"red"
"1610",31845032,"T","T","MGM",0.5,"red"
"1611",31848300,"A","A","MGM",0.5,"red"
"1612",31854209,"T","T","MGM",0.5,"red"
"1613",31863313,"C","C","MGM",0.5,"red"
"1614",31868578,"T","T","MGM",0.5,"red"
"1615",31868633,"G","G","MGM",0.5,"red"
"1616",31872894,"C","C","MGM",0.5,"red"
"1617",31877239,"A","A","MGM",0.5,"red"
"1618",31877930,"G","G","MGM",0.5,"red"
"1619",31878037,"G","G","MGM",0.5,"red"
"1620",31879397,"A","A","MGM",0.5,"red"
"1621",31890643,"A","A","MGM",0.5,"red"
"1622",31890974,"T","T","MGM",0.5,"red"
"1623",31896408,"C","C","MGM",0.5,"red"
"1624",31907035,"C","C","MGM",0.5,"red"
"1625",31921762,"C","C","MGM",0.5,"red"
"1626",31989577,"A","A","MGM",0.5,"red"
"1627",31990725,"G","G","MGM",0.5,"red"
"1628",32001774,"C","C","MGM",0.5,"red"
"1629",32014860,"A","A","MGM",0.5,"red"
"1630",32034270,"T","T","MGM",0.5,"red"
"1631",32043087,"T","T","MGM",0.5,"red"
"1632",32049406,"A","A","MGM",0.5,"red"
"1633",32050015,"G","G","MGM",0.5,"red"
"1634",32053972,"A","A","MGM",0.5,"red"
"1635",32059767,"C","C","MGM",0.5,"red"
"1636",32063110,"A","A","MGM",0.5,"red"
"1637",32071272,"C","C","MGM",0.5,"red"
"1638",32079954,"G","G","MGM",0.5,"red"
"1639",32081691,"G","G","MGM",0.5,"red"
"1640",32083312,"G","0","MGF",1.5,"blue"
"1641",32085670,"C","C","MGM",0.5,"red"
"1642",32087054,"G","G","MGM",0.5,"red"
"1643",32088547,"A","A","MGM",0.5,"red"
"1644",32088576,"C","C","MGM",0.5,"red"
"1645",32093078,"C","C","MGM",0.5,"red"
"1646",32102726,"T","T","MGM",0.5,"red"
"1647",32102807,"T","T","MGM",0.5,"red"
"1648",32111579,"C","C","MGM",0.5,"red"
"1649",32113561,"A","A","MGM",0.5,"red"
"1650",32116068,"C","C","MGM",0.5,"red"
"1651",32129200,"G","G","MGM",0.5,"red"
"1652",32172371,"T","T","MGM",0.5,"red"
"1653",32173896,"T","T","MGM",0.5,"red"
"1654",32174704,"A","A","MGM",0.5,"red"
"1655",32190697,"T","T","MGM",0.5,"red"
"1656",32192994,"T","T","MGM",0.5,"red"
"1657",32198190,"T","T","MGM",0.5,"red"
"1658",32202688,"T","T","MGM",0.5,"red"
"1659",32206983,"T","T","MGM",0.5,"red"
"1660",32210842,"T","T","MGM",0.5,"red"
"1661",32221493,"C","C","MGM",0.5,"red"
"1662",32291984,"T","T","MGM",0.5,"red"
"1663",32294754,"C","C","MGM",0.5,"red"
"1664",32298707,"T","T","MGM",0.5,"red"
"1665",32303121,"A","A","MGM",0.5,"red"
"1666",32304400,"G","G","MGM",0.5,"red"
"1667",32311697,"C","C","MGM",0.5,"red"
"1668",32324061,"T","T","MGM",0.5,"red"
"1669",32325765,"T","T","MGM",0.5,"red"
"1670",32327486,"T","T","MGM",0.5,"red"
"1671",32327527,"C","C","MGM",0.5,"red"
"1672",32328572,"T","T","MGM",0.5,"red"
"1673",32329083,"C","C","MGM",0.5,"red"
"1674",32337111,"C","C","MGM",0.5,"red"
"1675",32350713,"A","A","MGM",0.5,"red"
"1676",32352246,"C","C","MGM",0.5,"red"
"1677",32358308,"T","T","MGM",0.5,"red"
"1678",32359555,"A","A","MGM",0.5,"red"
"1679",32361033,"C","C","MGM",0.5,"red"
"1680",32363204,"C","C","MGM",0.5,"red"
"1681",32364897,"G","G","MGM",0.5,"red"
"1682",32365827,"A","A","MGM",0.5,"red"
"1683",32376945,"A","A","MGM",0.5,"red"
"1684",32378219,"A","A","MGM",0.5,"red"
"1685",32380423,"C","C","MGM",0.5,"red"
"1686",32399167,"A","A","MGM",0.5,"red"
"1687",32400242,"C","C","MGM",0.5,"red"
"1688",32412214,"A","A","MGM",0.5,"red"
"1689",32415374,"G","G","MGM",0.5,"red"
"1690",32427989,"C","C","MGM",0.5,"red"
"1691",32439579,"C","C","MGM",0.5,"red"
"1692",32439812,"T","T","MGM",0.5,"red"
"1693",32447855,"A","A","MGM",0.5,"red"
"1694",32450505,"C","C","MGM",0.5,"red"
"1695",32459169,"G","G","MGM",0.5,"red"
"1696",32464706,"A","A","MGM",0.5,"red"
"1697",32480290,"A","A","MGM",0.5,"red"
"1698",32503194,"T","T","MGM",0.5,"red"
"1699",32506001,"G","G","MGM",0.5,"red"
"1700",32540070,"G","G","MGM",0.5,"red"
"1701",32548448,"G","G","MGM",0.5,"red"
"1702",32552681,"T","T","MGM",0.5,"red"
"1703",32556252,"C","C","MGM",0.5,"red"
"1704",32559994,"G","G","MGM",0.5,"red"
"1705",32560234,"A","A","MGM",0.5,"red"
"1706",32561536,"T","T","MGM",0.5,"red"
"1707",32563054,"T","T","MGM",0.5,"red"
"1708",32563263,"G","G","MGM",0.5,"red"
"1709",32564516,"A","A","MGM",0.5,"red"
"1710",32564698,"C","C","MGM",0.5,"red"
"1711",32565490,"G","G","MGM",0.5,"red"
"1712",32568157,"A","A","MGM",0.5,"red"
"1713",32571372,"T","T","MGM",0.5,"red"
"1714",32580579,"T","T","MGM",0.5,"red"
"1715",32580914,"G","G","MGM",0.5,"red"
"1716",32582405,"A","A","MGM",0.5,"red"
"1717",32582581,"G","G","MGM",0.5,"red"
"1718",32788188,"A","A","MGM",0.5,"red"
"1719",32788350,"A","A","MGM",0.5,"red"
"1720",32788567,"A","A","MGM",0.5,"red"
"1721",32806365,"G","G","MGM",0.5,"red"
"1722",32808834,"T","T","MGM",0.5,"red"
"1723",32830859,"C","C","MGM",0.5,"red"
"1724",32842232,"T","T","MGM",0.5,"red"
"1725",32850589,"A","A","MGM",0.5,"red"
"1726",32850953,"T","T","MGM",0.5,"red"
"1727",32853265,"T","T","MGM",0.5,"red"
"1728",32860021,"A","A","MGM",0.5,"red"
"1729",32860284,"T","T","MGM",0.5,"red"
"1730",32868070,"T","T","MGM",0.5,"red"
"1731",32883367,"C","C","MGM",0.5,"red"
"1732",32892555,"T","T","MGM",0.5,"red"
"1733",32892823,"T","T","MGM",0.5,"red"
"1734",32893822,"A","A","MGM",0.5,"red"
"1735",32902312,"T","T","MGM",0.5,"red"
"1736",32920081,"A","A","MGM",0.5,"red"
"1737",32922249,"G","G","MGM",0.5,"red"
"1738",32930696,"G","G","MGM",0.5,"red"
"1739",32930892,"T","T","MGM",0.5,"red"
"1740",32931528,"G","G","MGM",0.5,"red"
"1741",33050064,"G","G","MGM",0.5,"red"
"1742",33051054,"G","G","MGM",0.5,"red"
"1743",33053745,"T","T","MGM",0.5,"red"
"1744",33055625,"A","A","MGM",0.5,"red"
"1745",33062069,"A","A","MGM",0.5,"red"
"1746",33063642,"A","A","MGM",0.5,"red"
"1747",33067359,"C","C","MGM",0.5,"red"
"1748",33071898,"A","A","MGM",0.5,"red"
"1749",33074388,"C","C","MGM",0.5,"red"
"1750",33077906,"T","T","MGM",0.5,"red"
"1751",33078994,"C","C","MGM",0.5,"red"
"1752",33081094,"C","C","MGM",0.5,"red"
"1753",33085628,"T","T","MGM",0.5,"red"
"1754",33087356,"G","G","MGM",0.5,"red"
"1755",33093967,"A","A","MGM",0.5,"red"
"1756",33113647,"C","C","MGM",0.5,"red"
"1757",33114553,"A","A","MGM",0.5,"red"
"1758",33115144,"A","A","MGM",0.5,"red"
"1759",33115576,"C","C","MGM",0.5,"red"
"1760",33116211,"C","C","MGM",0.5,"red"
"1761",33119092,"G","G","MGM",0.5,"red"
"1762",33125527,"C","C","MGM",0.5,"red"
"1763",33129493,"C","C","MGM",0.5,"red"
"1764",33136085,"T","T","MGM",0.5,"red"
"1765",33136164,"C","C","MGM",0.5,"red"
"1766",33150918,"T","T","MGM",0.5,"red"
"1767",33153052,"C","C","MGM",0.5,"red"
"1768",33367420,"T","T","MGM",0.5,"red"
"1769",33369345,"C","C","MGM",0.5,"red"
"1770",33374322,"C","C","MGM",0.5,"red"
"1771",33392266,"G","G","MGM",0.5,"red"
"1772",33393169,"T","T","MGM",0.5,"red"
"1773",33537226,"G","G","MGM",0.5,"red"
"1774",33746304,"C","C","MGM",0.5,"red"
"1775",33758386,"G","G","MGM",0.5,"red"
"1776",33762941,"A","A","MGM",0.5,"red"
"1777",33802650,"T","T","MGM",0.5,"red"
"1778",33814574,"C","C","MGM",0.5,"red"
"1779",33848907,"A","A","MGM",0.5,"red"
"1780",33862700,"G","G","MGM",0.5,"red"
"1781",33865440,"T","T","MGM",0.5,"red"
"1782",33868149,"T","T","MGM",0.5,"red"
"1783",33881005,"T","T","MGM",0.5,"red"
"1784",33896858,"G","G","MGM",0.5,"red"
"1785",33907379,"C","C","MGM",0.5,"red"
"1786",34447654,"G","G","MGM",0.5,"red"
"1787",34450552,"G","G","MGM",0.5,"red"
"1788",34450846,"C","C","MGM",0.5,"red"
"1789",34457927,"G","G","MGM",0.5,"red"
"1790",34473939,"A","A","MGM",0.5,"red"
"1791",34474055,"T","T","MGM",0.5,"red"
"1792",34492536,"C","C","MGM",0.5,"red"
"1793",34520076,"T","T","MGM",0.5,"red"
"1794",34521691,"C","C","MGM",0.5,"red"
"1795",34529133,"G","G","MGM",0.5,"red"
"1796",34748579,"T","T","MGM",0.5,"red"
"1797",34903172,"A","A","MGM",0.5,"red"
"1798",34903751,"C","C","MGM",0.5,"red"
"1799",34986964,"T","T","MGM",0.5,"red"
"1800",34991331,"T","T","MGM",0.5,"red"
"1801",34994085,"C","C","MGM",0.5,"red"
"1802",35019421,"T","T","MGM",0.5,"red"
"1803",35630680,"G","G","MGM",0.5,"red"
"1804",35659438,"A","A","MGM",0.5,"red"
"1805",35678042,"C","C","MGM",0.5,"red"
"1806",35703982,"T","T","MGM",0.5,"red"
"1807",36679073,"A","A","MGM",0.5,"red"
"1808",36679253,"G","G","MGM",0.5,"red"
"1809",36726429,"G","G","MGM",0.5,"red"
"1810",36727425,"A","A","MGM",0.5,"red"
"1811",36740639,"T","T","MGM",0.5,"red"
"1812",36740958,"T","T","MGM",0.5,"red"
"1813",37694898,"T","T","MGM",0.5,"red"
"1814",37806453,"G","G","MGM",0.5,"red"
"1815",37808542,"G","G","MGM",0.5,"red"
"1816",37812321,"T","T","MGM",0.5,"red"
"1817",37825640,"C","C","MGM",0.5,"red"
"1818",37855918,"C","C","MGM",0.5,"red"
"1819",37874925,"G","G","MGM",0.5,"red"
"1820",37879992,"A","A","MGM",0.5,"red"
"1821",37910066,"G","G","MGM",0.5,"red"
"1822",37912275,"G","G","MGM",0.5,"red"
"1823",37916568,"A","A","MGM",0.5,"red"
"1824",37920962,"C","C","MGM",0.5,"red"
"1825",37931836,"T","T","MGM",0.5,"red"
"1826",37941280,"C","C","MGM",0.5,"red"
"1827",37941731,"T","T","MGM",0.5,"red"
"1828",37948832,"A","A","MGM",0.5,"red"
"1829",37965431,"C","C","MGM",0.5,"red"
"1830",37979456,"C","C","MGM",0.5,"red"
"1831",37979767,"A","A","MGM",0.5,"red"
"1832",37984320,"A","A","MGM",0.5,"red"
"1833",37986837,"C","C","MGM",0.5,"red"
"1834",38017271,"A","A","MGM",0.5,"red"
"1835",38019863,"T","T","MGM",0.5,"red"
"1836",38020288,"A","A","MGM",0.5,"red"
"1837",38022257,"T","T","MGM",0.5,"red"
"1838",38028526,"T","T","MGM",0.5,"red"
"1839",38036934,"T","T","MGM",0.5,"red"
"1840",38069249,"C","C","MGM",0.5,"red"
"1841",38076034,"C","C","MGM",0.5,"red"
"1842",38077757,"C","C","MGM",0.5,"red"
"1843",38093868,"T","T","MGM",0.5,"red"
"1844",38098724,"A","A","MGM",0.5,"red"
"1845",38113997,"A","A","MGM",0.5,"red"
"1846",38116805,"T","T","MGM",0.5,"red"
"1847",38122907,"A","A","MGM",0.5,"red"
"1848",38163418,"G","G","MGM",0.5,"red"
"1849",38170575,"T","T","MGM",0.5,"red"
"1850",38171761,"T","T","MGM",0.5,"red"
"1851",38176261,"C","C","MGM",0.5,"red"
"1852",38187587,"T","T","MGM",0.5,"red"
"1853",38198547,"A","A","MGM",0.5,"red"
"1854",38209110,"C","C","MGM",0.5,"red"
"1855",38209242,"T","T","MGM",0.5,"red"
"1856",38209897,"T","T","MGM",0.5,"red"
"1857",38230704,"A","A","MGM",0.5,"red"
"1858",38232213,"A","A","MGM",0.5,"red"
"1859",38239841,"G","G","MGM",0.5,"red"
"1860",38260815,"A","A","MGM",0.5,"red"
"1861",38261738,"T","T","MGM",0.5,"red"
"1862",38262808,"A","A","MGM",0.5,"red"
"1863",38267775,"A","A","MGM",0.5,"red"
"1864",38282255,"C","C","MGM",0.5,"red"
"1865",38297157,"C","C","MGM",0.5,"red"
"1866",38298928,"G","G","MGM",0.5,"red"
"1867",38302262,"0","C","MGF",1.5,"blue"
"1868",38308790,"A","A","MGM",0.5,"red"
"1869",38389724,"G","G","MGM",0.5,"red"
"1870",38461527,"G","G","MGM",0.5,"red"
"1871",38526415,"C","C","MGM",0.5,"red"
"1872",38531478,"G","G","MGM",0.5,"red"
"1873",38534664,"A","A","MGM",0.5,"red"
"1874",38541235,"C","C","MGM",0.5,"red"
"1875",38547308,"A","A","MGM",0.5,"red"
"1876",38547862,"A","A","MGM",0.5,"red"
"1877",38557085,"G","G","MGM",0.5,"red"
"1878",38561893,"T","T","MGM",0.5,"red"
"1879",38577270,"A","A","MGM",0.5,"red"
"1880",38613825,"C","C","MGM",0.5,"red"
"1881",38615116,"A","A","MGM",0.5,"red"
"1882",38615759,"G","G","MGM",0.5,"red"
"1883",38624791,"T","T","MGM",0.5,"red"
"1884",38628467,"G","G","MGM",0.5,"red"
"1885",38639856,"C","C","MGM",0.5,"red"
"1886",38645536,"G","G","MGM",0.5,"red"
"1887",38651901,"G","G","MGM",0.5,"red"
"1888",38659681,"C","C","MGM",0.5,"red"
"1889",38691586,"G","G","MGM",0.5,"red"
"1890",38692505,"G","G","MGM",0.5,"red"
"1891",38699743,"A","A","MGM",0.5,"red"
"1892",38703277,"T","T","MGM",0.5,"red"
"1893",38704604,"T","T","MGM",0.5,"red"
"1894",38725672,"C","C","MGM",0.5,"red"
"1895",38726438,"T","T","MGM",0.5,"red"
"1896",38762817,"G","G","MGM",0.5,"red"
"1897",38767675,"G","G","MGM",0.5,"red"
"1898",38786847,"G","G","MGM",0.5,"red"
"1899",38798567,"G","G","MGM",0.5,"red"
"1900",38843505,"A","A","MGM",0.5,"red"
"1901",38844852,"C","C","MGM",0.5,"red"
"1902",38850863,"G","G","MGM",0.5,"red"
"1903",38861559,"G","G","MGM",0.5,"red"
"1904",38973645,"C","C","MGM",0.5,"red"
"1905",39258730,"G","G","MGM",0.5,"red"
"1906",39289071,"A","A","MGM",0.5,"red"
"1907",39290256,"A","A","MGM",0.5,"red"
"1908",39321429,"A","A","MGM",0.5,"red"
"1909",39334266,"A","A","MGM",0.5,"red"
"1910",39345412,"C","C","MGM",0.5,"red"
"1911",39363581,"C","C","MGM",0.5,"red"
"1912",39371271,"C","C","MGM",0.5,"red"
"1913",39372519,"T","T","MGM",0.5,"red"
"1914",39385048,"A","A","MGM",0.5,"red"
"1915",39399072,"T","T","MGM",0.5,"red"
"1916",39409188,"G","G","MGM",0.5,"red"
"1917",39417662,"T","T","MGM",0.5,"red"
"1918",39436802,"G","G","MGM",0.5,"red"
"1919",39437541,"G","G","MGM",0.5,"red"
"1920",39441821,"A","A","MGM",0.5,"red"
"1921",39459247,"C","C","MGM",0.5,"red"
"1922",39549747,"T","T","MGM",0.5,"red"
"1923",39559303,"T","T","MGM",0.5,"red"
"1924",39586931,"T","T","MGM",0.5,"red"
"1925",39597833,"G","G","MGM",0.5,"red"
"1926",39599333,"A","A","MGM",0.5,"red"
"1927",39605561,"C","C","MGM",0.5,"red"
"1928",39611351,"G","G","MGM",0.5,"red"
"1929",39636658,"C","C","MGM",0.5,"red"
"1930",39679127,"G","G","MGM",0.5,"red"
"1931",39703798,"A","A","MGM",0.5,"red"
"1932",39707666,"G","G","MGM",0.5,"red"
"1933",39710195,"C","C","MGM",0.5,"red"
"1934",39833745,"G","G","MGM",0.5,"red"
"1935",39851489,"G","G","MGM",0.5,"red"
"1936",39863735,"C","C","MGM",0.5,"red"
"1937",39892484,"G","G","MGM",0.5,"red"
"1938",39893223,"G","G","MGM",0.5,"red"
"1939",39904006,"T","T","MGM",0.5,"red"
"1940",39905422,"T","T","MGM",0.5,"red"
"1941",39909033,"T","T","MGM",0.5,"red"
"1942",39909735,"A","A","MGM",0.5,"red"
"1943",39911657,"A","A","MGM",0.5,"red"
"1944",39912233,"T","T","MGM",0.5,"red"
"1945",39913655,"C","C","MGM",0.5,"red"
"1946",39914187,"A","A","MGM",0.5,"red"
"1947",39919337,"C","C","MGM",0.5,"red"
"1948",39919885,"A","A","MGM",0.5,"red"
"1949",39920974,"T","T","MGM",0.5,"red"
"1950",39922359,"G","G","MGM",0.5,"red"
"1951",39994310,"T","T","MGM",0.5,"red"
"1952",40076113,"A","A","MGM",0.5,"red"
"1953",40076745,"A","A","MGM",0.5,"red"
"1954",40076904,"A","A","MGM",0.5,"red"
"1955",40086428,"A","A","MGM",0.5,"red"
"1956",40099391,"T","T","MGM",0.5,"red"
"1957",40100249,"A","A","MGM",0.5,"red"
"1958",40111713,"G","G","MGM",0.5,"red"
"1959",40127370,"A","A","MGM",0.5,"red"
"1960",40138974,"G","G","MGM",0.5,"red"
"1961",40151227,"A","A","MGM",0.5,"red"
"1962",40154309,"T","T","MGM",0.5,"red"
"1963",40155606,"C","C","MGM",0.5,"red"
"1964",40160929,"G","G","MGM",0.5,"red"
"1965",40162829,"A","A","MGM",0.5,"red"
"1966",40169670,"C","C","MGM",0.5,"red"
"1967",40172900,"G","G","MGM",0.5,"red"
"1968",40182022,"G","G","MGM",0.5,"red"
"1969",40193557,"C","C","MGM",0.5,"red"
"1970",40225547,"A","A","MGM",0.5,"red"
"1971",40227748,"C","C","MGM",0.5,"red"
"1972",40229112,"A","A","MGM",0.5,"red"
"1973",40232411,"G","G","MGM",0.5,"red"
"1974",40305411,"C","C","MGM",0.5,"red"
"1975",40316812,"C","C","MGM",0.5,"red"
"1976",40324770,"C","C","MGM",0.5,"red"
"1977",40326749,"G","G","MGM",0.5,"red"
"1978",40336017,"C","C","MGM",0.5,"red"
"1979",40343495,"T","T","MGM",0.5,"red"
"1980",40344087,"A","A","MGM",0.5,"red"
"1981",40349137,"A","A","MGM",0.5,"red"
"1982",40350325,"A","A","MGM",0.5,"red"
"1983",40351243,"A","A","MGM",0.5,"red"
"1984",40380209,"T","T","MGM",0.5,"red"
"1985",40389845,"C","C","MGM",0.5,"red"
"1986",40399296,"A","A","MGM",0.5,"red"
"1987",40483955,"T","T","MGM",0.5,"red"
"1988",40623093,"A","A","MGM",0.5,"red"
"1989",40634868,"G","G","MGM",0.5,"red"
"1990",40636833,"T","T","MGM",0.5,"red"
"1991",40648617,"A","A","MGM",0.5,"red"
"1992",40745226,"G","G","MGM",0.5,"red"
"1993",40758841,"T","0","MGF",1.5,"blue"
"1994",40761646,"G","G","MGM",0.5,"red"
"1995",40769058,"A","A","MGM",0.5,"red"
"1996",40773347,"A","A","MGM",0.5,"red"
"1997",40792395,"T","T","MGM",0.5,"red"
"1998",40793122,"G","G","MGM",0.5,"red"
"1999",40802981,"T","T","MGM",0.5,"red"
"2000",40820559,"A","A","MGM",0.5,"red"
"2001",40833508,"T","T","MGM",0.5,"red"
"2002",40847826,"C","C","MGM",0.5,"red"
"2003",40851415,"C","C","MGM",0.5,"red"
"2004",40867487,"A","A","MGM",0.5,"red"
"2005",40868188,"C","C","MGM",0.5,"red"
"2006",40869633,"C","C","MGM",0.5,"red"
"2007",40915210,"G","G","MGM",0.5,"red"
"2008",40926769,"T","T","MGM",0.5,"red"
"2009",40977619,"T","T","MGM",0.5,"red"
"2010",40978308,"C","C","MGM",0.5,"red"
"2011",40980577,"C","C","MGM",0.5,"red"
"2012",40982437,"A","A","MGM",0.5,"red"
"2013",41016620,"T","T","MGM",0.5,"red"
"2014",41020340,"G","G","MGM",0.5,"red"
"2015",41021248,"A","A","MGM",0.5,"red"
"2016",41024003,"T","T","MGM",0.5,"red"
"2017",41061864,"A","A","MGM",0.5,"red"
"2018",41077195,"A","A","MGM",0.5,"red"
"2019",41090411,"T","T","MGM",0.5,"red"
"2020",41091941,"A","A","MGM",0.5,"red"
"2021",41113080,"T","T","MGM",0.5,"red"
"2022",41116530,"T","T","MGM",0.5,"red"
"2023",41119080,"C","C","MGM",0.5,"red"
"2024",41123251,"C","C","MGM",0.5,"red"
"2025",41144053,"C","C","MGM",0.5,"red"
"2026",41161777,"G","G","MGM",0.5,"red"
"2027",41168395,"C","C","MGM",0.5,"red"
"2028",41222222,"T","T","MGM",0.5,"red"
"2029",41224835,"G","G","MGM",0.5,"red"
"2030",41224982,"T","T","MGM",0.5,"red"
"2031",41228736,"G","G","MGM",0.5,"red"
"2032",41235894,"G","G","MGM",0.5,"red"
"2033",41238242,"A","A","MGM",0.5,"red"
"2034",41252835,"G","G","MGM",0.5,"red"
"2035",41258025,"A","A","MGM",0.5,"red"
"2036",41265035,"C","C","MGM",0.5,"red"
"2037",41271838,"G","G","MGM",0.5,"red"
"2038",41272093,"G","G","MGM",0.5,"red"
"2039",41288032,"T","T","MGM",0.5,"red"
"2040",41289725,"G","G","MGM",0.5,"red"
"2041",41303658,"T","T","MGM",0.5,"red"
"2042",41305927,"G","G","MGM",0.5,"red"
"2043",41324494,"C","C","MGM",0.5,"red"
"2044",41338064,"A","A","MGM",0.5,"red"
"2045",41345499,"T","T","MGM",0.5,"red"
"2046",41363836,"G","G","MGM",0.5,"red"
"2047",41821127,"G","G","MGM",0.5,"red"
"2048",41843719,"A","A","MGM",0.5,"red"
"2049",41861979,"G","G","MGM",0.5,"red"
"2050",41883307,"C","C","MGM",0.5,"red"
"2051",41898914,"A","A","MGM",0.5,"red"
"2052",41900638,"C","C","MGM",0.5,"red"
"2053",41908956,"C","C","MGM",0.5,"red"
"2054",41918167,"C","C","MGM",0.5,"red"
"2055",41942431,"A","A","MGM",0.5,"red"
"2056",41947128,"T","T","MGM",0.5,"red"
"2057",41958434,"C","C","MGM",0.5,"red"
"2058",41961757,"C","C","MGM",0.5,"red"
"2059",41969419,"T","T","MGM",0.5,"red"
"2060",41978484,"A","A","MGM",0.5,"red"
"2061",41983911,"A","A","MGM",0.5,"red"
"2062",41985852,"C","C","MGM",0.5,"red"
"2063",42009411,"C","C","MGM",0.5,"red"
"2064",42026884,"T","T","MGM",0.5,"red"
"2065",42031193,"A","A","MGM",0.5,"red"
"2066",42045129,"C","C","MGM",0.5,"red"
"2067",42047683,"T","T","MGM",0.5,"red"
"2068",42077458,"A","A","MGM",0.5,"red"
"2069",42189351,"G","G","MGM",0.5,"red"
"2070",42191068,"C","C","MGM",0.5,"red"
"2071",42211321,"G","G","MGM",0.5,"red"
"2072",42223255,"G","G","MGM",0.5,"red"
"2073",42223316,"C","C","MGM",0.5,"red"
"2074",42242051,"C","C","MGM",0.5,"red"
"2075",42360230,"G","G","MGM",0.5,"red"
"2076",42383475,"G","G","MGM",0.5,"red"
"2077",42423821,"G","G","MGM",0.5,"red"
"2078",42437367,"T","T","MGM",0.5,"red"
"2079",42495269,"C","C","MGM",0.5,"red"
"2080",42503568,"G","G","MGM",0.5,"red"
"2081",42520822,"A","A","MGM",0.5,"red"
"2082",42528589,"T","T","MGM",0.5,"red"
"2083",42539909,"C","C","MGM",0.5,"red"
"2084",42540277,"G","G","MGM",0.5,"red"
"2085",42554724,"C","C","MGM",0.5,"red"
"2086",42574708,"C","C","MGM",0.5,"red"
"2087",42576676,"G","G","MGM",0.5,"red"
"2088",42613351,"C","C","MGM",0.5,"red"
"2089",42615009,"A","A","MGM",0.5,"red"
"2090",42615589,"G","G","MGM",0.5,"red"
"2091",42638572,"0","T","MGF",1.5,"blue"
"2092",42643706,"T","T","MGM",0.5,"red"
"2093",42646536,"T","T","MGM",0.5,"red"
"2094",42648004,"T","T","MGM",0.5,"red"
"2095",42657429,"A","A","MGM",0.5,"red"
"2096",42659691,"A","A","MGM",0.5,"red"
"2097",42662929,"C","C","MGM",0.5,"red"
"2098",42688695,"A","A","MGM",0.5,"red"
"2099",42695448,"C","C","MGM",0.5,"red"
"2100",42702799,"G","G","MGM",0.5,"red"
"2101",42707170,"C","C","MGM",0.5,"red"
"2102",42710494,"A","A","MGM",0.5,"red"
"2103",42730148,"G","G","MGM",0.5,"red"
"2104",42738590,"G","G","MGM",0.5,"red"
"2105",42739460,"G","G","MGM",0.5,"red"
"2106",42754563,"T","T","MGM",0.5,"red"
"2107",42778297,"T","T","MGM",0.5,"red"
"2108",42781049,"A","A","MGM",0.5,"red"
"2109",42799350,"A","A","MGM",0.5,"red"
"2110",42804508,"G","G","MGM",0.5,"red"
"2111",42817297,"C","C","MGM",0.5,"red"
"2112",42835321,"G","G","MGM",0.5,"red"
"2113",42844928,"T","T","MGM",0.5,"red"
"2114",42872133,"T","T","MGM",0.5,"red"
"2115",42873560,"G","G","MGM",0.5,"red"
"2116",42927865,"A","A","MGM",0.5,"red"
"2117",42953374,"T","T","MGM",0.5,"red"
"2118",42958884,"G","G","MGM",0.5,"red"
"2119",42965790,"G","G","MGM",0.5,"red"
"2120",42975273,"G","G","MGM",0.5,"red"
"2121",43020714,"G","G","MGM",0.5,"red"
"2122",43372884,"C","C","MGM",0.5,"red"
"2123",43377570,"A","A","MGM",0.5,"red"
"2124",43378803,"G","G","MGM",0.5,"red"
"2125",43385888,"A","A","MGM",0.5,"red"
"2126",43396447,"T","T","MGM",0.5,"red"
"2127",43407612,"G","G","MGM",0.5,"red"
"2128",43416171,"A","A","MGM",0.5,"red"
"2129",43420149,"A","A","MGM",0.5,"red"
"2130",43440856,"T","T","MGM",0.5,"red"
"2131",43496280,"C","C","MGM",0.5,"red"
"2132",43507300,"T","T","MGM",0.5,"red"
"2133",43514046,"G","G","MGM",0.5,"red"
"2134",43518188,"T","T","MGM",0.5,"red"
"2135",43526548,"G","G","MGM",0.5,"red"
"2136",43527624,"C","C","MGM",0.5,"red"
"2137",43538209,"A","A","MGM",0.5,"red"
"2138",43540295,"A","A","MGM",0.5,"red"
"2139",43547310,"A","A","MGM",0.5,"red"
"2140",43552773,"A","A","MGM",0.5,"red"
"2141",43553202,"C","C","MGM",0.5,"red"
"2142",43554672,"C","C","MGM",0.5,"red"
"2143",43559576,"G","G","MGM",0.5,"red"
"2144",43559976,"A","A","MGM",0.5,"red"
"2145",43573666,"A","A","MGM",0.5,"red"
"2146",43574169,"G","G","MGM",0.5,"red"
"2147",43580860,"A","A","MGM",0.5,"red"
"2148",43587868,"C","C","MGM",0.5,"red"
"2149",43589464,"T","T","MGM",0.5,"red"
"2150",43591036,"G","G","MGM",0.5,"red"
"2151",43591500,"C","C","MGM",0.5,"red"
"2152",43592763,"T","T","MGM",0.5,"red"
"2153",43595428,"A","A","MGM",0.5,"red"
"2154",43601363,"A","A","MGM",0.5,"red"
"2155",43603391,"T","T","MGM",0.5,"red"
"2156",43608067,"T","T","MGM",0.5,"red"
"2157",43612708,"G","G","MGM",0.5,"red"
"2158",43614441,"C","C","MGM",0.5,"red"
"2159",43627999,"C","C","MGM",0.5,"red"
"2160",43633740,"A","A","MGM",0.5,"red"
"2161",43655653,"A","A","MGM",0.5,"red"
"2162",43660135,"C","C","MGM",0.5,"red"
"2163",43678042,"A","A","MGM",0.5,"red"
"2164",43688964,"C","C","MGM",0.5,"red"
"2165",43726394,"G","G","MGM",0.5,"red"
"2166",43769715,"C","C","MGM",0.5,"red"
"2167",43805109,"G","G","MGM",0.5,"red"
"2168",43814083,"G","G","MGM",0.5,"red"
"2169",43816206,"T","T","MGM",0.5,"red"
"2170",43818976,"C","C","MGM",0.5,"red"
"2171",43819894,"T","T","MGM",0.5,"red"
"2172",43822631,"T","T","MGM",0.5,"red"
"2173",43827064,"G","G","MGM",0.5,"red"
"2174",43827412,"C","C","MGM",0.5,"red"
"2175",43833996,"T","T","MGM",0.5,"red"
"2176",43834055,"C","C","MGM",0.5,"red"
"2177",43848263,"C","C","MGM",0.5,"red"
"2178",43851171,"C","C","MGM",0.5,"red"
"2179",43877162,"C","C","MGM",0.5,"red"
"2180",43877475,"A","A","MGM",0.5,"red"
"2181",43886416,"A","A","MGM",0.5,"red"
"2182",44008362,"T","T","MGM",0.5,"red"
"2183",44015514,"T","T","MGM",0.5,"red"
"2184",44025466,"C","C","MGM",0.5,"red"
"2185",44033173,"T","T","MGM",0.5,"red"
"2186",44033626,"C","C","MGM",0.5,"red"
"2187",44079894,"C","C","MGM",0.5,"red"
"2188",44181529,"C","C","MGM",0.5,"red"
"2189",44182366,"A","A","MGM",0.5,"red"
"2190",44183771,"G","G","MGM",0.5,"red"
"2191",44247360,"C","C","MGM",0.5,"red"
"2192",44252440,"G","G","MGM",0.5,"red"
"2193",44259663,"G","G","MGM",0.5,"red"
"2194",44279637,"A","A","MGM",0.5,"red"
"2195",44297063,"A","A","MGM",0.5,"red"
"2196",44306764,"G","G","MGM",0.5,"red"
"2197",44328334,"A","A","MGM",0.5,"red"
"2198",44337113,"A","A","MGM",0.5,"red"
"2199",44339785,"A","A","MGM",0.5,"red"
"2200",44346669,"A","A","MGM",0.5,"red"
"2201",44349417,"C","C","MGM",0.5,"red"
"2202",44350343,"C","C","MGM",0.5,"red"
"2203",44351187,"A","A","MGM",0.5,"red"
"2204",44392494,"T","T","MGM",0.5,"red"
"2205",44416777,"T","T","MGM",0.5,"red"
"2206",44476910,"A","A","MGM",0.5,"red"
"2207",44549519,"G","G","MGM",0.5,"red"
"2208",44562672,"T","T","MGM",0.5,"red"
"2209",44567764,"C","C","MGM",0.5,"red"
"2210",44610371,"T","T","MGM",0.5,"red"
"2211",44615148,"G","G","MGM",0.5,"red"
"2212",44617725,"G","G","MGM",0.5,"red"
"2213",44634263,"C","C","MGM",0.5,"red"
"2214",44644364,"T","T","MGM",0.5,"red"
"2215",44716518,"G","G","MGM",0.5,"red"
"2216",44879325,"T","T","MGM",0.5,"red"
"2217",44938563,"G","G","MGM",0.5,"red"
"2218",44953200,"C","C","MGM",0.5,"red"
"2219",45002819,"G","G","MGM",0.5,"red"
"2220",45010636,"C","C","MGM",0.5,"red"
"2221",45028555,"T","T","MGM",0.5,"red"
"2222",45032017,"T","T","MGM",0.5,"red"
"2223",45033139,"A","A","MGM",0.5,"red"
"2224",45034557,"T","T","MGM",0.5,"red"
"2225",45037328,"C","C","MGM",0.5,"red"
"2226",45179191,"A","A","MGM",0.5,"red"
"2227",45179762,"A","A","MGM",0.5,"red"
"2228",45180806,"A","A","MGM",0.5,"red"
"2229",45203900,"G","G","MGM",0.5,"red"
"2230",45210960,"A","A","MGM",0.5,"red"
"2231",45222065,"T","T","MGM",0.5,"red"
"2232",45225648,"G","G","MGM",0.5,"red"
"2233",45238160,"C","C","MGM",0.5,"red"
"2234",45241947,"C","C","MGM",0.5,"red"
"2235",45246659,"T","T","MGM",0.5,"red"
"2236",45252467,"G","G","MGM",0.5,"red"
"2237",45259870,"G","G","MGM",0.5,"red"
"2238",45268022,"C","C","MGM",0.5,"red"
"2239",45280312,"T","T","MGM",0.5,"red"
"2240",45304530,"A","A","MGM",0.5,"red"
"2241",45311282,"T","T","MGM",0.5,"red"
"2242",45333599,"T","T","MGM",0.5,"red"
"2243",45549899,"T","T","MGM",0.5,"red"
"2244",45550312,"A","A","MGM",0.5,"red"
"2245",45552223,"A","A","MGM",0.5,"red"
"2246",45553455,"C","C","MGM",0.5,"red"
"2247",45555444,"G","G","MGM",0.5,"red"
"2248",45559622,"A","A","MGM",0.5,"red"
"2249",45564320,"C","C","MGM",0.5,"red"
"2250",45565723,"T","T","MGM",0.5,"red"
"2251",45573361,"C","C","MGM",0.5,"red"
"2252",45579695,"T","T","MGM",0.5,"red"
"2253",45596663,"T","T","MGM",0.5,"red"
"2254",45598111,"T","T","MGM",0.5,"red"
"2255",45610875,"C","C","MGM",0.5,"red"
"2256",45620165,"C","C","MGM",0.5,"red"
"2257",45659089,"A","A","MGM",0.5,"red"
"2258",45663044,"G","G","MGM",0.5,"red"
"2259",45665606,"T","T","MGM",0.5,"red"
"2260",45667837,"A","A","MGM",0.5,"red"
"2261",45670405,"C","C","MGM",0.5,"red"
"2262",45671994,"C","C","MGM",0.5,"red"
"2263",45681372,"G","G","MGM",0.5,"red"
"2264",45685205,"G","G","MGM",0.5,"red"
"2265",45687777,"A","A","MGM",0.5,"red"
"2266",45734351,"G","G","MGM",0.5,"red"
"2267",45734847,"A","A","MGM",0.5,"red"
"2268",45740709,"C","C","MGM",0.5,"red"
"2269",45751886,"T","T","MGM",0.5,"red"
"2270",45752484,"C","C","MGM",0.5,"red"
"2271",45758175,"G","G","MGM",0.5,"red"
"2272",45759156,"G","G","MGM",0.5,"red"
"2273",45764542,"C","C","MGM",0.5,"red"
"2274",45770144,"C","C","MGM",0.5,"red"
"2275",45795548,"G","G","MGM",0.5,"red"
"2276",46010478,"A","A","MGM",0.5,"red"
"2277",46052247,"T","T","MGM",0.5,"red"
"2278",46053396,"G","G","MGM",0.5,"red"
"2279",46065500,"A","A","MGM",0.5,"red"
"2280",46077947,"T","T","MGM",0.5,"red"
"2281",46090321,"G","G","MGM",0.5,"red"
"2282",46144612,"C","C","MGM",0.5,"red"
"2283",46185355,"A","A","MGM",0.5,"red"
"2284",46192269,"C","C","MGM",0.5,"red"
"2285",46203962,"C","C","MGM",0.5,"red"
"2286",46206130,"A","A","MGM",0.5,"red"
"2287",46225856,"T","T","MGM",0.5,"red"
"2288",46235267,"C","C","MGM",0.5,"red"
"2289",46261657,"A","A","MGM",0.5,"red"
"2290",46262137,"C","C","MGM",0.5,"red"
"2291",46262268,"T","T","MGM",0.5,"red"
"2292",46276953,"G","0","MGF",1.5,"blue"
"2293",46291221,"G","G","MGM",0.5,"red"
"2294",46331860,"G","G","MGM",0.5,"red"
"2295",46334463,"C","C","MGM",0.5,"red"
"2296",46358589,"C","C","MGM",0.5,"red"
"2297",46388442,"A","A","MGM",0.5,"red"
"2298",46392023,"T","T","MGM",0.5,"red"
"2299",46400210,"G","G","MGM",0.5,"red"
"2300",46424440,"C","C","MGM",0.5,"red"
"2301",46435121,"C","C","MGM",0.5,"red"
"2302",46447344,"A","A","MGM",0.5,"red"
"2303",46455125,"C","C","MGM",0.5,"red"
"2304",46457786,"A","A","MGM",0.5,"red"
"2305",46461536,"C","C","MGM",0.5,"red"
"2306",46466775,"A","A","MGM",0.5,"red"
"2307",46472666,"T","T","MGM",0.5,"red"
"2308",46472826,"A","A","MGM",0.5,"red"
"2309",46542778,"G","G","MGM",0.5,"red"
"2310",46559913,"T","T","MGM",0.5,"red"
"2311",46560588,"G","G","MGM",0.5,"red"
"2312",46561566,"C","C","MGM",0.5,"red"
"2313",46562925,"A","A","MGM",0.5,"red"
"2314",46582501,"G","G","MGM",0.5,"red"
"2315",46587103,"A","A","MGM",0.5,"red"
"2316",46591260,"G","G","MGM",0.5,"red"
"2317",46592678,"A","A","MGM",0.5,"red"
"2318",46619695,"G","G","MGM",0.5,"red"
"2319",46676931,"T","T","MGM",0.5,"red"
"2320",46786796,"A","A","MGM",0.5,"red"
"2321",46920599,"A","A","MGM",0.5,"red"
"2322",46934714,"T","T","MGM",0.5,"red"
"2323",46941458,"G","G","MGM",0.5,"red"
"2324",46943538,"T","T","MGM",0.5,"red"
"2325",46951004,"T","T","MGM",0.5,"red"
"2326",46952219,"G","G","MGM",0.5,"red"
"2327",46967624,"A","A","MGM",0.5,"red"
"2328",46980470,"A","A","MGM",0.5,"red"
"2329",46982639,"T","T","MGM",0.5,"red"
"2330",46992041,"A","A","MGM",0.5,"red"
"2331",47002808,"G","G","MGM",0.5,"red"
"2332",47036593,"A","A","MGM",0.5,"red"
"2333",47062534,"G","G","MGM",0.5,"red"
"2334",47082249,"T","T","MGM",0.5,"red"
"2335",47132615,"T","T","MGM",0.5,"red"
"2336",47133937,"G","G","MGM",0.5,"red"
"2337",47142980,"G","G","MGM",0.5,"red"
"2338",47179564,"C","C","MGM",0.5,"red"
"2339",47181608,"A","A","MGM",0.5,"red"
"2340",47196267,"C","C","MGM",0.5,"red"
"2341",47198600,"C","C","MGM",0.5,"red"
"2342",47205773,"G","G","MGM",0.5,"red"
"2343",47219274,"C","C","MGM",0.5,"red"
"2344",47229935,"C","C","MGM",0.5,"red"
"2345",47244180,"C","C","MGM",0.5,"red"
"2346",47252027,"C","C","MGM",0.5,"red"
"2347",47278186,"A","A","MGM",0.5,"red"
"2348",47279299,"T","T","MGM",0.5,"red"
"2349",47304565,"T","T","MGM",0.5,"red"
"2350",47313909,"A","A","MGM",0.5,"red"
"2351",47314039,"C","C","MGM",0.5,"red"
"2352",47324078,"G","G","MGM",0.5,"red"
"2353",47327111,"C","C","MGM",0.5,"red"
"2354",47327651,"C","C","MGM",0.5,"red"
"2355",47333506,"A","A","MGM",0.5,"red"
"2356",47340295,"G","G","MGM",0.5,"red"
"2357",47343254,"C","C","MGM",0.5,"red"
"2358",47352994,"A","A","MGM",0.5,"red"
"2359",47365204,"A","A","MGM",0.5,"red"
"2360",47398816,"A","0","MGF",1.5,"blue"
"2361",47400809,"C","C","MGM",0.5,"red"
"2362",47415857,"G","G","MGM",0.5,"red"
"2363",47416615,"G","G","MGM",0.5,"red"
"2364",47419979,"A","A","MGM",0.5,"red"
"2365",47421401,"T","T","MGM",0.5,"red"
"2366",47423799,"G","G","MGM",0.5,"red"
"2367",47425058,"A","A","MGM",0.5,"red"
"2368",47425935,"C","C","MGM",0.5,"red"
"2369",47432747,"G","G","MGM",0.5,"red"
"2370",47444985,"C","C","MGM",0.5,"red"
"2371",47446519,"G","G","MGM",0.5,"red"
"2372",47448096,"C","C","MGM",0.5,"red"
"2373",47448307,"G","G","MGM",0.5,"red"
"2374",47450841,"T","T","MGM",0.5,"red"
"2375",47466361,"G","G","MGM",0.5,"red"
"2376",47484840,"T","T","MGM",0.5,"red"
"2377",47549017,"T","T","MGM",0.5,"red"
"2378",47558814,"G","G","MGM",0.5,"red"
"2379",47565462,"C","C","MGM",0.5,"red"
"2380",47565554,"A","A","MGM",0.5,"red"
"2381",47584886,"T","T","MGM",0.5,"red"
"2382",47602119,"A","A","MGM",0.5,"red"
"2383",47632235,"A","A","MGM",0.5,"red"
"2384",47652165,"C","C","MGM",0.5,"red"
"2385",47663988,"A","A","MGM",0.5,"red"
"2386",47753028,"T","T","MGM",0.5,"red"
"2387",47755110,"T","T","MGM",0.5,"red"
"2388",47760446,"A","A","MGM",0.5,"red"
"2389",47768582,"C","C","MGM",0.5,"red"
"2390",48291665,"A","A","MGM",0.5,"red"
"2391",48313082,"A","A","MGM",0.5,"red"
"2392",48318422,"C","C","MGM",0.5,"red"
"2393",48348089,"G","G","MGM",0.5,"red"
"2394",48358485,"G","G","MGM",0.5,"red"
"2395",48365517,"T","T","MGM",0.5,"red"
"2396",48370473,"A","A","MGM",0.5,"red"
"2397",48382174,"T","T","MGM",0.5,"red"
"2398",48391429,"T","T","MGM",0.5,"red"
"2399",48395882,"T","T","MGM",0.5,"red"
"2400",48437018,"T","T","MGM",0.5,"red"
"2401",48437677,"A","A","MGM",0.5,"red"
"2402",48444953,"T","T","MGM",0.5,"red"
"2403",48465135,"T","T","MGM",0.5,"red"
"2404",48471868,"G","G","MGM",0.5,"red"
"2405",48492990,"C","C","MGM",0.5,"red"
"2406",48519695,"G","G","MGM",0.5,"red"
"2407",48554637,"A","A","MGM",0.5,"red"
"2408",48595150,"A","A","MGM",0.5,"red"
"2409",48612615,"A","A","MGM",0.5,"red"
"2410",48619002,"T","T","MGM",0.5,"red"
"2411",48621514,"G","G","MGM",0.5,"red"
"2412",48646906,"G","G","MGM",0.5,"red"
"2413",48672788,"A","A","MGM",0.5,"red"
"2414",48676839,"A","A","MGM",0.5,"red"
"2415",48769623,"C","C","MGM",0.5,"red"
"2416",48784439,"C","C","MGM",0.5,"red"
"2417",48818436,"C","C","MGM",0.5,"red"
"2418",48829086,"T","T","MGM",0.5,"red"
"2419",48858802,"G","G","MGM",0.5,"red"
"2420",48891336,"T","T","MGM",0.5,"red"
"2421",49008482,"G","G","MGM",0.5,"red"
"2422",49405117,"G","G","MGM",0.5,"red"
"2423",49405242,"C","C","MGM",0.5,"red"
"2424",49726937,"A","A","MGM",0.5,"red"
"2425",49761628,"C","C","MGM",0.5,"red"
"2426",49919532,"A","A","MGM",0.5,"red"
"2427",50058476,"T","T","MGM",0.5,"red"
"2428",50059839,"A","A","MGM",0.5,"red"
"2429",50091920,"A","A","MGM",0.5,"red"
"2430",50115970,"C","C","MGM",0.5,"red"
"2431",50120200,"T","T","MGM",0.5,"red"
"2432",50129369,"A","A","MGM",0.5,"red"
"2433",50130544,"G","G","MGM",0.5,"red"
"2434",50146570,"C","C","MGM",0.5,"red"
"2435",50148706,"A","A","MGM",0.5,"red"
"2436",50149245,"G","G","MGM",0.5,"red"
"2437",50168209,"A","A","MGM",0.5,"red"
"2438",50179749,"C","C","MGM",0.5,"red"
"2439",50182184,"G","G","MGM",0.5,"red"
"2440",50191591,"G","G","MGM",0.5,"red"
"2441",50193908,"A","A","MGM",0.5,"red"
"2442",50202750,"T","T","MGM",0.5,"red"
"2443",50203402,"A","A","MGM",0.5,"red"
"2444",50208334,"T","T","MGM",0.5,"red"
"2445",50356407,"C","C","MGM",0.5,"red"
"2446",50359088,"C","C","MGM",0.5,"red"
"2447",50363073,"T","T","MGM",0.5,"red"
"2448",50364338,"T","T","MGM",0.5,"red"
"2449",50368131,"C","C","MGM",0.5,"red"
"2450",50372882,"C","C","MGM",0.5,"red"
"2451",50375773,"A","A","MGM",0.5,"red"
"2452",50378792,"A","A","MGM",0.5,"red"
"2453",50380717,"A","A","MGM",0.5,"red"
"2454",50383584,"C","C","MGM",0.5,"red"
"2455",50384082,"C","C","MGM",0.5,"red"
"2456",50387787,"T","T","MGM",0.5,"red"
"2457",50515153,"G","G","MGM",0.5,"red"
"2458",50549471,"A","A","MGM",0.5,"red"
"2459",50555794,"C","C","MGM",0.5,"red"
"2460",50569458,"C","C","MGM",0.5,"red"
"2461",50583492,"T","T","MGM",0.5,"red"
"2462",50590556,"G","G","MGM",0.5,"red"
"2463",50610756,"G","G","MGM",0.5,"red"
"2464",50651760,"T","T","MGM",0.5,"red"
"2465",50653111,"C","C","MGM",0.5,"red"
"2466",50653775,"C","C","MGM",0.5,"red"
"2467",50654091,"A","A","MGM",0.5,"red"
"2468",50654798,"T","T","MGM",0.5,"red"
"2469",50655016,"A","A","MGM",0.5,"red"
"2470",50728141,"A","A","MGM",0.5,"red"
"2471",50975524,"C","C","MGM",0.5,"red"
"2472",51015843,"G","G","MGM",0.5,"red"
"2473",51075151,"G","G","MGM",0.5,"red"
"2474",51084176,"A","A","MGM",0.5,"red"
"2475",51086445,"A","A","MGM",0.5,"red"
"2476",51097378,"C","C","MGM",0.5,"red"
"2477",51142852,"G","G","MGM",0.5,"red"
"2478",51145013,"T","T","MGM",0.5,"red"
"2479",51153602,"G","G","MGM",0.5,"red"
"2480",51159783,"C","C","MGM",0.5,"red"
"2481",51344295,"G","G","MGM",0.5,"red"
"2482",51480188,"G","G","MGM",0.5,"red"
"2483",52019512,"A","A","MGM",0.5,"red"
"2484",52586545,"A","A","MGM",0.5,"red"
"2485",53032280,"A","A","MGM",0.5,"red"
"2486",53056518,"C","C","MGM",0.5,"red"
"2487",53319232,"A","A","MGM",0.5,"red"
"2488",53602442,"G","G","MGM",0.5,"red"
"2489",53657029,"A","A","MGM",0.5,"red"
"2490",53829124,"A","A","MGM",0.5,"red"
"2491",53834290,"T","T","MGM",0.5,"red"
"2492",53844227,"G","G","MGM",0.5,"red"
"2493",53889717,"T","T","MGM",0.5,"red"
"2494",53898374,"A","A","MGM",0.5,"red"
"2495",53907998,"C","C","MGM",0.5,"red"
"2496",53913131,"A","A","MGM",0.5,"red"
"2497",53922883,"C","C","MGM",0.5,"red"
"2498",54016140,"A","A","MGM",0.5,"red"
"2499",54028862,"G","G","MGM",0.5,"red"
"2500",54064535,"T","T","MGM",0.5,"red"
"2501",54066879,"C","C","MGM",0.5,"red"
"2502",54076358,"A","A","MGM",0.5,"red"
"2503",54092870,"C","C","MGM",0.5,"red"
"2504",54136368,"C","C","MGM",0.5,"red"
"2505",54198702,"T","T","MGM",0.5,"red"
"2506",54208112,"G","G","MGM",0.5,"red"
"2507",54625815,"G","G","MGM",0.5,"red"
"2508",54629248,"C","C","MGM",0.5,"red"
"2509",54641427,"G","G","MGM",0.5,"red"
"2510",54699330,"T","T","MGM",0.5,"red"
"2511",54728850,"G","G","MGM",0.5,"red"
"2512",54730838,"G","G","MGM",0.5,"red"
"2513",54732159,"A","A","MGM",0.5,"red"
"2514",54736227,"T","T","MGM",0.5,"red"
"2515",54737365,"C","C","MGM",0.5,"red"
"2516",54741623,"T","T","MGM",0.5,"red"
"2517",54757328,"C","C","MGM",0.5,"red"
"2518",54781359,"T","T","MGM",0.5,"red"
"2519",54836505,"A","A","MGM",0.5,"red"
"2520",54837340,"C","C","MGM",0.5,"red"
"2521",54864852,"T","T","MGM",0.5,"red"
"2522",54867229,"G","G","MGM",0.5,"red"
"2523",54932647,"A","A","MGM",0.5,"red"
"2524",54946636,"C","C","MGM",0.5,"red"
"2525",54950747,"G","G","MGM",0.5,"red"
"2526",54953647,"A","A","MGM",0.5,"red"
"2527",54972218,"G","G","MGM",0.5,"red"
"2528",55035283,"C","C","MGM",0.5,"red"
"2529",55047741,"G","G","MGM",0.5,"red"
"2530",55083018,"T","T","MGM",0.5,"red"
"2531",55137978,"A","A","MGM",0.5,"red"
"2532",55163167,"A","A","MGM",0.5,"red"
"2533",55184100,"A","A","MGM",0.5,"red"
"2534",55191412,"A","A","MGM",0.5,"red"
"2535",55208161,"G","G","MGM",0.5,"red"
"2536",55248090,"C","C","MGM",0.5,"red"
"2537",55265598,"T","T","MGM",0.5,"red"
"2538",55287031,"G","G","MGM",0.5,"red"
"2539",55349493,"G","G","MGM",0.5,"red"
"2540",55368057,"T","T","MGM",0.5,"red"
"2541",55408694,"G","G","MGM",0.5,"red"
"2542",55421437,"G","G","MGM",0.5,"red"
"2543",55434200,"C","C","MGM",0.5,"red"
"2544",55461375,"G","G","MGM",0.5,"red"
"2545",55514818,"C","C","MGM",0.5,"red"
"2546",55518239,"C","C","MGM",0.5,"red"
"2547",55574773,"G","G","MGM",0.5,"red"
"2548",55603978,"A","A","MGM",0.5,"red"
"2549",55653162,"A","A","MGM",0.5,"red"
"2550",55738260,"A","A","MGM",0.5,"red"
"2551",55758408,"C","C","MGM",0.5,"red"
"2552",55861414,"T","T","MGM",0.5,"red"
"2553",55960724,"T","T","MGM",0.5,"red"
"2554",56152985,"G","G","MGM",0.5,"red"
"2555",56174893,"A","A","MGM",0.5,"red"
"2556",56252181,"G","G","MGM",0.5,"red"
"2557",56264984,"C","C","MGM",0.5,"red"
"2558",56274758,"T","T","MGM",0.5,"red"
"2559",56274855,"G","G","MGM",0.5,"red"
"2560",56276906,"G","G","MGM",0.5,"red"
"2561",56291516,"T","T","MGM",0.5,"red"
"2562",56295245,"T","T","MGM",0.5,"red"
"2563",56428273,"C","C","MGM",0.5,"red"
"2564",56560352,"C","C","MGM",0.5,"red"
"2565",56595634,"A","A","MGM",0.5,"red"
"2566",56599489,"C","C","MGM",0.5,"red"
"2567",56687924,"C","C","MGM",0.5,"red"
"2568",56753179,"T","T","MGM",0.5,"red"
"2569",56811695,"C","C","MGM",0.5,"red"
"2570",56829278,"T","T","MGM",0.5,"red"
"2571",56838951,"G","G","MGM",0.5,"red"
"2572",56859580,"T","T","MGM",0.5,"red"
"2573",56889389,"C","C","MGM",0.5,"red"
"2574",56956036,"A","A","MGM",0.5,"red"
"2575",56958934,"C","C","MGM",0.5,"red"
"2576",57009706,"G","G","MGM",0.5,"red"
"2577",57016719,"A","A","MGM",0.5,"red"
"2578",57019891,"T","T","MGM",0.5,"red"
"2579",57026334,"T","T","MGM",0.5,"red"
"2580",57118252,"G","G","MGM",0.5,"red"
"2581",57142874,"C","C","MGM",0.5,"red"
"2582",57169551,"T","T","MGM",0.5,"red"
"2583",57224700,"G","G","MGM",0.5,"red"
"2584",57329089,"G","G","MGM",0.5,"red"
"2585",57336824,"T","T","MGM",0.5,"red"
"2586",57386648,"A","A","MGM",0.5,"red"
"2587",57432689,"A","A","MGM",0.5,"red"
"2588",57457985,"T","T","MGM",0.5,"red"
"2589",57475132,"T","0","MGF",1.5,"blue"
"2590",57515439,"T","T","MGM",0.5,"red"
"2591",57622607,"A","A","MGM",0.5,"red"
"2592",57687399,"G","G","MGM",0.5,"red"
"2593",57710528,"T","T","MGM",0.5,"red"
"2594",57913685,"A","A","MGM",0.5,"red"
"2595",57928734,"T","T","MGM",0.5,"red"
"2596",58259494,"G","G","MGM",0.5,"red"
"2597",58374872,"C","C","MGM",0.5,"red"
"2598",62038249,"C","C","MGM",0.5,"red"
"2599",62928058,"G","G","MGM",0.5,"red"
"2600",63993029,"C","C","MGM",0.5,"red"
"2601",64068318,"G","G","MGM",0.5,"red"
"2602",64405169,"C","C","MGM",0.5,"red"
"2603",64667245,"T","T","MGM",0.5,"red"
"2604",65408445,"T","T","MGM",0.5,"red"
"2605",65427040,"C","C","MGM",0.5,"red"
"2606",65435257,"G","G","MGM",0.5,"red"
"2607",65486172,"C","C","MGM",0.5,"red"
"2608",65532178,"C","C","MGM",0.5,"red"
"2609",65535764,"T","T","MGM",0.5,"red"
"2610",65538623,"C","C","MGM",0.5,"red"
"2611",65582886,"C","C","MGM",0.5,"red"
"2612",65611304,"C","C","MGM",0.5,"red"
"2613",65630272,"G","G","MGM",0.5,"red"
"2614",65665328,"C","C","MGM",0.5,"red"
"2615",65682934,"T","T","MGM",0.5,"red"
"2616",65723858,"A","A","MGM",0.5,"red"
"2617",65815591,"T","T","MGM",0.5,"red"
"2618",65815817,"G","G","MGM",0.5,"red"
"2619",65816499,"C","C","MGM",0.5,"red"
"2620",65817522,"A","A","MGM",0.5,"red"
"2621",65819223,"A","A","MGM",0.5,"red"
"2622",65824986,"C","C","MGM",0.5,"red"
"2623",65840181,"A","A","MGM",0.5,"red"
"2624",65843843,"G","G","MGM",0.5,"red"
"2625",65879348,"A","A","MGM",0.5,"red"
"2626",65914654,"G","G","MGM",0.5,"red"
"2627",65932849,"T","T","MGM",0.5,"red"
"2628",65979173,"T","T","MGM",0.5,"red"
"2629",66017027,"T","T","MGM",0.5,"red"
"2630",66032126,"G","G","MGM",0.5,"red"
"2631",66047345,"G","G","MGM",0.5,"red"
"2632",66124916,"G","G","MGM",0.5,"red"
"2633",66136420,"C","C","MGM",0.5,"red"
"2634",66170500,"G","G","MGM",0.5,"red"
"2635",66238317,"T","T","MGM",0.5,"red"
"2636",66244200,"C","C","MGM",0.5,"red"
"2637",66265814,"T","T","MGM",0.5,"red"
"2638",66287877,"A","A","MGM",0.5,"red"
"2639",66301034,"G","G","MGM",0.5,"red"
"2640",66315730,"G","G","MGM",0.5,"red"
"2641",66340437,"A","A","MGM",0.5,"red"
"2642",66348636,"C","C","MGM",0.5,"red"
"2643",66405429,"A","A","MGM",0.5,"red"
"2644",66419950,"G","G","MGM",0.5,"red"
"2645",66430671,"A","A","MGM",0.5,"red"
"2646",66504062,"G","G","MGM",0.5,"red"
"2647",66510984,"G","G","MGM",0.5,"red"
"2648",66554840,"T","T","MGM",0.5,"red"
"2649",66563018,"C","C","MGM",0.5,"red"
"2650",66648216,"C","C","MGM",0.5,"red"
"2651",66664266,"G","G","MGM",0.5,"red"
"2652",66716206,"C","C","MGM",0.5,"red"
"2653",66755403,"A","A","MGM",0.5,"red"
"2654",66788225,"A","A","MGM",0.5,"red"
"2655",66865496,"C","C","MGM",0.5,"red"
"2656",66914801,"T","T","MGM",0.5,"red"
"2657",66933036,"T","T","MGM",0.5,"red"
"2658",66938466,"G","G","MGM",0.5,"red"
"2659",67003584,"C","C","MGM",0.5,"red"
"2660",67013605,"T","T","MGM",0.5,"red"
"2661",67021550,"C","C","MGM",0.5,"red"
"2662",67028222,"C","C","MGM",0.5,"red"
"2663",67046985,"C","C","MGM",0.5,"red"
"2664",67062490,"C","C","MGM",0.5,"red"
"2665",67089063,"A","A","MGM",0.5,"red"
"2666",67173731,"T","T","MGM",0.5,"red"
"2667",67177760,"C","C","MGM",0.5,"red"
"2668",67226891,"A","A","MGM",0.5,"red"
"2669",67235648,"A","A","MGM",0.5,"red"
"2670",67243124,"T","T","MGM",0.5,"red"
"2671",67251413,"A","A","MGM",0.5,"red"
"2672",67261429,"T","T","MGM",0.5,"red"
"2673",67261919,"C","C","MGM",0.5,"red"
"2674",67263293,"G","G","MGM",0.5,"red"
"2675",67263844,"T","T","MGM",0.5,"red"
"2676",67269128,"G","G","MGM",0.5,"red"
"2677",67281468,"T","T","MGM",0.5,"red"
"2678",67285971,"T","T","MGM",0.5,"red"
"2679",67286067,"A","A","MGM",0.5,"red"
"2680",67296854,"G","G","MGM",0.5,"red"
"2681",67311082,"C","C","MGM",0.5,"red"
"2682",67319805,"G","G","MGM",0.5,"red"
"2683",67338660,"T","T","MGM",0.5,"red"
"2684",67366518,"T","T","MGM",0.5,"red"
"2685",67376320,"T","T","MGM",0.5,"red"
"2686",67383900,"C","C","MGM",0.5,"red"
"2687",67385337,"T","T","MGM",0.5,"red"
"2688",67405450,"A","A","MGM",0.5,"red"
"2689",67752576,"T","T","MGM",0.5,"red"
"2690",67965018,"T","T","MGM",0.5,"red"
"2691",67968362,"T","T","MGM",0.5,"red"
"2692",67970237,"A","A","MGM",0.5,"red"
"2693",67973536,"G","G","MGM",0.5,"red"
"2694",67975499,"A","A","MGM",0.5,"red"
"2695",67977850,"T","T","MGM",0.5,"red"
"2696",67981560,"G","G","MGM",0.5,"red"
"2697",68043534,"G","G","MGM",0.5,"red"
"2698",68057174,"G","G","MGM",0.5,"red"
"2699",68123169,"G","G","MGM",0.5,"red"
"2700",68126086,"G","G","MGM",0.5,"red"
"2701",68167655,"G","G","MGM",0.5,"red"
"2702",68169416,"C","C","MGM",0.5,"red"
"2703",68169475,"C","C","MGM",0.5,"red"
"2704",68180173,"T","T","MGM",0.5,"red"
"2705",68194863,"C","C","MGM",0.5,"red"
"2706",68200296,"T","T","MGM",0.5,"red"
"2707",68205755,"A","A","MGM",0.5,"red"
"2708",68206587,"A","A","MGM",0.5,"red"
"2709",68222952,"C","C","MGM",0.5,"red"
"2710",68231865,"G","G","MGM",0.5,"red"
"2711",68335042,"T","T","MGM",0.5,"red"
"2712",68342576,"C","C","MGM",0.5,"red"
"2713",68342943,"A","A","MGM",0.5,"red"
"2714",68344139,"T","T","MGM",0.5,"red"
"2715",68344314,"G","G","MGM",0.5,"red"
"2716",68354830,"T","T","MGM",0.5,"red"
"2717",68369533,"C","C","MGM",0.5,"red"
"2718",68385863,"T","T","MGM",0.5,"red"
"2719",68408376,"G","G","MGM",0.5,"red"
"2720",68410990,"G","G","MGM",0.5,"red"
"2721",68411445,"T","T","MGM",0.5,"red"
"2722",68412283,"A","A","MGM",0.5,"red"
"2723",68420848,"A","A","MGM",0.5,"red"
"2724",68428597,"T","T","MGM",0.5,"red"
"2725",68436234,"A","A","MGM",0.5,"red"
"2726",68437340,"G","G","MGM",0.5,"red"
"2727",68442113,"G","G","MGM",0.5,"red"
"2728",68444370,"A","A","MGM",0.5,"red"
"2729",68447052,"G","G","MGM",0.5,"red"
"2730",68460983,"T","T","MGM",0.5,"red"
"2731",68478760,"G","G","MGM",0.5,"red"
"2732",68480522,"T","T","MGM",0.5,"red"
"2733",68480766,"T","T","MGM",0.5,"red"
"2734",68481768,"T","T","MGM",0.5,"red"
"2735",68489088,"C","C","MGM",0.5,"red"
"2736",68489387,"A","A","MGM",0.5,"red"
"2737",68494318,"A","A","MGM",0.5,"red"
"2738",68503726,"A","A","MGM",0.5,"red"
"2739",68509164,"T","T","MGM",0.5,"red"
"2740",68513004,"A","A","MGM",0.5,"red"
"2741",68515623,"G","G","MGM",0.5,"red"
"2742",68538608,"G","G","MGM",0.5,"red"
"2743",68578930,"T","T","MGM",0.5,"red"
"2744",68581096,"A","A","MGM",0.5,"red"
"2745",68599270,"G","G","MGM",0.5,"red"
"2746",68602393,"T","T","MGM",0.5,"red"
"2747",68608754,"A","A","MGM",0.5,"red"
"2748",68640517,"C","C","MGM",0.5,"red"
"2749",68646375,"T","T","MGM",0.5,"red"
"2750",68648758,"A","A","MGM",0.5,"red"
"2751",68649515,"T","T","MGM",0.5,"red"
"2752",68675835,"A","A","MGM",0.5,"red"
"2753",68746684,"A","A","MGM",0.5,"red"
"2754",68749379,"A","A","MGM",0.5,"red"
"2755",68751721,"C","C","MGM",0.5,"red"
"2756",68752499,"G","G","MGM",0.5,"red"
"2757",68752841,"C","C","MGM",0.5,"red"
"2758",68757767,"C","C","MGM",0.5,"red"
"2759",68760916,"C","C","MGM",0.5,"red"
"2760",68762501,"T","T","MGM",0.5,"red"
"2761",68762829,"T","T","MGM",0.5,"red"
"2762",68763155,"C","C","MGM",0.5,"red"
"2763",68778870,"G","G","MGM",0.5,"red"
"2764",68780179,"A","A","MGM",0.5,"red"
"2765",68796727,"T","T","MGM",0.5,"red"
"2766",68805318,"A","A","MGM",0.5,"red"
"2767",68838566,"C","C","MGM",0.5,"red"
"2768",68844248,"A","A","MGM",0.5,"red"
"2769",68856453,"A","A","MGM",0.5,"red"
"2770",68878751,"A","A","MGM",0.5,"red"
"2771",68891733,"T","T","MGM",0.5,"red"
"2772",68892080,"T","T","MGM",0.5,"red"
"2773",68892916,"G","G","MGM",0.5,"red"
"2774",68902764,"T","T","MGM",0.5,"red"
"2775",68946979,"T","T","MGM",0.5,"red"
"2776",68976594,"T","T","MGM",0.5,"red"
"2777",68978106,"G","G","MGM",0.5,"red"
"2778",69010252,"C","C","MGM",0.5,"red"
"2779",69013321,"T","T","MGM",0.5,"red"
"2780",69056749,"G","G","MGM",0.5,"red"
"2781",69057567,"G","G","MGM",0.5,"red"
"2782",69063974,"A","A","MGM",0.5,"red"
"2783",69081692,"G","G","MGM",0.5,"red"
"2784",69097155,"A","A","MGM",0.5,"red"
"2785",69102019,"C","C","MGM",0.5,"red"
"2786",69127562,"G","G","MGM",0.5,"red"
"2787",69137688,"C","C","MGM",0.5,"red"
"2788",69149937,"G","G","MGM",0.5,"red"
"2789",69156773,"A","A","MGM",0.5,"red"
"2790",69166978,"T","T","MGM",0.5,"red"
"2791",69174246,"G","G","MGM",0.5,"red"
"2792",69182044,"A","A","MGM",0.5,"red"
"2793",69190145,"A","A","MGM",0.5,"red"
"2794",69197209,"T","T","MGM",0.5,"red"
"2795",69210528,"T","T","MGM",0.5,"red"
"2796",69210767,"C","C","MGM",0.5,"red"
"2797",69213910,"G","G","MGM",0.5,"red"
"2798",69228783,"A","A","MGM",0.5,"red"
"2799",69247162,"C","C","MGM",0.5,"red"
"2800",69249513,"T","T","MGM",0.5,"red"
"2801",69250308,"C","C","MGM",0.5,"red"
"2802",69258515,"T","T","MGM",0.5,"red"
"2803",69260936,"C","C","MGM",0.5,"red"
"2804",69266212,"A","A","MGM",0.5,"red"
"2805",69274660,"G","G","MGM",0.5,"red"
"2806",69277077,"G","G","MGM",0.5,"red"
"2807",69286387,"G","G","MGM",0.5,"red"
"2808",69300490,"T","T","MGM",0.5,"red"
"2809",69324676,"C","C","MGM",0.5,"red"
"2810",69350281,"A","A","MGM",0.5,"red"
"2811",69351730,"C","C","MGM",0.5,"red"
"2812",69404829,"C","C","MGM",0.5,"red"
"2813",69407739,"A","A","MGM",0.5,"red"
"2814",69409892,"C","C","MGM",0.5,"red"
"2815",69419565,"T","T","MGM",0.5,"red"
"2816",69475164,"A","A","MGM",0.5,"red"
"2817",69485529,"C","C","MGM",0.5,"red"
"2818",69496228,"C","C","MGM",0.5,"red"
"2819",69498696,"T","T","MGM",0.5,"red"
"2820",69502054,"G","G","MGM",0.5,"red"
"2821",69504078,"G","G","MGM",0.5,"red"
"2822",69512976,"A","A","MGM",0.5,"red"
"2823",69546546,"T","T","MGM",0.5,"red"
"2824",69549152,"A","A","MGM",0.5,"red"
"2825",69639832,"C","C","MGM",0.5,"red"
"2826",69640700,"C","C","MGM",0.5,"red"
"2827",69642821,"C","C","MGM",0.5,"red"
"2828",69660695,"A","A","MGM",0.5,"red"
"2829",69663603,"T","T","MGM",0.5,"red"
"2830",69664437,"T","T","MGM",0.5,"red"
"2831",69667913,"0","C","MGF",1.5,"blue"
"2832",69685755,"G","G","MGM",0.5,"red"
"2833",69704125,"C","C","MGM",0.5,"red"
"2834",69724094,"G","G","MGM",0.5,"red"
"2835",69725361,"T","T","MGM",0.5,"red"
"2836",69772848,"G","G","MGM",0.5,"red"
"2837",69775292,"T","T","MGM",0.5,"red"
"2838",69838295,"G","G","MGM",0.5,"red"
"2839",69884578,"G","G","MGM",0.5,"red"
"2840",69889183,"C","C","MGM",0.5,"red"
"2841",69903974,"A","A","MGM",0.5,"red"
"2842",69908508,"T","T","MGM",0.5,"red"
"2843",69938276,"A","A","MGM",0.5,"red"
"2844",69947684,"C","C","MGM",0.5,"red"
"2845",69966712,"C","C","MGM",0.5,"red"
"2846",70029112,"G","G","MGM",0.5,"red"
"2847",70044580,"T","T","MGM",0.5,"red"
"2848",70053469,"A","A","MGM",0.5,"red"
"2849",70057131,"T","T","MGM",0.5,"red"
"2850",70093593,"T","T","MGM",0.5,"red"
"2851",70104607,"A","A","MGM",0.5,"red"
"2852",70104787,"T","T","MGM",0.5,"red"
"2853",70149404,"T","T","MGM",0.5,"red"
"2854",70193977,"T","T","MGM",0.5,"red"
"2855",70200693,"A","A","MGM",0.5,"red"
"2856",70220983,"T","T","MGM",0.5,"red"
"2857",70241705,"C","C","MGM",0.5,"red"
"2858",70258736,"G","G","MGM",0.5,"red"
"2859",70279492,"C","C","MGM",0.5,"red"
"2860",70294222,"G","G","MGM",0.5,"red"
"2861",70313664,"T","T","MGM",0.5,"red"
"2862",70314419,"T","T","MGM",0.5,"red"
"2863",70321631,"G","G","MGM",0.5,"red"
"2864",70324157,"T","T","MGM",0.5,"red"
"2865",70324397,"A","A","MGM",0.5,"red"
"2866",70338399,"G","G","MGM",0.5,"red"
"2867",70342820,"G","G","MGM",0.5,"red"
"2868",70344763,"T","T","MGM",0.5,"red"
"2869",70349947,"C","C","MGM",0.5,"red"
"2870",70352417,"C","C","MGM",0.5,"red"
"2871",70356642,"C","C","MGM",0.5,"red"
"2872",70370244,"A","A","MGM",0.5,"red"
"2873",70371574,"G","G","MGM",0.5,"red"
"2874",70381692,"A","A","MGM",0.5,"red"
"2875",70383444,"C","C","MGM",0.5,"red"
"2876",70385347,"G","G","MGM",0.5,"red"
"2877",70396832,"G","G","MGM",0.5,"red"
"2878",70407164,"G","G","MGM",0.5,"red"
"2879",70410500,"T","T","MGM",0.5,"red"
"2880",70419765,"G","G","MGM",0.5,"red"
"2881",70432708,"A","A","MGM",0.5,"red"
"2882",70435636,"A","A","MGM",0.5,"red"
"2883",70445407,"A","A","MGM",0.5,"red"
"2884",70445622,"T","T","MGM",0.5,"red"
"2885",70445781,"C","C","MGM",0.5,"red"
"2886",70872967,"C","C","MGM",0.5,"red"
"2887",71222487,"A","A","MGM",0.5,"red"
"2888",71308921,"A","A","MGM",0.5,"red"
"2889",71432094,"C","C","MGM",0.5,"red"
"2890",71607449,"A","A","MGM",0.5,"red"
"2891",71863627,"T","T","MGM",0.5,"red"
"2892",72345755,"G","G","MGM",0.5,"red"
"2893",72442572,"G","G","MGM",0.5,"red"
"2894",72509499,"G","G","MGM",0.5,"red"
"2895",72561344,"C","C","MGM",0.5,"red"
"2896",72585968,"G","G","MGM",0.5,"red"
"2897",72638450,"G","G","MGM",0.5,"red"
"2898",72656389,"C","C","MGM",0.5,"red"
"2899",72658471,"T","T","MGM",0.5,"red"
"2900",72672162,"G","G","MGM",0.5,"red"
"2901",72675195,"G","G","MGM",0.5,"red"
"2902",72677072,"A","A","MGM",0.5,"red"
"2903",72693689,"A","A","MGM",0.5,"red"
"2904",72796695,"A","A","MGM",0.5,"red"
"2905",72805330,"A","A","MGM",0.5,"red"
"2906",72848130,"A","A","MGM",0.5,"red"
"2907",72901739,"T","T","MGM",0.5,"red"
"2908",73002023,"G","G","MGM",0.5,"red"
"2909",73002177,"T","T","MGM",0.5,"red"
"2910",73034254,"T","T","MGM",0.5,"red"
"2911",73050564,"G","G","MGM",0.5,"red"
"2912",73152987,"A","A","MGM",0.5,"red"
"2913",73215092,"C","C","MGM",0.5,"red"
"2914",73321892,"A","A","MGM",0.5,"red"
"2915",73380008,"C","C","MGM",0.5,"red"
"2916",73389788,"T","T","MGM",0.5,"red"
"2917",73390115,"C","C","MGM",0.5,"red"
"2918",73422412,"A","A","MGM",0.5,"red"
"2919",73472626,"G","G","MGM",0.5,"red"
"2920",73523335,"G","G","MGM",0.5,"red"
"2921",73532993,"G","G","MGM",0.5,"red"
"2922",73535825,"T","T","MGM",0.5,"red"
"2923",73549327,"G","G","MGM",0.5,"red"
"2924",73568879,"C","C","MGM",0.5,"red"
"2925",73569476,"C","C","MGM",0.5,"red"
"2926",76717074,"T","T","MGM",0.5,"red"
"2927",76930578,"C","C","MGM",0.5,"red"
"2928",77040956,"A","A","MGM",0.5,"red"
"2929",77268502,"C","C","MGM",0.5,"red"
"2930",77274859,"A","A","MGM",0.5,"red"
"2931",77290731,"C","C","MGM",0.5,"red"
"2932",77360306,"G","G","MGM",0.5,"red"
"2933",77361669,"A","A","MGM",0.5,"red"
"2934",77370520,"G","G","MGM",0.5,"red"
"2935",77372275,"C","C","MGM",0.5,"red"
"2936",77395900,"T","T","MGM",0.5,"red"
"2937",77458497,"C","C","MGM",0.5,"red"
"2938",77476591,"A","A","MGM",0.5,"red"
"2939",77502258,"G","G","MGM",0.5,"red"
"2940",77526826,"C","C","MGM",0.5,"red"
"2941",77528317,"G","G","MGM",0.5,"red"
"2942",77532103,"G","G","MGM",0.5,"red"
"2943",77590322,"G","G","MGM",0.5,"red"
"2944",77648203,"A","A","MGM",0.5,"red"
"2945",77732274,"C","C","MGM",0.5,"red"
"2946",77740836,"G","G","MGM",0.5,"red"
"2947",77753327,"C","C","MGM",0.5,"red"
"2948",77756607,"G","G","MGM",0.5,"red"
"2949",77766114,"G","G","MGM",0.5,"red"
"2950",77792019,"C","C","MGM",0.5,"red"
"2951",77831140,"G","G","MGM",0.5,"red"
"2952",77864059,"T","T","MGM",0.5,"red"
"2953",77927324,"G","G","MGM",0.5,"red"
"2954",77929807,"G","G","MGM",0.5,"red"
"2955",77938401,"C","C","MGM",0.5,"red"
"2956",77964794,"A","A","MGM",0.5,"red"
"2957",77981687,"T","T","MGM",0.5,"red"
"2958",78629178,"C","C","MGM",0.5,"red"
"2959",78649193,"T","T","MGM",0.5,"red"
"2960",78670840,"A","A","MGM",0.5,"red"
"2961",78671087,"G","G","MGM",0.5,"red"
"2962",78672086,"T","T","MGM",0.5,"red"
"2963",78695112,"T","T","MGM",0.5,"red"
"2964",78703107,"A","A","MGM",0.5,"red"
"2965",78703371,"C","C","MGM",0.5,"red"
"2966",78704704,"T","T","MGM",0.5,"red"
"2967",78736430,"A","A","MGM",0.5,"red"
"2968",78773099,"C","C","MGM",0.5,"red"
"2969",78798170,"G","G","MGM",0.5,"red"
"2970",78832608,"T","T","MGM",0.5,"red"
"2971",79041928,"A","A","MGM",0.5,"red"
"2972",79125492,"A","A","MGM",0.5,"red"
"2973",79203277,"A","A","MGM",0.5,"red"
"2974",79281397,"T","T","MGM",0.5,"red"
"2975",79288555,"A","A","MGM",0.5,"red"
"2976",79339946,"T","T","MGM",0.5,"red"
"2977",79342388,"T","T","MGM",0.5,"red"
"2978",79343129,"G","G","MGM",0.5,"red"
"2979",79361481,"C","C","MGM",0.5,"red"
"2980",79364210,"G","G","MGM",0.5,"red"
"2981",79373506,"G","G","MGM",0.5,"red"
"2982",79387319,"A","A","MGM",0.5,"red"
"2983",79431300,"G","G","MGM",0.5,"red"
"2984",79436348,"T","T","MGM",0.5,"red"
"2985",79441579,"G","G","MGM",0.5,"red"
"2986",79467086,"C","C","MGM",0.5,"red"
"2987",79469227,"C","C","MGM",0.5,"red"
"2988",79473583,"A","A","MGM",0.5,"red"
"2989",79475728,"T","T","MGM",0.5,"red"
"2990",79617236,"A","A","MGM",0.5,"red"
"2991",79948164,"G","G","MGM",0.5,"red"
"2992",80299391,"A","A","MGM",0.5,"red"
"2993",81278268,"T","T","MGM",0.5,"red"
"2994",81677224,"A","A","MGM",0.5,"red"
"2995",81731455,"C","C","MGM",0.5,"red"
"2996",81790262,"A","A","MGM",0.5,"red"
"2997",81795338,"A","A","MGM",0.5,"red"
"2998",81949554,"G","G","MGM",0.5,"red"
"2999",81960963,"A","A","MGM",0.5,"red"
"3000",81973894,"A","A","MGM",0.5,"red"
"3001",81981222,"C","C","MGM",0.5,"red"
"3002",81990838,"T","T","MGM",0.5,"red"
"3003",82015845,"T","T","MGM",0.5,"red"
"3004",82051198,"T","T","MGM",0.5,"red"
"3005",82055602,"A","A","MGM",0.5,"red"
"3006",82064591,"G","G","MGM",0.5,"red"
"3007",82069522,"G","G","MGM",0.5,"red"
"3008",82081122,"C","C","MGM",0.5,"red"
"3009",82123832,"T","T","MGM",0.5,"red"
"3010",82134150,"T","T","MGM",0.5,"red"
"3011",82148676,"T","T","MGM",0.5,"red"
"3012",82169637,"G","G","MGM",0.5,"red"
"3013",82181788,"G","G","MGM",0.5,"red"
"3014",82236712,"C","C","MGM",0.5,"red"
"3015",82236967,"A","A","MGM",0.5,"red"
"3016",82242793,"A","A","MGM",0.5,"red"
"3017",82256007,"A","A","MGM",0.5,"red"
"3018",82264785,"T","T","MGM",0.5,"red"
"3019",82270818,"A","A","MGM",0.5,"red"
"3020",82276748,"C","C","MGM",0.5,"red"
"3021",82562274,"T","T","MGM",0.5,"red"
"3022",82795961,"T","T","MGM",0.5,"red"
"3023",82813048,"G","G","MGM",0.5,"red"
"3024",82821765,"A","A","MGM",0.5,"red"
"3025",82824529,"G","G","MGM",0.5,"red"
"3026",82876367,"T","T","MGM",0.5,"red"
"3027",82937066,"T","T","MGM",0.5,"red"
"3028",82967069,"C","C","MGM",0.5,"red"
"3029",82987996,"A","A","MGM",0.5,"red"
"3030",83123569,"G","G","MGM",0.5,"red"
"3031",83504331,"T","T","MGM",0.5,"red"
"3032",83510359,"A","A","MGM",0.5,"red"
"3033",83514450,"G","G","MGM",0.5,"red"
"3034",83523916,"G","G","MGM",0.5,"red"
"3035",83524979,"G","G","MGM",0.5,"red"
"3036",83525913,"G","G","MGM",0.5,"red"
"3037",83540717,"T","T","MGM",0.5,"red"
"3038",83542529,"A","A","MGM",0.5,"red"
"3039",83548209,"A","A","MGM",0.5,"red"
"3040",83562000,"G","G","MGM",0.5,"red"
"3041",83591866,"T","T","MGM",0.5,"red"
"3042",84152731,"A","A","MGM",0.5,"red"
"3043",84155638,"A","A","MGM",0.5,"red"
"3044",84198075,"A","A","MGM",0.5,"red"
"3045",84231953,"T","T","MGM",0.5,"red"
"3046",84234997,"A","A","MGM",0.5,"red"
"3047",84261828,"G","G","MGM",0.5,"red"
"3048",84277235,"C","C","MGM",0.5,"red"
"3049",84329670,"G","G","MGM",0.5,"red"
"3050",84363140,"G","G","MGM",0.5,"red"
"3051",84370893,"T","T","MGM",0.5,"red"
"3052",84375965,"T","T","MGM",0.5,"red"
"3053",84393236,"C","C","MGM",0.5,"red"
"3054",84395871,"T","T","MGM",0.5,"red"
"3055",84411710,"T","T","MGM",0.5,"red"
"3056",84475720,"A","A","MGM",0.5,"red"
"3057",84481603,"C","C","MGM",0.5,"red"
"3058",84563135,"A","A","MGM",0.5,"red"
"3059",84625516,"C","C","MGM",0.5,"red"
"3060",85052971,"G","G","MGM",0.5,"red"
"3061",85065849,"T","T","MGM",0.5,"red"
"3062",85065924,"T","T","MGM",0.5,"red"
"3063",85072282,"A","A","MGM",0.5,"red"
"3064",85085060,"T","T","MGM",0.5,"red"
"3065",85091627,"A","A","MGM",0.5,"red"
"3066",85097611,"A","A","MGM",0.5,"red"
"3067",85104498,"C","C","MGM",0.5,"red"
"3068",85108838,"C","C","MGM",0.5,"red"
"3069",85156911,"C","C","MGM",0.5,"red"
"3070",85157203,"A","A","MGM",0.5,"red"
"3071",85194631,"C","C","MGM",0.5,"red"
"3072",85200129,"A","A","MGM",0.5,"red"
"3073",85200731,"A","A","MGM",0.5,"red"
"3074",85201653,"T","T","MGM",0.5,"red"
"3075",85210621,"T","T","MGM",0.5,"red"
"3076",85213190,"T","T","MGM",0.5,"red"
"3077",85217882,"G","G","MGM",0.5,"red"
"3078",85220131,"G","G","MGM",0.5,"red"
"3079",85233447,"T","T","MGM",0.5,"red"
"3080",85264215,"T","T","MGM",0.5,"red"
"3081",85278342,"T","T","MGM",0.5,"red"
"3082",85300759,"A","A","MGM",0.5,"red"
"3083",85300977,"G","G","MGM",0.5,"red"
"3084",85353754,"C","C","MGM",0.5,"red"
"3085",85354162,"G","G","MGM",0.5,"red"
"3086",85357492,"A","A","MGM",0.5,"red"
"3087",85382464,"C","C","MGM",0.5,"red"
"3088",85384788,"C","C","MGM",0.5,"red"
"3089",85393785,"T","T","MGM",0.5,"red"
"3090",85430358,"T","T","MGM",0.5,"red"
"3091",85524627,"C","C","MGM",0.5,"red"
"3092",85525561,"A","A","MGM",0.5,"red"
"3093",85528760,"T","T","MGM",0.5,"red"
"3094",85539420,"T","T","MGM",0.5,"red"
"3095",85553808,"G","G","MGM",0.5,"red"
"3096",85554385,"C","C","MGM",0.5,"red"
"3097",85558345,"G","G","MGM",0.5,"red"
"3098",85568809,"T","T","MGM",0.5,"red"
"3099",85601245,"T","T","MGM",0.5,"red"
"3100",85619662,"A","A","MGM",0.5,"red"
"3101",85630984,"T","T","MGM",0.5,"red"
"3102",85641897,"T","T","MGM",0.5,"red"
"3103",85668695,"C","C","MGM",0.5,"red"
"3104",85755108,"G","G","MGM",0.5,"red"
"3105",85760440,"G","G","MGM",0.5,"red"
"3106",86187124,"A","A","MGM",0.5,"red"
"3107",86193988,"T","T","MGM",0.5,"red"
"3108",86197729,"C","C","MGM",0.5,"red"
"3109",86257791,"C","C","MGM",0.5,"red"
"3110",86259838,"T","T","MGM",0.5,"red"
"3111",86270243,"C","C","MGM",0.5,"red"
"3112",86274376,"T","T","MGM",0.5,"red"
"3113",86292014,"C","C","MGM",0.5,"red"
"3114",86297864,"A","A","MGM",0.5,"red"
"3115",86304761,"T","T","MGM",0.5,"red"
"3116",86342402,"T","T","MGM",0.5,"red"
"3117",86343614,"G","G","MGM",0.5,"red"
"3118",86416874,"A","A","MGM",0.5,"red"
"3119",86420640,"C","C","MGM",0.5,"red"
"3120",86428036,"C","C","MGM",0.5,"red"
"3121",86436251,"T","T","MGM",0.5,"red"
"3122",86448601,"G","G","MGM",0.5,"red"
"3123",86448971,"A","A","MGM",0.5,"red"
"3124",86470056,"T","T","MGM",0.5,"red"
"3125",86471821,"G","G","MGM",0.5,"red"
"3126",86481765,"C","C","MGM",0.5,"red"
"3127",86483059,"A","A","MGM",0.5,"red"
"3128",86501447,"T","T","MGM",0.5,"red"
"3129",86506940,"T","T","MGM",0.5,"red"
"3130",86531703,"T","T","MGM",0.5,"red"
"3131",86535283,"T","T","MGM",0.5,"red"
"3132",86550046,"T","T","MGM",0.5,"red"
"3133",86563949,"C","C","MGM",0.5,"red"
"3134",86571119,"T","T","MGM",0.5,"red"
"3135",86576377,"A","A","MGM",0.5,"red"
"3136",86585946,"C","C","MGM",0.5,"red"
"3137",86623256,"A","A","MGM",0.5,"red"
"3138",86623492,"C","C","MGM",0.5,"red"
"3139",86623649,"A","A","MGM",0.5,"red"
"3140",86630389,"T","T","MGM",0.5,"red"
"3141",86648549,"G","G","MGM",0.5,"red"
"3142",86651649,"T","T","MGM",0.5,"red"
"3143",86652039,"G","G","MGM",0.5,"red"
"3144",86657656,"C","C","MGM",0.5,"red"
"3145",86659426,"C","C","MGM",0.5,"red"
"3146",86676845,"C","C","MGM",0.5,"red"
"3147",86687210,"C","C","MGM",0.5,"red"
"3148",86716017,"C","C","MGM",0.5,"red"
"3149",86717461,"G","G","MGM",0.5,"red"
"3150",86718484,"A","A","MGM",0.5,"red"
"3151",86742460,"C","C","MGM",0.5,"red"
"3152",86766341,"T","T","MGM",0.5,"red"
"3153",86852223,"A","A","MGM",0.5,"red"
"3154",86862429,"C","C","MGM",0.5,"red"
"3155",86869103,"G","G","MGM",0.5,"red"
"3156",86872756,"A","A","MGM",0.5,"red"
"3157",86887244,"T","T","MGM",0.5,"red"
"3158",86889557,"C","C","MGM",0.5,"red"
"3159",86905953,"G","G","MGM",0.5,"red"
"3160",86913672,"G","G","MGM",0.5,"red"
"3161",86922086,"G","G","MGM",0.5,"red"
"3162",86936536,"T","T","MGM",0.5,"red"
"3163",87177392,"A","A","MGM",0.5,"red"
"3164",87193822,"C","C","MGM",0.5,"red"
"3165",87207211,"T","T","MGM",0.5,"red"
"3166",87216215,"A","A","MGM",0.5,"red"
"3167",87238699,"G","G","MGM",0.5,"red"
"3168",87240701,"T","T","MGM",0.5,"red"
"3169",87241081,"G","G","MGM",0.5,"red"
"3170",87312495,"G","G","MGM",0.5,"red"
"3171",87333063,"T","T","MGM",0.5,"red"
"3172",87343481,"A","A","MGM",0.5,"red"
"3173",87351834,"T","T","MGM",0.5,"red"
"3174",87355848,"G","G","MGM",0.5,"red"
"3175",87381304,"C","C","MGM",0.5,"red"
"3176",87752868,"T","T","MGM",0.5,"red"
"3177",87772571,"G","G","MGM",0.5,"red"
"3178",87774007,"C","C","MGM",0.5,"red"
"3179",87821623,"G","G","MGM",0.5,"red"
"3180",87822200,"G","G","MGM",0.5,"red"
"3181",87824662,"A","A","MGM",0.5,"red"
"3182",87829343,"A","A","MGM",0.5,"red"
"3183",87994815,"T","T","MGM",0.5,"red"
"3184",87998812,"T","T","MGM",0.5,"red"
"3185",88008807,"G","G","MGM",0.5,"red"
"3186",88123979,"G","G","MGM",0.5,"red"
"3187",88137460,"T","T","MGM",0.5,"red"
"3188",88193497,"A","A","MGM",0.5,"red"
"3189",88199187,"G","G","MGM",0.5,"red"
"3190",88212434,"A","A","MGM",0.5,"red"
"3191",88224549,"C","C","MGM",0.5,"red"
"3192",88234393,"T","T","MGM",0.5,"red"
"3193",88236598,"C","C","MGM",0.5,"red"
"3194",88304547,"C","C","MGM",0.5,"red"
"3195",88313300,"A","A","MGM",0.5,"red"
"3196",88313506,"G","G","MGM",0.5,"red"
"3197",88348549,"G","G","MGM",0.5,"red"
"3198",88365553,"G","G","MGM",0.5,"red"
"3199",88405948,"C","C","MGM",0.5,"red"
"3200",88415991,"T","T","MGM",0.5,"red"
"3201",88443340,"T","T","MGM",0.5,"red"
"3202",88444180,"A","A","MGM",0.5,"red"
"3203",88452214,"T","T","MGM",0.5,"red"
"3204",88733861,"G","G","MGM",0.5,"red"
"3205",89151646,"T","T","MGM",0.5,"red"
"3206",89177673,"G","G","MGM",0.5,"red"
"3207",89263034,"G","G","MGM",0.5,"red"
"3208",89274542,"T","T","MGM",0.5,"red"
"3209",89279071,"G","G","MGM",0.5,"red"
"3210",89293465,"A","A","MGM",0.5,"red"
"3211",89525417,"A","A","MGM",0.5,"red"
"3212",89616943,"A","A","MGM",0.5,"red"
"3213",89637054,"T","T","MGM",0.5,"red"
"3214",90071331,"G","A","MGF",1.5,"blue"
"3215",90115280,"A","G","MGF",1.5,"blue"
"3216",90305713,"C","T","MGF",1.5,"blue"
"3217",90320741,"C","T","MGF",1.5,"blue"
"3218",90322731,"T","C","MGF",1.5,"blue"
"3219",90330083,"A","G","MGF",1.5,"blue"
"3220",90334486,"A","G","MGF",1.5,"blue"
"3221",90408133,"A","G","MGF",1.5,"blue"
"3222",90557537,"C","A","MGF",1.5,"blue"
"3223",90561715,"T","C","MGF",1.5,"blue"
"3224",90568001,"C","T","MGF",1.5,"blue"
"3225",90626572,"A","G","MGF",1.5,"blue"
"3226",90629230,"G","T","MGF",1.5,"blue"
"3227",90634308,"C","T","MGF",1.5,"blue"
"3228",90658632,"C","T","MGF",1.5,"blue"
"3229",90668380,"G","A","MGF",1.5,"blue"
"3230",90906815,"G","A","MGF",1.5,"blue"
"3231",90994770,"T","C","MGF",1.5,"blue"
"3232",91040630,"T","G","MGF",1.5,"blue"
"3233",91063807,"C","T","MGF",1.5,"blue"
"3234",91158935,"G","A","MGF",1.5,"blue"
"3235",91367206,"G","A","MGF",1.5,"blue"
"3236",91428477,"A","C","MGF",1.5,"blue"
"3237",91431584,"G","A","MGF",1.5,"blue"
"3238",91468258,"G","A","MGF",1.5,"blue"
"3239",91494654,"G","A","MGF",1.5,"blue"
"3240",91496063,"G","T","MGF",1.5,"blue"
"3241",91500965,"T","C","MGF",1.5,"blue"
"3242",91527500,"G","A","MGF",1.5,"blue"
"3243",91577490,"A","G","MGF",1.5,"blue"
"3244",91601729,"A","G","MGF",1.5,"blue"
"3245",91607214,"A","G","MGF",1.5,"blue"
"3246",91704677,"C","T","MGF",1.5,"blue"
"3247",91835588,"A","G","MGF",1.5,"blue"
"3248",91836167,"G","A","MGF",1.5,"blue"
"3249",92102646,"G","A","MGF",1.5,"blue"
"3250",92269581,"C","T","MGF",1.5,"blue"
"3251",92336034,"A","G","MGF",1.5,"blue"
"3252",92504160,"C","A","MGF",1.5,"blue"
"3253",92510931,"A","G","MGF",1.5,"blue"
"3254",92517765,"A","C","MGF",1.5,"blue"
"3255",92523727,"A","C","MGF",1.5,"blue"
"3256",92529428,"T","C","MGF",1.5,"blue"
"3257",92534804,"T","C","MGF",1.5,"blue"
"3258",92536936,"T","C","MGF",1.5,"blue"
"3259",92541077,"C","T","MGF",1.5,"blue"
"3260",92542093,"T","C","MGF",1.5,"blue"
"3261",92549844,"T","C","MGF",1.5,"blue"
"3262",92562508,"C","T","MGF",1.5,"blue"
"3263",92564040,"G","A","MGF",1.5,"blue"
"3264",92584678,"C","T","MGF",1.5,"blue"
"3265",92592359,"T","C","MGF",1.5,"blue"
"3266",92594352,"C","T","MGF",1.5,"blue"
"3267",92603570,"G","A","MGF",1.5,"blue"
"3268",92620062,"T","C","MGF",1.5,"blue"
"3269",92620821,"G","T","MGF",1.5,"blue"
"3270",92627869,"T","C","MGF",1.5,"blue"
"3271",92634371,"C","A","MGF",1.5,"blue"
"3272",92650284,"C","T","MGF",1.5,"blue"
"3273",92671748,"G","A","MGF",1.5,"blue"
"3274",92674286,"C","T","MGF",1.5,"blue"
"3275",92717510,"A","G","MGF",1.5,"blue"
"3276",92718625,"T","C","MGF",1.5,"blue"
"3277",92719569,"C","T","MGF",1.5,"blue"
"3278",92720674,"G","A","MGF",1.5,"blue"
"3279",92746625,"C","T","MGF",1.5,"blue"
"3280",92760009,"C","T","MGF",1.5,"blue"
"3281",92761403,"A","G","MGF",1.5,"blue"
"3282",92780838,"T","C","MGF",1.5,"blue"
"3283",92782494,"T","C","MGF",1.5,"blue"
"3284",92786314,"T","C","MGF",1.5,"blue"
"3285",92792020,"G","A","MGF",1.5,"blue"
"3286",92946718,"A","G","MGF",1.5,"blue"
"3287",92947672,"T","C","MGF",1.5,"blue"
"3288",92955994,"T","G","MGF",1.5,"blue"
"3289",92964150,"G","A","MGF",1.5,"blue"
"3290",92974432,"G","T","MGF",1.5,"blue"
"3291",92987550,"C","A","MGF",1.5,"blue"
"3292",92993336,"A","G","MGF",1.5,"blue"
"3293",92997414,"C","A","MGF",1.5,"blue"
"3294",92997810,"T","G","MGF",1.5,"blue"
"3295",93033123,"G","T","MGF",1.5,"blue"
"3296",93045720,"G","T","MGF",1.5,"blue"
"3297",93053875,"A","G","MGF",1.5,"blue"
"3298",93074094,"A","G","MGF",1.5,"blue"
"3299",93350134,"G","A","MGF",1.5,"blue"
"3300",93350616,"C","T","MGF",1.5,"blue"
"3301",93350776,"A","G","MGF",1.5,"blue"
"3302",93351801,"G","A","MGF",1.5,"blue"
"3303",93356080,"C","T","MGF",1.5,"blue"
"3304",93369316,"G","T","MGF",1.5,"blue"
"3305",93392507,"G","A","MGF",1.5,"blue"
"3306",93423195,"A","G","MGF",1.5,"blue"
"3307",93429578,"A","G","MGF",1.5,"blue"
"3308",93687291,"C","T","MGF",1.5,"blue"
"3309",93690891,"G","A","MGF",1.5,"blue"
"3310",93701930,"T","C","MGF",1.5,"blue"
"3311",93705522,"C","T","MGF",1.5,"blue"
"3312",93717871,"C","T","MGF",1.5,"blue"
"3313",93754041,"C","T","MGF",1.5,"blue"
"3314",93768608,"G","A","MGF",1.5,"blue"
"3315",93803368,"G","T","MGF",1.5,"blue"
"3316",93805850,"C","T","MGF",1.5,"blue"
"3317",93824912,"C","T","MGF",1.5,"blue"
"3318",93832427,"T","G","MGF",1.5,"blue"
"3319",93845839,"C","T","MGF",1.5,"blue"
"3320",93950983,"G","A","MGF",1.5,"blue"
"3321",93982565,"G","A","MGF",1.5,"blue"
"3322",93987612,"T","C","MGF",1.5,"blue"
"3323",94010176,"G","A","MGF",1.5,"blue"
"3324",94011024,"T","G","MGF",1.5,"blue"
"3325",94029693,"G","A","MGF",1.5,"blue"
"3326",94036285,"G","A","MGF",1.5,"blue"
"3327",94065124,"C","T","MGF",1.5,"blue"
"3328",94106206,"G","A","MGF",1.5,"blue"
"3329",94178017,"G","T","MGF",1.5,"blue"
"3330",94185517,"G","A","MGF",1.5,"blue"
"3331",94193068,"A","G","MGF",1.5,"blue"
"3332",94193765,"C","A","MGF",1.5,"blue"
"3333",94210769,"A","C","MGF",1.5,"blue"
"3334",94219712,"C","T","MGF",1.5,"blue"
"3335",94223083,"A","G","MGF",1.5,"blue"
"3336",94223303,"G","A","MGF",1.5,"blue"
"3337",94226567,"G","A","MGF",1.5,"blue"
"3338",94237578,"T","G","MGF",1.5,"blue"
"3339",94312245,"G","A","MGF",1.5,"blue"
"3340",94314713,"A","G","MGF",1.5,"blue"
"3341",94325122,"C","A","MGF",1.5,"blue"
"3342",94338739,"G","A","MGF",1.5,"blue"
"3343",94354779,"A","G","MGF",1.5,"blue"
"3344",94355773,"G","A","MGF",1.5,"blue"
"3345",94389482,"A","C","MGF",1.5,"blue"
"3346",94535408,"T","C","MGF",1.5,"blue"
"3347",94770092,"A","C","MGF",1.5,"blue"
"3348",95079072,"G","T","MGF",1.5,"blue"
"3349",95079791,"A","G","MGF",1.5,"blue"
"3350",95116320,"G","A","MGF",1.5,"blue"
"3351",95202011,"C","T","MGF",1.5,"blue"
"3352",95205642,"T","C","MGF",1.5,"blue"
"3353",95207838,"A","G","MGF",1.5,"blue"
"3354",95221418,"A","G","MGF",1.5,"blue"
"3355",95227222,"A","G","MGF",1.5,"blue"
"3356",95270068,"A","G","MGF",1.5,"blue"
"3357",95291887,"C","T","MGF",1.5,"blue"
"3358",95302816,"T","C","MGF",1.5,"blue"
"3359",95307218,"A","G","MGF",1.5,"blue"
"3360",95307942,"T","C","MGF",1.5,"blue"
"3361",95324619,"A","G","MGF",1.5,"blue"
"3362",95329451,"A","G","MGF",1.5,"blue"
"3363",95786184,"G","A","MGF",1.5,"blue"
"3364",95790819,"G","A","MGF",1.5,"blue"
"3365",95796116,"T","C","MGF",1.5,"blue"
"3366",95799839,"T","C","MGF",1.5,"blue"
"3367",95814459,"C","T","MGF",1.5,"blue"
"3368",95815918,"G","A","MGF",1.5,"blue"
"3369",95818217,"G","A","MGF",1.5,"blue"
"3370",95823962,"A","G","MGF",1.5,"blue"
"3371",95826804,"A","G","MGF",1.5,"blue"
"3372",95834378,"C","A","MGF",1.5,"blue"
"3373",95834492,"C","A","MGF",1.5,"blue"
"3374",95837602,"G","A","MGF",1.5,"blue"
"3375",95838889,"T","C","MGF",1.5,"blue"
"3376",95846838,"T","G","MGF",1.5,"blue"
"3377",95860898,"A","G","MGF",1.5,"blue"
"3378",95863272,"T","C","MGF",1.5,"blue"
"3379",95992855,"G","A","MGF",1.5,"blue"
"3380",96042106,"A","C","MGF",1.5,"blue"
"3381",96050280,"A","G","MGF",1.5,"blue"
"3382",96086252,"C","T","MGF",1.5,"blue"
"3383",96093701,"C","T","MGF",1.5,"blue"
"3384",96103367,"G","A","MGF",1.5,"blue"
"3385",96120526,"C","T","MGF",1.5,"blue"
"3386",96134405,"A","G","MGF",1.5,"blue"
"3387",96139406,"G","A","MGF",1.5,"blue"
"3388",96139459,"T","C","MGF",1.5,"blue"
"3389",96142519,"C","T","MGF",1.5,"blue"
"3390",96144754,"A","G","MGF",1.5,"blue"
"3391",96162702,"G","A","MGF",1.5,"blue"
"3392",96163362,"G","A","MGF",1.5,"blue"
"3393",96165977,"G","A","MGF",1.5,"blue"
"3394",96176616,"A","G","MGF",1.5,"blue"
"3395",96184493,"G","A","MGF",1.5,"blue"
"3396",96196880,"G","A","MGF",1.5,"blue"
"3397",96208158,"G","A","MGF",1.5,"blue"
"3398",96213213,"C","T","MGF",1.5,"blue"
"3399",96246045,"A","G","MGF",1.5,"blue"
"3400",96250021,"T","C","MGF",1.5,"blue"
"3401",96264486,"C","T","MGF",1.5,"blue"
"3402",96272138,"G","A","MGF",1.5,"blue"
"3403",96277318,"A","G","MGF",1.5,"blue"
"3404",96295116,"A","G","MGF",1.5,"blue"
"3405",96303496,"A","G","MGF",1.5,"blue"
"3406",96310258,"A","G","MGF",1.5,"blue"
"3407",96319939,"T","C","MGF",1.5,"blue"
"3408",96322487,"A","G","MGF",1.5,"blue"
"3409",96326077,"C","A","MGF",1.5,"blue"
"3410",96330545,"G","A","MGF",1.5,"blue"
"3411",96335576,"T","C","MGF",1.5,"blue"
"3412",96347846,"A","G","MGF",1.5,"blue"
"3413",96372415,"A","G","MGF",1.5,"blue"
"3414",96391627,"G","A","MGF",1.5,"blue"
"3415",96394170,"C","T","MGF",1.5,"blue"
"3416",96397369,"G","A","MGF",1.5,"blue"
"3417",96398189,"T","C","MGF",1.5,"blue"
"3418",96402056,"G","A","MGF",1.5,"blue"
"3419",96403506,"C","T","MGF",1.5,"blue"
"3420",96403875,"C","T","MGF",1.5,"blue"
"3421",96411668,"A","G","MGF",1.5,"blue"
"3422",96412556,"G","A","MGF",1.5,"blue"
"3423",96466177,"G","A","MGF",1.5,"blue"
"3424",96480052,"A","G","MGF",1.5,"blue"
"3425",96521872,"G","A","MGF",1.5,"blue"
"3426",96543884,"G","A","MGF",1.5,"blue"
"3427",96580243,"T","G","MGF",1.5,"blue"
"3428",96581954,"A","G","MGF",1.5,"blue"
"3429",96683792,"A","G","MGF",1.5,"blue"
"3430",96709195,"T","C","MGF",1.5,"blue"
"3431",96724467,"C","T","MGF",1.5,"blue"
"3432",96744639,"A","G","MGF",1.5,"blue"
"3433",96745178,"A","G","MGF",1.5,"blue"
"3434",96777704,"T","C","MGF",1.5,"blue"
"3435",96806922,"C","T","MGF",1.5,"blue"
"3436",96854030,"A","G","MGF",1.5,"blue"
"3437",96872484,"G","T","MGF",1.5,"blue"
"3438",96920953,"G","A","MGF",1.5,"blue"
"3439",96928746,"C","T","MGF",1.5,"blue"
"3440",96929483,"G","A","MGF",1.5,"blue"
"3441",96932047,"C","A","MGF",1.5,"blue"
"3442",96932550,"A","G","MGF",1.5,"blue"
"3443",96941789,"A","G","MGF",1.5,"blue"
"3444",96947642,"T","C","MGF",1.5,"blue"
"3445",97045845,"G","A","MGF",1.5,"blue"
"3446",97048523,"C","A","MGF",1.5,"blue"
"3447",97050659,"T","C","MGF",1.5,"blue"
"3448",97066496,"A","G","MGF",1.5,"blue"
"3449",97071001,"A","G","MGF",1.5,"blue"
"3450",97080344,"T","G","MGF",1.5,"blue"
"3451",97088843,"G","A","MGF",1.5,"blue"
"3452",97108437,"T","C","MGF",1.5,"blue"
"3453",97108881,"C","T","MGF",1.5,"blue"
"3454",97191861,"G","A","MGF",1.5,"blue"
"3455",97365567,"T","C","MGF",1.5,"blue"
"3456",97366773,"G","A","MGF",1.5,"blue"
"3457",97372152,"C","A","MGF",1.5,"blue"
"3458",97394879,"G","A","MGF",1.5,"blue"
"3459",97398789,"T","C","MGF",1.5,"blue"
"3460",97644313,"T","C","MGF",1.5,"blue"
"3461",97655951,"T","C","MGF",1.5,"blue"
"3462",97664621,"A","G","MGF",1.5,"blue"
"3463",97676716,"C","A","MGF",1.5,"blue"
"3464",97688822,"T","C","MGF",1.5,"blue"
"3465",97703480,"G","A","MGF",1.5,"blue"
"3466",97720936,"C","T","MGF",1.5,"blue"
"3467",97729607,"A","G","MGF",1.5,"blue"
"3468",97740108,"A","G","MGF",1.5,"blue"
"3469",97742503,"G","A","MGF",1.5,"blue"
"3470",97753320,"T","C","MGF",1.5,"blue"
"3471",97756626,"C","T","MGF",1.5,"blue"
"3472",97761493,"G","A","MGF",1.5,"blue"
"3473",97767953,"T","G","MGF",1.5,"blue"
"3474",97776700,"G","A","MGF",1.5,"blue"
"3475",97798259,"A","C","MGF",1.5,"blue"
"3476",97810646,"T","C","MGF",1.5,"blue"
"3477",97825820,"A","G","MGF",1.5,"blue"
"3478",97858096,"C","T","MGF",1.5,"blue"
"3479",97860699,"C","A","MGF",1.5,"blue"
"3480",97873641,"C","T","MGF",1.5,"blue"
"3481",97897126,"C","T","MGF",1.5,"blue"
"3482",97909950,"G","A","MGF",1.5,"blue"
"3483",97920245,"C","T","MGF",1.5,"blue"
"3484",97938086,"A","G","MGF",1.5,"blue"
"3485",97990043,"C","T","MGF",1.5,"blue"
"3486",97996376,"A","G","MGF",1.5,"blue"
"3487",98062551,"A","C","MGF",1.5,"blue"
"3488",98079332,"T","G","MGF",1.5,"blue"
"3489",98094673,"G","A","MGF",1.5,"blue"
"3490",98110226,"T","C","MGF",1.5,"blue"
"3491",98129020,"C","T","MGF",1.5,"blue"
"3492",98132938,"G","T","MGF",1.5,"blue"
"3493",98233237,"G","A","MGF",1.5,"blue"
"3494",98236099,"T","C","MGF",1.5,"blue"
"3495",98400722,"G","A","MGF",1.5,"blue"
"3496",98437085,"A","G","MGF",1.5,"blue"
"3497",98655176,"G","T","MGF",1.5,"blue"
"3498",98671249,"G","A","MGF",1.5,"blue"
"3499",99058064,"T","C","MGF",1.5,"blue"
"3500",99168638,"C","T","MGF",1.5,"blue"
"3501",99175377,"A","G","MGF",1.5,"blue"
"3502",99177162,"C","T","MGF",1.5,"blue"
"3503",99184223,"G","A","MGF",1.5,"blue"
"3504",99246879,"A","G","MGF",1.5,"blue"
"3505",99261660,"T","C","MGF",1.5,"blue"
"3506",99264309,"A","G","MGF",1.5,"blue"
"3507",99283736,"A","G","MGF",1.5,"blue"
"3508",99289372,"A","G","MGF",1.5,"blue"
"3509",99292973,"C","T","MGF",1.5,"blue"
"3510",99302560,"G","A","MGF",1.5,"blue"
"3511",99304950,"G","A","MGF",1.5,"blue"
"3512",99335110,"G","T","MGF",1.5,"blue"
"3513",99337687,"T","C","MGF",1.5,"blue"
"3514",99355146,"C","T","MGF",1.5,"blue"
"3515",99371258,"G","T","MGF",1.5,"blue"
"3516",99398544,"G","A","MGF",1.5,"blue"
"3517",99422029,"T","C","MGF",1.5,"blue"
"3518",99441815,"T","C","MGF",1.5,"blue"
"3519",99444527,"G","A","MGF",1.5,"blue"
"3520",99452888,"G","A","MGF",1.5,"blue"
"3521",99471917,"C","A","MGF",1.5,"blue"
"3522",99483697,"G","A","MGF",1.5,"blue"
"3523",99486285,"A","G","MGF",1.5,"blue"
"3524",99519274,"G","A","MGF",1.5,"blue"
"3525",99536680,"G","A","MGF",1.5,"blue"
"3526",99545384,"C","T","MGF",1.5,"blue"
"3527",99552280,"G","A","MGF",1.5,"blue"
"3528",99553825,"G","A","MGF",1.5,"blue"
"3529",99645842,"C","T","MGF",1.5,"blue"
"3530",99665285,"G","A","MGF",1.5,"blue"
"3531",99667610,"A","G","MGF",1.5,"blue"
"3532",99672001,"T","G","MGF",1.5,"blue"
"3533",99678848,"C","A","MGF",1.5,"blue"
"3534",99693685,"G","A","MGF",1.5,"blue"
"3535",99700776,"G","A","MGF",1.5,"blue"
"3536",99700786,"T","C","MGF",1.5,"blue"
"3537",99715712,"C","T","MGF",1.5,"blue"
"3538",99725197,"C","T","MGF",1.5,"blue"
"3539",99730702,"G","A","MGF",1.5,"blue"
"3540",99743538,"T","C","MGF",1.5,"blue"
"3541",99743915,"G","A","MGF",1.5,"blue"
"3542",99747494,"T","C","MGF",1.5,"blue"
"3543",99747573,"A","G","MGF",1.5,"blue"
"3544",99768045,"T","C","MGF",1.5,"blue"
"3545",99778403,"G","A","MGF",1.5,"blue"
"3546",99828252,"C","T","MGF",1.5,"blue"
"3547",99830938,"A","G","MGF",1.5,"blue"
"3548",99839570,"C","A","MGF",1.5,"blue"
"3549",99847554,"G","A","MGF",1.5,"blue"
"3550",99853281,"T","C","MGF",1.5,"blue"
"3551",99859283,"T","C","MGF",1.5,"blue"
"3552",99868249,"G","A","MGF",1.5,"blue"
"3553",99870208,"T","G","MGF",1.5,"blue"
"3554",99881576,"T","C","MGF",1.5,"blue"
"3555",99882199,"C","T","MGF",1.5,"blue"
"3556",99884828,"A","G","MGF",1.5,"blue"
"3557",99886830,"C","T","MGF",1.5,"blue"
"3558",99893144,"C","T","MGF",1.5,"blue"
"3559",99896522,"T","C","MGF",1.5,"blue"
"3560",99898859,"G","A","MGF",1.5,"blue"
"3561",99903031,"A","G","MGF",1.5,"blue"
"3562",99904216,"G","T","MGF",1.5,"blue"
"3563",99906205,"G","A","MGF",1.5,"blue"
"3564",99914295,"G","A","MGF",1.5,"blue"
"3565",99919476,"T","C","MGF",1.5,"blue"
"3566",99923722,"C","T","MGF",1.5,"blue"
"3567",99926390,"T","C","MGF",1.5,"blue"
"3568",100130437,"A","G","MGF",1.5,"blue"
"3569",100132844,"A","C","MGF",1.5,"blue"
"3570",100134262,"T","C","MGF",1.5,"blue"
"3571",100135488,"G","A","MGF",1.5,"blue"
"3572",100138968,"G","T","MGF",1.5,"blue"
"3573",100139870,"A","C","MGF",1.5,"blue"
"3574",100209692,"C","T","MGF",1.5,"blue"
"3575",100237938,"A","G","MGF",1.5,"blue"
"3576",100242536,"T","C","MGF",1.5,"blue"
"3577",100254925,"G","A","MGF",1.5,"blue"
"3578",100274624,"T","C","MGF",1.5,"blue"
"3579",100278109,"C","T","MGF",1.5,"blue"
"3580",100282051,"A","G","MGF",1.5,"blue"
"3581",100293555,"T","C","MGF",1.5,"blue"
"3582",100297674,"A","G","MGF",1.5,"blue"
"3583",100305368,"G","A","MGF",1.5,"blue"
"3584",100321087,"T","C","MGF",1.5,"blue"
"3585",100325258,"A","G","MGF",1.5,"blue"
"3586",100508740,"A","G","MGF",1.5,"blue"
"3587",100511098,"C","T","MGF",1.5,"blue"
"3588",100515792,"A","G","MGF",1.5,"blue"
"3589",100521950,"T","C","MGF",1.5,"blue"
"3590",100522602,"C","T","MGF",1.5,"blue"
"3591",100525968,"T","C","MGF",1.5,"blue"
"3592",100528922,"C","T","MGF",1.5,"blue"
"3593",100532924,"A","G","MGF",1.5,"blue"
"3594",100533273,"C","T","MGF",1.5,"blue"
"3595",100543990,"C","T","MGF",1.5,"blue"
"3596",100545817,"T","C","MGF",1.5,"blue"
"3597",100547596,"A","G","MGF",1.5,"blue"
"3598",100555110,"T","C","MGF",1.5,"blue"
"3599",100558798,"A","G","MGF",1.5,"blue"
"3600",100590722,"C","T","MGF",1.5,"blue"
"3601",100593213,"T","G","MGF",1.5,"blue"
"3602",100604681,"C","T","MGF",1.5,"blue"
"3603",100608191,"G","A","MGF",1.5,"blue"
"3604",100611285,"T","C","MGF",1.5,"blue"
"3605",100616989,"C","T","MGF",1.5,"blue"
"3606",100620248,"G","A","MGF",1.5,"blue"
"3607",100631138,"A","G","MGF",1.5,"blue"
"3608",100632637,"C","T","MGF",1.5,"blue"
"3609",100639801,"A","G","MGF",1.5,"blue"
"3610",100641574,"G","A","MGF",1.5,"blue"
"3611",100644567,"T","C","MGF",1.5,"blue"
"3612",100653109,"G","A","MGF",1.5,"blue"
"3613",100653950,"T","C","MGF",1.5,"blue"
"3614",100662921,"T","C","MGF",1.5,"blue"
"3615",100664289,"T","G","MGF",1.5,"blue"
"3616",100673943,"G","A","MGF",1.5,"blue"
"3617",100676289,"T","C","MGF",1.5,"blue"
"3618",100685316,"C","T","MGF",1.5,"blue"
"3619",100686459,"C","T","MGF",1.5,"blue"
"3620",100709693,"C","T","MGF",1.5,"blue"
"3621",102591443,"C","T","MGF",1.5,"blue"
"3622",102591833,"A","G","MGF",1.5,"blue"
"3623",102597095,"G","A","MGF",1.5,"blue"
"3624",102797291,"C","T","MGF",1.5,"blue"
"3625",102807182,"T","C","MGF",1.5,"blue"
"3626",102831217,"T","C","MGF",1.5,"blue"
"3627",102840421,"G","T","MGF",1.5,"blue"
"3628",102909352,"T","G","MGF",1.5,"blue"
"3629",102914338,"A","G","MGF",1.5,"blue"
"3630",102930960,"G","A","MGF",1.5,"blue"
"3631",102944545,"G","A","MGF",1.5,"blue"
"3632",102951652,"A","G","MGF",1.5,"blue"
"3633",102962181,"G","A","MGF",1.5,"blue"
"3634",102964289,"C","T","MGF",1.5,"blue"
"3635",102969775,"G","T","MGF",1.5,"blue"
"3636",102977716,"T","C","MGF",1.5,"blue"
"3637",102978429,"G","A","MGF",1.5,"blue"
"3638",102979992,"A","G","MGF",1.5,"blue"
"3639",102988176,"T","C","MGF",1.5,"blue"
"3640",102991014,"T","C","MGF",1.5,"blue"
"3641",102993243,"A","G","MGF",1.5,"blue"
"3642",102995020,"C","T","MGF",1.5,"blue"
"3643",102996735,"T","C","MGF",1.5,"blue"
"3644",103024664,"C","T","MGF",1.5,"blue"
"3645",103030072,"G","A","MGF",1.5,"blue"
"3646",103040400,"C","T","MGF",1.5,"blue"
"3647",103042882,"C","T","MGF",1.5,"blue"
"3648",103055031,"A","G","MGF",1.5,"blue"
"3649",103077143,"C","T","MGF",1.5,"blue"
"3650",103078223,"A","G","MGF",1.5,"blue"
"3651",103089045,"A","G","MGF",1.5,"blue"
"3652",103111457,"G","A","MGF",1.5,"blue"
"3653",103115549,"C","T","MGF",1.5,"blue"
"3654",103145899,"T","C","MGF",1.5,"blue"
"3655",103179170,"G","A","MGF",1.5,"blue"
"3656",103188067,"C","T","MGF",1.5,"blue"
"3657",103200296,"G","A","MGF",1.5,"blue"
"3658",103207853,"C","T","MGF",1.5,"blue"
"3659",103210117,"A","G","MGF",1.5,"blue"
"3660",103268241,"G","A","MGF",1.5,"blue"
"3661",103375026,"T","G","MGF",1.5,"blue"
"3662",103402889,"A","G","MGF",1.5,"blue"
"3663",103415785,"C","T","MGF",1.5,"blue"
"3664",103437789,"A","G","MGF",1.5,"blue"
"3665",103489369,"T","C","MGF",1.5,"blue"
"3666",103495747,"C","T","MGF",1.5,"blue"
"3667",103528681,"A","C","MGF",1.5,"blue"
"3668",103692645,"A","G","MGF",1.5,"blue"
"3669",103692988,"G","A","MGF",1.5,"blue"
"3670",103717467,"T","C","MGF",1.5,"blue"
"3671",103725948,"C","T","MGF",1.5,"blue"
"3672",103741153,"G","A","MGF",1.5,"blue"
"3673",103743251,"G","A","MGF",1.5,"blue"
"3674",103789210,"G","A","MGF",1.5,"blue"
"3675",103812248,"C","A","MGF",1.5,"blue"
"3676",103825035,"C","T","MGF",1.5,"blue"
"3677",103831882,"T","G","MGF",1.5,"blue"
"3678",103857536,"A","G","MGF",1.5,"blue"
"3679",103894735,"C","T","MGF",1.5,"blue"
"3680",103912303,"A","C","MGF",1.5,"blue"
"3681",103927653,"T","C","MGF",1.5,"blue"
"3682",103931695,"A","G","MGF",1.5,"blue"
"3683",103933713,"G","T","MGF",1.5,"blue"
"3684",104024040,"G","A","MGF",1.5,"blue"
"3685",104049738,"T","C","MGF",1.5,"blue"
"3686",104064541,"G","A","MGF",1.5,"blue"
"3687",104064869,"A","G","MGF",1.5,"blue"
"3688",104106712,"A","G","MGF",1.5,"blue"
"3689",104170861,"G","A","MGF",1.5,"blue"
"3690",104174231,"T","C","MGF",1.5,"blue"
"3691",104222179,"G","A","MGF",1.5,"blue"
"3692",104251892,"A","G","MGF",1.5,"blue"
"3693",104288743,"G","A","MGF",1.5,"blue"
"3694",104327103,"A","G","MGF",1.5,"blue"
"3695",104328666,"C","A","MGF",1.5,"blue"
"3696",104338337,"A","G","MGF",1.5,"blue"
"3697",104343885,"G","A","MGF",1.5,"blue"
"3698",104347066,"C","T","MGF",1.5,"blue"
"3699",104351608,"T","C","MGF",1.5,"blue"
"3700",104357762,"C","T","MGF",1.5,"blue"
"3701",104375253,"G","A","MGF",1.5,"blue"
"3702",104389077,"G","T","MGF",1.5,"blue"
"3703",104399245,"G","A","MGF",1.5,"blue"
"3704",104413005,"C","T","MGF",1.5,"blue"
"3705",104434536,"T","C","MGF",1.5,"blue"
"3706",104456092,"G","T","MGF",1.5,"blue"
"3707",104465974,"T","C","MGF",1.5,"blue"
"3708",104472224,"T","G","MGF",1.5,"blue"
"3709",104798456,"A","G","MGF",1.5,"blue"
"3710",104949120,"G","A","MGF",1.5,"blue"
"3711",104952817,"T","G","MGF",1.5,"blue"
"3712",104958295,"T","C","MGF",1.5,"blue"
"3713",105061188,"C","T","MGF",1.5,"blue"
"3714",105132225,"T","C","MGF",1.5,"blue"
"3715",105179132,"C","T","MGF",1.5,"blue"
"3716",105318895,"T","C","MGF",1.5,"blue"
"3717",105319355,"G","A","MGF",1.5,"blue"
"3718",105335673,"C","A","MGF",1.5,"blue"
"3719",105431821,"G","A","MGF",1.5,"blue"
"3720",105466607,"A","C","MGF",1.5,"blue"
"3721",105493919,"A","G","MGF",1.5,"blue"
"3722",105600045,"T","C","MGF",1.5,"blue"
"3723",105911987,"A","G","MGF",1.5,"blue"
"3724",105936406,"A","G","MGF",1.5,"blue"
"3725",105975499,"A","G","MGF",1.5,"blue"
"3726",106016551,"G","T","MGF",1.5,"blue"
"3727",106044726,"T","C","MGF",1.5,"blue"
"3728",106140325,"A","G","MGF",1.5,"blue"
"3729",106144529,"C","T","MGF",1.5,"blue"
"3730",106154233,"T","C","MGF",1.5,"blue"
"3731",106183670,"T","C","MGF",1.5,"blue"
"3732",106234294,"T","C","MGF",1.5,"blue"
"3733",106244767,"T","C","MGF",1.5,"blue"
"3734",106266420,"A","0","MGF",1.5,"blue"
"3735",106301712,"G","T","MGF",1.5,"blue"
"3736",106304159,"T","C","MGF",1.5,"blue"
"3737",106308416,"T","G","MGF",1.5,"blue"
"3738",106313508,"A","G","MGF",1.5,"blue"
"3739",106319219,"T","C","MGF",1.5,"blue"
"3740",106322665,"C","T","MGF",1.5,"blue"
"3741",106324372,"A","C","MGF",1.5,"blue"
"3742",106330707,"C","T","MGF",1.5,"blue"
"3743",106367102,"A","G","MGF",1.5,"blue"
"3744",106379628,"A","G","MGF",1.5,"blue"
"3745",106396402,"G","A","MGF",1.5,"blue"
"3746",106396455,"G","A","MGF",1.5,"blue"
"3747",106440550,"T","C","MGF",1.5,"blue"
"3748",106449643,"T","G","MGF",1.5,"blue"
"3749",106462267,"T","C","MGF",1.5,"blue"
"3750",106462405,"T","C","MGF",1.5,"blue"
"3751",106467752,"C","T","MGF",1.5,"blue"
"3752",106475646,"A","C","MGF",1.5,"blue"
"3753",106496735,"T","C","MGF",1.5,"blue"
"3754",106510764,"T","G","MGF",1.5,"blue"
"3755",106578032,"G","A","MGF",1.5,"blue"
"3756",106588623,"A","G","MGF",1.5,"blue"
"3757",106603137,"A","C","MGF",1.5,"blue"
"3758",106629893,"A","G","MGF",1.5,"blue"
"3759",106903297,"A","C","MGF",1.5,"blue"
"3760",106953685,"G","A","MGF",1.5,"blue"
"3761",106954772,"C","T","MGF",1.5,"blue"
"3762",106988757,"T","C","MGF",1.5,"blue"
"3763",107281104,"G","A","MGF",1.5,"blue"
"3764",107285269,"T","G","MGF",1.5,"blue"
"3765",107286766,"A","G","MGF",1.5,"blue"
"3766",107319029,"T","C","MGF",1.5,"blue"
"3767",107326027,"T","C","MGF",1.5,"blue"
"3768",107328436,"A","G","MGF",1.5,"blue"
"3769",107331894,"G","A","MGF",1.5,"blue"
"3770",107333853,"G","A","MGF",1.5,"blue"
"3771",107343837,"G","T","MGF",1.5,"blue"
"3772",107362865,"C","T","MGF",1.5,"blue"
"3773",107385105,"T","C","MGF",1.5,"blue"
"3774",107393147,"T","G","MGF",1.5,"blue"
"3775",107394565,"C","A","MGF",1.5,"blue"
"3776",107396365,"A","G","MGF",1.5,"blue"
"3777",107396958,"G","A","MGF",1.5,"blue"
"3778",107399513,"G","A","MGF",1.5,"blue"
"3779",107400839,"A","G","MGF",1.5,"blue"
"3780",107401322,"C","A","MGF",1.5,"blue"
"3781",107406648,"T","C","MGF",1.5,"blue"
"3782",107596960,"G","A","MGF",1.5,"blue"
"3783",107598098,"T","C","MGF",1.5,"blue"
"3784",107678345,"T","G","MGF",1.5,"blue"
"3785",108682301,"G","A","MGF",1.5,"blue"
"3786",108708552,"G","A","MGF",1.5,"blue"
"3787",108712900,"G","T","MGF",1.5,"blue"
"3788",108716593,"T","C","MGF",1.5,"blue"
"3789",108724593,"C","T","MGF",1.5,"blue"
"3790",108725136,"A","G","MGF",1.5,"blue"
"3791",108727928,"T","C","MGF",1.5,"blue"
"3792",108762976,"A","C","MGF",1.5,"blue"
"3793",108774570,"T","G","MGF",1.5,"blue"
"3794",108784303,"T","G","MGF",1.5,"blue"
"3795",108786314,"A","G","MGF",1.5,"blue"
"3796",108787014,"C","T","MGF",1.5,"blue"
"3797",108787973,"G","A","MGF",1.5,"blue"
"3798",108820900,"T","C","MGF",1.5,"blue"
"3799",108822927,"T","C","MGF",1.5,"blue"
"3800",108825655,"T","C","MGF",1.5,"blue"
"3801",108858672,"T","C","MGF",1.5,"blue"
"3802",108867177,"G","A","MGF",1.5,"blue"
"3803",108868153,"G","A","MGF",1.5,"blue"
"3804",108870605,"C","A","MGF",1.5,"blue"
"3805",108922514,"G","A","MGF",1.5,"blue"
"3806",108927229,"C","T","MGF",1.5,"blue"
"3807",108936911,"G","T","MGF",1.5,"blue"
"3808",108946107,"G","A","MGF",1.5,"blue"
"3809",108962569,"G","T","MGF",1.5,"blue"
"3810",108962662,"G","A","MGF",1.5,"blue"
"3811",108973841,"T","G","MGF",1.5,"blue"
"3812",108983558,"T","C","MGF",1.5,"blue"
"3813",109000964,"A","G","MGF",1.5,"blue"
"3814",109018120,"C","T","MGF",1.5,"blue"
"3815",109025901,"A","G","MGF",1.5,"blue"
"3816",109027803,"T","G","MGF",1.5,"blue"
"3817",109029142,"T","C","MGF",1.5,"blue"
"3818",109029155,"C","T","MGF",1.5,"blue"
"3819",109031710,"T","G","MGF",1.5,"blue"
"3820",109034447,"T","C","MGF",1.5,"blue"
"3821",109038630,"C","T","MGF",1.5,"blue"
"3822",109041451,"A","G","MGF",1.5,"blue"
"3823",109050018,"T","C","MGF",1.5,"blue"
"3824",109054587,"T","C","MGF",1.5,"blue"
"3825",109057635,"C","T","MGF",1.5,"blue"
"3826",109078974,"A","G","MGF",1.5,"blue"
"3827",109085618,"C","A","MGF",1.5,"blue"
"3828",109097637,"G","T","MGF",1.5,"blue"
"3829",109106747,"A","C","MGF",1.5,"blue"
"3830",109188925,"G","T","MGF",1.5,"blue"
"3831",109194536,"C","T","MGF",1.5,"blue"
"3832",109203029,"T","C","MGF",1.5,"blue"
"3833",109206199,"T","C","MGF",1.5,"blue"
"3834",109206541,"A","G","MGF",1.5,"blue"
"3835",109227951,"C","T","MGF",1.5,"blue"
"3836",109244873,"T","G","MGF",1.5,"blue"
"3837",109248535,"G","A","MGF",1.5,"blue"
"3838",109250572,"G","A","MGF",1.5,"blue"
"3839",109258729,"G","A","MGF",1.5,"blue"
"3840",109272856,"C","T","MGF",1.5,"blue"
"3841",109295832,"G","T","MGF",1.5,"blue"
"3842",109297892,"A","G","MGF",1.5,"blue"
"3843",109298414,"G","A","MGF",1.5,"blue"
"3844",109305555,"A","G","MGF",1.5,"blue"
"3845",109322396,"T","C","MGF",1.5,"blue"
"3846",109325486,"T","C","MGF",1.5,"blue"
"3847",109351587,"C","T","MGF",1.5,"blue"
"3848",109358807,"G","T","MGF",1.5,"blue"
"3849",109386996,"C","A","MGF",1.5,"blue"
"3850",109387928,"G","A","MGF",1.5,"blue"
"3851",109401419,"T","C","MGF",1.5,"blue"
"3852",109419165,"A","G","MGF",1.5,"blue"
"3853",109426949,"T","C","MGF",1.5,"blue"
"3854",109485665,"A","G","MGF",1.5,"blue"
"3855",109537062,"T","C","MGF",1.5,"blue"
"3856",109680113,"T","C","MGF",1.5,"blue"
"3857",109689468,"T","C","MGF",1.5,"blue"
"3858",109693443,"A","G","MGF",1.5,"blue"
"3859",109698759,"T","G","MGF",1.5,"blue"
"3860",109699539,"A","G","MGF",1.5,"blue"
"3861",109703961,"T","C","MGF",1.5,"blue"
"3862",109762653,"A","G","MGF",1.5,"blue"
"3863",109780229,"G","A","MGF",1.5,"blue"
"3864",109781243,"T","C","MGF",1.5,"blue"
"3865",109789616,"C","T","MGF",1.5,"blue"
"3866",109820068,"T","C","MGF",1.5,"blue"
"3867",109855331,"G","A","MGF",1.5,"blue"
"3868",109918851,"T","C","MGF",1.5,"blue"
"3869",109918881,"A","C","MGF",1.5,"blue"
"3870",109923910,"G","A","MGF",1.5,"blue"
"3871",109926710,"G","A","MGF",1.5,"blue"
"3872",109931799,"G","A","MGF",1.5,"blue"
"3873",109938188,"C","T","MGF",1.5,"blue"
"3874",109939205,"G","T","MGF",1.5,"blue"
"3875",109940195,"T","C","MGF",1.5,"blue"
"3876",110003962,"T","C","MGF",1.5,"blue"
"3877",110057445,"A","G","MGF",1.5,"blue"
"3878",110106230,"C","T","MGF",1.5,"blue"
"3879",110242674,"A","G","MGF",1.5,"blue"
"3880",110525105,"G","A","MGF",1.5,"blue"
"3881",110759862,"C","A","MGF",1.5,"blue"
"3882",111132514,"A","G","MGF",1.5,"blue"
"3883",111155267,"A","G","MGF",1.5,"blue"
"3884",111156671,"A","G","MGF",1.5,"blue"
"3885",111381170,"G","A","MGF",1.5,"blue"
"3886",111468034,"G","A","MGF",1.5,"blue"
"3887",111508002,"G","A","MGF",1.5,"blue"
"3888",111531574,"C","T","MGF",1.5,"blue"
"3889",111539465,"C","T","MGF",1.5,"blue"
"3890",111539642,"T","C","MGF",1.5,"blue"
"3891",111540236,"G","A","MGF",1.5,"blue"
"3892",111544001,"C","T","MGF",1.5,"blue"
"3893",111546238,"C","T","MGF",1.5,"blue"
"3894",111555208,"C","T","MGF",1.5,"blue"
"3895",111600222,"T","C","MGF",1.5,"blue"
"3896",111609732,"G","T","MGF",1.5,"blue"
"3897",111640960,"A","C","MGF",1.5,"blue"
"3898",111643875,"A","G","MGF",1.5,"blue"
"3899",111644502,"C","T","MGF",1.5,"blue"
"3900",111665538,"C","A","MGF",1.5,"blue"
"3901",111680450,"T","C","MGF",1.5,"blue"
"3902",111683323,"A","G","MGF",1.5,"blue"
"3903",111690755,"C","T","MGF",1.5,"blue"
"3904",111698036,"C","T","MGF",1.5,"blue"
"3905",111698440,"T","G","MGF",1.5,"blue"
"3906",112510789,"A","C","MGF",1.5,"blue"
"3907",112514179,"T","C","MGF",1.5,"blue"
"3908",112514500,"C","T","MGF",1.5,"blue"
"3909",112515803,"G","A","MGF",1.5,"blue"
"3910",112516866,"A","G","MGF",1.5,"blue"
"3911",112517163,"G","A","MGF",1.5,"blue"
"3912",112528386,"A","G","MGF",1.5,"blue"
"3913",112579946,"C","T","MGF",1.5,"blue"
"3914",112588158,"T","C","MGF",1.5,"blue"
"3915",112595946,"G","A","MGF",1.5,"blue"
"3916",112653673,"C","T","MGF",1.5,"blue"
"3917",112661931,"C","T","MGF",1.5,"blue"
"3918",112701497,"C","T","MGF",1.5,"blue"
"3919",112703796,"G","A","MGF",1.5,"blue"
"3920",112735424,"G","A","MGF",1.5,"blue"
"3921",112757116,"T","G","MGF",1.5,"blue"
"3922",112774543,"G","A","MGF",1.5,"blue"
"3923",112786353,"C","T","MGF",1.5,"blue"
"3924",112786364,"T","C","MGF",1.5,"blue"
"3925",112801710,"A","G","MGF",1.5,"blue"
"3926",112809041,"C","A","MGF",1.5,"blue"
"3927",112811381,"G","A","MGF",1.5,"blue"
"3928",112823941,"G","A","MGF",1.5,"blue"
"3929",112828799,"T","C","MGF",1.5,"blue"
"3930",112889289,"C","T","MGF",1.5,"blue"
"3931",112893690,"G","A","MGF",1.5,"blue"
"3932",112901865,"C","T","MGF",1.5,"blue"
"3933",112907477,"C","T","MGF",1.5,"blue"
"3934",112907797,"G","A","MGF",1.5,"blue"
"3935",112917096,"G","T","MGF",1.5,"blue"
"3936",112919325,"G","A","MGF",1.5,"blue"
"3937",112930347,"G","T","MGF",1.5,"blue"
"3938",112942188,"G","T","MGF",1.5,"blue"
"3939",113050656,"T","C","MGF",1.5,"blue"
"3940",113050791,"C","A","MGF",1.5,"blue"
"3941",113200708,"G","T","MGF",1.5,"blue"
"3942",113228559,"G","A","MGF",1.5,"blue"
"3943",113240802,"C","A","MGF",1.5,"blue"
"3944",113248318,"G","T","MGF",1.5,"blue"
"3945",113256009,"A","C","MGF",1.5,"blue"
"3946",113278805,"G","A","MGF",1.5,"blue"
"3947",113295995,"A","G","MGF",1.5,"blue"
"3948",113371827,"C","T","MGF",1.5,"blue"
"3949",113384124,"A","G","MGF",1.5,"blue"
"3950",113386500,"C","A","MGF",1.5,"blue"
"3951",113390310,"G","A","MGF",1.5,"blue"
"3952",113591139,"T","C","MGF",1.5,"blue"
"3953",113594520,"G","A","MGF",1.5,"blue"
"3954",113600847,"A","G","MGF",1.5,"blue"
"3955",113863744,"G","A","MGF",1.5,"blue"
"3956",114365271,"C","T","MGF",1.5,"blue"
"3957",114426193,"G","A","MGF",1.5,"blue"
"3958",114766346,"C","T","MGF",1.5,"blue"
"3959",114869488,"A","G","MGF",1.5,"blue"
"3960",115066218,"G","A","MGF",1.5,"blue"
"3961",115089305,"G","A","MGF",1.5,"blue"
"3962",115093352,"C","T","MGF",1.5,"blue"
"3963",115107228,"T","C","MGF",1.5,"blue"
"3964",115109753,"T","C","MGF",1.5,"blue"
"3965",115132834,"G","A","MGF",1.5,"blue"
"3966",115134146,"T","C","MGF",1.5,"blue"
"3967",115136815,"G","A","MGF",1.5,"blue"
"3968",115175748,"A","G","MGF",1.5,"blue"
"3969",115286910,"G","A","MGF",1.5,"blue"
"3970",115290138,"A","G","MGF",1.5,"blue"
"3971",115370540,"C","T","MGF",1.5,"blue"
"3972",115371278,"A","G","MGF",1.5,"blue"
"3973",115395980,"C","T","MGF",1.5,"blue"
"3974",115399444,"T","C","MGF",1.5,"blue"
"3975",115400631,"A","C","MGF",1.5,"blue"
"3976",115402383,"A","G","MGF",1.5,"blue"
"3977",115404811,"G","T","MGF",1.5,"blue"
"3978",115406096,"C","T","MGF",1.5,"blue"
"3979",115408912,"A","G","MGF",1.5,"blue"
"3980",115415988,"A","G","MGF",1.5,"blue"
"3981",115428847,"A","G","MGF",1.5,"blue"
"3982",115438389,"G","A","MGF",1.5,"blue"
"3983",115446051,"T","C","MGF",1.5,"blue"
"3984",115457731,"T","C","MGF",1.5,"blue"
"3985",115472401,"G","T","MGF",1.5,"blue"
"3986",115474143,"A","G","MGF",1.5,"blue"
"3987",115474731,"G","0","MGF",1.5,"blue"
"3988",115476246,"C","T","MGF",1.5,"blue"
"3989",115478048,"C","A","MGF",1.5,"blue"
"3990",115488152,"C","A","MGF",1.5,"blue"
"3991",115491041,"C","A","MGF",1.5,"blue"
"3992",115565881,"C","A","MGF",1.5,"blue"
"3993",115578613,"A","C","MGF",1.5,"blue"
"3994",115585020,"G","T","MGF",1.5,"blue"
"3995",115587378,"C","T","MGF",1.5,"blue"
"3996",115589779,"C","A","MGF",1.5,"blue"
"3997",115590829,"T","C","MGF",1.5,"blue"
"3998",115611387,"T","C","MGF",1.5,"blue"
"3999",115622796,"C","T","MGF",1.5,"blue"
"4000",115630918,"A","G","MGF",1.5,"blue"
"4001",115637887,"A","G","MGF",1.5,"blue"
"4002",115657398,"C","T","MGF",1.5,"blue"
"4003",115657472,"G","T","MGF",1.5,"blue"
"4004",115667761,"T","C","MGF",1.5,"blue"
"4005",115734350,"T","C","MGF",1.5,"blue"
"4006",115740985,"G","A","MGF",1.5,"blue"
"4007",115744897,"C","T","MGF",1.5,"blue"
"4008",115753330,"A","G","MGF",1.5,"blue"
"4009",115780226,"C","T","MGF",1.5,"blue"
"4010",115781926,"T","C","MGF",1.5,"blue"
"4011",115831573,"C","T","MGF",1.5,"blue"
"4012",115932678,"C","A","MGF",1.5,"blue"
"4013",116165682,"T","G","MGF",1.5,"blue"
"4014",116189797,"C","T","MGF",1.5,"blue"
"4015",116200364,"G","A","MGF",1.5,"blue"
"4016",116253406,"C","A","MGF",1.5,"blue"
"4017",116254415,"T","C","MGF",1.5,"blue"
"4018",116316872,"C","T","MGF",1.5,"blue"
"4019",116342873,"0","G","MGF",1.5,"blue"
"4020",116360473,"T","C","MGF",1.5,"blue"
"4021",116361033,"A","G","MGF",1.5,"blue"
"4022",116366211,"T","C","MGF",1.5,"blue"
"4023",116383496,"A","G","MGF",1.5,"blue"
"4024",116390913,"A","G","MGF",1.5,"blue"
"4025",116392050,"A","G","MGF",1.5,"blue"
"4026",116410017,"T","G","MGF",1.5,"blue"
"4027",116419477,"T","C","MGF",1.5,"blue"
"4028",116419723,"G","T","MGF",1.5,"blue"
"4029",116438122,"A","G","MGF",1.5,"blue"
"4030",116444362,"G","A","MGF",1.5,"blue"
"4031",116447881,"G","T","MGF",1.5,"blue"
"4032",116458551,"T","G","MGF",1.5,"blue"
"4033",116473293,"C","T","MGF",1.5,"blue"
"4034",116482180,"C","A","MGF",1.5,"blue"
"4035",116486276,"C","T","MGF",1.5,"blue"
"4036",116511894,"G","A","MGF",1.5,"blue"
"4037",116514162,"G","A","MGF",1.5,"blue"
"4038",116519784,"T","C","MGF",1.5,"blue"
"4039",116521590,"C","T","MGF",1.5,"blue"
"4040",116525095,"C","T","MGF",1.5,"blue"
"4041",116534857,"C","T","MGF",1.5,"blue"
"4042",116537391,"A","G","MGF",1.5,"blue"
"4043",116626047,"A","G","MGF",1.5,"blue"
"4044",116647661,"C","T","MGF",1.5,"blue"
"4045",116650153,"G","A","MGF",1.5,"blue"
"4046",116658888,"C","A","MGF",1.5,"blue"
"4047",116660237,"A","G","MGF",1.5,"blue"
"4048",116662754,"A","G","MGF",1.5,"blue"
"4049",116686151,"T","G","MGF",1.5,"blue"
"4050",116717986,"G","T","MGF",1.5,"blue"
"4051",116733817,"C","T","MGF",1.5,"blue"
"4052",116794687,"T","C","MGF",1.5,"blue"
"4053",116816460,"G","A","MGF",1.5,"blue"
"4054",116817147,"G","T","MGF",1.5,"blue"
"4055",116884102,"G","A","MGF",1.5,"blue"
"4056",116884534,"T","C","MGF",1.5,"blue"
"4057",116884844,"A","G","MGF",1.5,"blue"
"4058",116885723,"G","A","MGF",1.5,"blue"
"4059",116887154,"C","T","MGF",1.5,"blue"
"4060",116887588,"G","A","MGF",1.5,"blue"
"4061",117020921,"A","G","MGF",1.5,"blue"
"4062",117037255,"C","T","MGF",1.5,"blue"
"4063",117045041,"A","C","MGF",1.5,"blue"
"4064",117045263,"C","T","MGF",1.5,"blue"
"4065",117053499,"C","T","MGF",1.5,"blue"
"4066",117067683,"T","C","MGF",1.5,"blue"
"4067",117078633,"A","G","MGF",1.5,"blue"
"4068",117078747,"A","G","MGF",1.5,"blue"
"4069",117088056,"T","C","MGF",1.5,"blue"
"4070",117106630,"A","G","MGF",1.5,"blue"
"4071",117142978,"T","C","MGF",1.5,"blue"
"4072",117197717,"G","T","MGF",1.5,"blue"
"4073",117236063,"A","G","MGF",1.5,"blue"
"4074",117256555,"G","A","MGF",1.5,"blue"
"4075",117287192,"A","G","MGF",1.5,"blue"
"4076",117287825,"T","C","MGF",1.5,"blue"
"4077",117297730,"G","T","MGF",1.5,"blue"
"4078",117309902,"T","G","MGF",1.5,"blue"
"4079",117314383,"T","C","MGF",1.5,"blue"
"4080",117317618,"G","T","MGF",1.5,"blue"
"4081",117332576,"A","C","MGF",1.5,"blue"
"4082",117340080,"A","G","MGF",1.5,"blue"
"4083",117346852,"C","T","MGF",1.5,"blue"
"4084",117348271,"G","A","MGF",1.5,"blue"
"4085",117351703,"C","T","MGF",1.5,"blue"
"4086",117361127,"T","G","MGF",1.5,"blue"
"4087",117383855,"C","T","MGF",1.5,"blue"
"4088",117390629,"G","A","MGF",1.5,"blue"
"4089",117405664,"A","G","MGF",1.5,"blue"
"4090",117420222,"A","G","MGF",1.5,"blue"
"4091",117421376,"T","C","MGF",1.5,"blue"
"4092",117423478,"T","C","MGF",1.5,"blue"
"4093",117424134,"C","T","MGF",1.5,"blue"
"4094",117441414,"C","T","MGF",1.5,"blue"
"4095",117443800,"G","A","MGF",1.5,"blue"
"4096",117446408,"G","A","MGF",1.5,"blue"
"4097",117467202,"A","G","MGF",1.5,"blue"
"4098",117469503,"A","G","MGF",1.5,"blue"
"4099",117470783,"T","C","MGF",1.5,"blue"
"4100",117484319,"C","T","MGF",1.5,"blue"
"4101",117516403,"A","G","MGF",1.5,"blue"
"4102",117521338,"A","G","MGF",1.5,"blue"
"4103",117528056,"A","G","MGF",1.5,"blue"
"4104",117528142,"T","C","MGF",1.5,"blue"
"4105",117545896,"T","C","MGF",1.5,"blue"
"4106",117566782,"T","C","MGF",1.5,"blue"
"4107",117606464,"G","T","MGF",1.5,"blue"
"4108",117611080,"C","A","MGF",1.5,"blue"
"4109",117611100,"A","G","MGF",1.5,"blue"
"4110",117628499,"C","T","MGF",1.5,"blue"
"4111",117633254,"C","T","MGF",1.5,"blue"
"4112",117633660,"A","C","MGF",1.5,"blue"
"4113",117642418,"A","G","MGF",1.5,"blue"
"4114",117645825,"T","C","MGF",1.5,"blue"
"4115",117662452,"C","T","MGF",1.5,"blue"
"4116",117675525,"A","G","MGF",1.5,"blue"
"4117",117779382,"C","T","MGF",1.5,"blue"
"4118",117780893,"C","T","MGF",1.5,"blue"
"4119",117791956,"C","T","MGF",1.5,"blue"
"4120",117797282,"A","G","MGF",1.5,"blue"
"4121",117810831,"C","T","MGF",1.5,"blue"
"4122",117832367,"C","T","MGF",1.5,"blue"
"4123",117837035,"A","G","MGF",1.5,"blue"
"4124",117855504,"T","G","MGF",1.5,"blue"
"4125",117860079,"G","A","MGF",1.5,"blue"
"4126",117865893,"T","G","MGF",1.5,"blue"
"4127",117893566,"C","T","MGF",1.5,"blue"
"4128",117916520,"A","G","MGF",1.5,"blue"
"4129",117925898,"A","G","MGF",1.5,"blue"
"4130",117935456,"C","A","MGF",1.5,"blue"
"4131",117936660,"A","C","MGF",1.5,"blue"
"4132",117941809,"G","A","MGF",1.5,"blue"
"4133",117945524,"T","G","MGF",1.5,"blue"
"4134",117947903,"T","G","MGF",1.5,"blue"
"4135",117958174,"A","G","MGF",1.5,"blue"
"4136",117964159,"G","A","MGF",1.5,"blue"
"4137",117980707,"A","G","MGF",1.5,"blue"
"4138",117998682,"G","A","MGF",1.5,"blue"
"4139",118001798,"A","G","MGF",1.5,"blue"
"4140",118012151,"A","G","MGF",1.5,"blue"
"4141",118038797,"A","G","MGF",1.5,"blue"
"4142",118071648,"A","G","MGF",1.5,"blue"
"4143",118087534,"C","T","MGF",1.5,"blue"
"4144",118117063,"T","C","MGF",1.5,"blue"
"4145",118122294,"C","T","MGF",1.5,"blue"
"4146",118122520,"T","C","MGF",1.5,"blue"
"4147",118123090,"A","G","MGF",1.5,"blue"
"4148",118147233,"G","T","MGF",1.5,"blue"
"4149",118148229,"A","G","MGF",1.5,"blue"
"4150",118165092,"T","G","MGF",1.5,"blue"
"4151",118167244,"T","G","MGF",1.5,"blue"
"4152",118174037,"A","G","MGF",1.5,"blue"
"4153",118174648,"T","C","MGF",1.5,"blue"
"4154",118189421,"C","A","MGF",1.5,"blue"
"4155",118189589,"T","C","MGF",1.5,"blue"
"4156",118202867,"A","G","MGF",1.5,"blue"
"4157",118291392,"C","T","MGF",1.5,"blue"
"4158",118303613,"C","T","MGF",1.5,"blue"
"4159",118306475,"A","G","MGF",1.5,"blue"
"4160",118474080,"C","T","MGF",1.5,"blue"
"4161",118535241,"C","T","MGF",1.5,"blue"
"4162",118535509,"A","G","MGF",1.5,"blue"
"4163",118559196,"A","G","MGF",1.5,"blue"
"4164",118567702,"C","T","MGF",1.5,"blue"
"4165",118579284,"T","C","MGF",1.5,"blue"
"4166",118580630,"A","G","MGF",1.5,"blue"
"4167",118584520,"G","A","MGF",1.5,"blue"
"4168",118587003,"T","C","MGF",1.5,"blue"
"4169",118587321,"G","A","MGF",1.5,"blue"
"4170",118594422,"C","T","MGF",1.5,"blue"
"4171",118601473,"C","T","MGF",1.5,"blue"
"4172",118604436,"C","T","MGF",1.5,"blue"
"4173",118607988,"C","A","MGF",1.5,"blue"
"4174",118620206,"A","G","MGF",1.5,"blue"
"4175",118637326,"G","A","MGF",1.5,"blue"
"4176",118641673,"A","G","MGF",1.5,"blue"
"4177",118667854,"A","C","MGF",1.5,"blue"
"4178",118671784,"G","A","MGF",1.5,"blue"
"4179",118671802,"A","G","MGF",1.5,"blue"
"4180",118672126,"T","C","MGF",1.5,"blue"
"4181",118688539,"G","A","MGF",1.5,"blue"
"4182",118711332,"C","T","MGF",1.5,"blue"
"4183",118715929,"A","C","MGF",1.5,"blue"
"4184",118750256,"A","G","MGF",1.5,"blue"
"4185",118827317,"A","C","MGF",1.5,"blue"
"4186",118865122,"G","A","MGF",1.5,"blue"
"4187",118873350,"A","G","MGF",1.5,"blue"
"4188",118873720,"A","G","MGF",1.5,"blue"
"4189",118885493,"C","T","MGF",1.5,"blue"
"4190",118893137,"T","C","MGF",1.5,"blue"
"4191",118898534,"C","A","MGF",1.5,"blue"
"4192",118903034,"A","G","MGF",1.5,"blue"
"4193",118911464,"C","A","MGF",1.5,"blue"
"4194",118911687,"C","T","MGF",1.5,"blue"
"4195",118919428,"A","G","MGF",1.5,"blue"
"4196",118920809,"C","T","MGF",1.5,"blue"
"4197",118975798,"G","A","MGF",1.5,"blue"
"4198",119017269,"T","C","MGF",1.5,"blue"
"4199",119041067,"G","A","MGF",1.5,"blue"
"4200",119045617,"C","T","MGF",1.5,"blue"
"4201",119049232,"T","A","MGF",1.5,"blue"
"4202",119054001,"T","C","MGF",1.5,"blue"
"4203",119057291,"T","C","MGF",1.5,"blue"
"4204",119060622,"T","C","MGF",1.5,"blue"
"4205",119065893,"A","G","MGF",1.5,"blue"
"4206",119077013,"C","T","MGF",1.5,"blue"
"4207",119077975,"A","C","MGF",1.5,"blue"
"4208",119082081,"G","T","MGF",1.5,"blue"
"4209",119094532,"G","T","MGF",1.5,"blue"
"4210",119105456,"T","C","MGF",1.5,"blue"
"4211",119112903,"C","T","MGF",1.5,"blue"
"4212",119116754,"T","C","MGF",1.5,"blue"
"4213",119156889,"C","T","MGF",1.5,"blue"
"4214",119333226,"G","A","MGF",1.5,"blue"
"4215",119378449,"A","G","MGF",1.5,"blue"
"4216",119389966,"T","C","MGF",1.5,"blue"
"4217",119391880,"A","G","MGF",1.5,"blue"
"4218",119392796,"A","G","MGF",1.5,"blue"
"4219",119395677,"T","C","MGF",1.5,"blue"
"4220",119404132,"G","A","MGF",1.5,"blue"
"4221",119491187,"T","G","MGF",1.5,"blue"
"4222",119551712,"T","G","MGF",1.5,"blue"
"4223",119554907,"T","C","MGF",1.5,"blue"
"4224",119560140,"T","C","MGF",1.5,"blue"
"4225",119567018,"A","G","MGF",1.5,"blue"
"4226",119571541,"T","C","MGF",1.5,"blue"
"4227",119576455,"G","A","MGF",1.5,"blue"
"4228",119580840,"C","A","MGF",1.5,"blue"
"4229",119590533,"T","A","MGF",1.5,"blue"
"4230",119591135,"C","T","MGF",1.5,"blue"
"4231",119591741,"T","C","MGF",1.5,"blue"
"4232",119592694,"T","C","MGF",1.5,"blue"
"4233",119890877,"C","T","MGF",1.5,"blue"
"4234",119891263,"T","C","MGF",1.5,"blue"
"4235",119911685,"T","C","MGF",1.5,"blue"
"4236",119915861,"C","T","MGF",1.5,"blue"
"4237",119916327,"A","G","MGF",1.5,"blue"
"4238",119918392,"G","A","MGF",1.5,"blue"
"4239",119921892,"C","T","MGF",1.5,"blue"
"4240",119927161,"C","T","MGF",1.5,"blue"
"4241",119928012,"A","G","MGF",1.5,"blue"
"4242",119929378,"T","G","MGF",1.5,"blue"
"4243",120124971,"T","C","MGF",1.5,"blue"
"4244",120142336,"G","A","MGF",1.5,"blue"
"4245",120143772,"G","A","MGF",1.5,"blue"
"4246",120163237,"T","C","MGF",1.5,"blue"
"4247",120169687,"C","T","MGF",1.5,"blue"
"4248",120180324,"A","C","MGF",1.5,"blue"
"4249",120190256,"G","A","MGF",1.5,"blue"
"4250",120193020,"A","G","MGF",1.5,"blue"
"4251",120201561,"C","A","MGF",1.5,"blue"
"4252",120217811,"C","T","MGF",1.5,"blue"
"4253",120260043,"G","A","MGF",1.5,"blue"
"4254",120262891,"C","T","MGF",1.5,"blue"
"4255",120264992,"A","G","MGF",1.5,"blue"
"4256",120270432,"T","C","MGF",1.5,"blue"
"4257",120278108,"C","T","MGF",1.5,"blue"
"4258",120279238,"A","G","MGF",1.5,"blue"
"4259",120280519,"A","G","MGF",1.5,"blue"
"4260",120524297,"G","A","MGF",1.5,"blue"
"4261",120525590,"A","G","MGF",1.5,"blue"
"4262",120528281,"T","C","MGF",1.5,"blue"
"4263",120547887,"0","A","MGF",1.5,"blue"
"4264",120552307,"G","A","MGF",1.5,"blue"
"4265",120555121,"G","A","MGF",1.5,"blue"
"4266",120578365,"G","A","MGF",1.5,"blue"
"4267",120618847,"G","A","MGF",1.5,"blue"
"4268",120622573,"G","A","MGF",1.5,"blue"
"4269",120643940,"T","G","MGF",1.5,"blue"
"4270",120644252,"G","A","MGF",1.5,"blue"
"4271",120649833,"C","T","MGF",1.5,"blue"
"4272",120681121,"A","G","MGF",1.5,"blue"
"4273",120700862,"C","T","MGF",1.5,"blue"
"4274",120703584,"A","G","MGF",1.5,"blue"
"4275",120713809,"C","T","MGF",1.5,"blue"
"4276",120715894,"A","G","MGF",1.5,"blue"
"4277",120726507,"A","G","MGF",1.5,"blue"
"4278",120741404,"C","A","MGF",1.5,"blue"
"4279",120753753,"G","A","MGF",1.5,"blue"
"4280",120785417,"A","G","MGF",1.5,"blue"
"4281",120819108,"T","G","MGF",1.5,"blue"
"4282",120838907,"G","A","MGF",1.5,"blue"
"4283",120860880,"A","G","MGF",1.5,"blue"
"4284",120862978,"C","T","MGF",1.5,"blue"
"4285",120881071,"C","T","MGF",1.5,"blue"
"4286",120895123,"A","C","MGF",1.5,"blue"
"4287",120919454,"C","T","MGF",1.5,"blue"
"4288",120920493,"C","T","MGF",1.5,"blue"
"4289",120954118,"A","G","MGF",1.5,"blue"
"4290",120960299,"A","G","MGF",1.5,"blue"
"4291",120963658,"A","G","MGF",1.5,"blue"
"4292",120970548,"T","G","MGF",1.5,"blue"
"4293",120970924,"G","T","MGF",1.5,"blue"
"4294",120980654,"C","T","MGF",1.5,"blue"
"4295",120984227,"G","A","MGF",1.5,"blue"
"4296",120999809,"A","G","MGF",1.5,"blue"
"4297",121004659,"A","G","MGF",1.5,"blue"
"4298",121005035,"T","C","MGF",1.5,"blue"
"4299",121020284,"A","G","MGF",1.5,"blue"
"4300",121025187,"A","G","MGF",1.5,"blue"
"4301",121026733,"A","G","MGF",1.5,"blue"
"4302",121028128,"G","A","MGF",1.5,"blue"
"4303",121049436,"T","C","MGF",1.5,"blue"
"4304",121050926,"A","C","MGF",1.5,"blue"
"4305",121056412,"C","T","MGF",1.5,"blue"
"4306",121056804,"A","G","MGF",1.5,"blue"
"4307",121070412,"C","T","MGF",1.5,"blue"
"4308",121078661,"C","A","MGF",1.5,"blue"
"4309",121081844,"G","A","MGF",1.5,"blue"
"4310",121084702,"G","A","MGF",1.5,"blue"
"4311",121091867,"A","G","MGF",1.5,"blue"
"4312",121093385,"A","G","MGF",1.5,"blue"
"4313",121102142,"G","A","MGF",1.5,"blue"
"4314",121103707,"T","C","MGF",1.5,"blue"
"4315",121142061,"A","G","MGF",1.5,"blue"
"4316",121150539,"G","T","MGF",1.5,"blue"
"4317",121158020,"G","A","MGF",1.5,"blue"
"4318",121188308,"C","T","MGF",1.5,"blue"
"4319",121202076,"T","C","MGF",1.5,"blue"
"4320",121203460,"T","C","MGF",1.5,"blue"
"4321",121213875,"C","A","MGF",1.5,"blue"
"4322",121217112,"T","G","MGF",1.5,"blue"
"4323",121217374,"T","C","MGF",1.5,"blue"
"4324",121220378,"A","G","MGF",1.5,"blue"
"4325",121222635,"A","G","MGF",1.5,"blue"
"4326",121224138,"G","A","MGF",1.5,"blue"
"4327",121224801,"T","G","MGF",1.5,"blue"
"4328",121228344,"T","C","MGF",1.5,"blue"
"4329",121241538,"A","G","MGF",1.5,"blue"
"4330",121244691,"G","A","MGF",1.5,"blue"
"4331",121252819,"C","T","MGF",1.5,"blue"
"4332",121261290,"T","C","MGF",1.5,"blue"
"4333",121263473,"A","G","MGF",1.5,"blue"
"4334",121280352,"G","A","MGF",1.5,"blue"
"4335",121293257,"G","A","MGF",1.5,"blue"
"4336",121373384,"T","C","MGF",1.5,"blue"
"4337",121375260,"C","A","MGF",1.5,"blue"
"4338",121376242,"G","A","MGF",1.5,"blue"
"4339",121381801,"G","A","MGF",1.5,"blue"
"4340",121386760,"T","C","MGF",1.5,"blue"
"4341",121412951,"G","A","MGF",1.5,"blue"
"4342",121425317,"T","G","MGF",1.5,"blue"
"4343",121437759,"G","A","MGF",1.5,"blue"
"4344",121444417,"C","T","MGF",1.5,"blue"
"4345",121454984,"C","T","MGF",1.5,"blue"
"4346",121455213,"A","G","MGF",1.5,"blue"
"4347",121463684,"G","A","MGF",1.5,"blue"
"4348",121472875,"C","T","MGF",1.5,"blue"
"4349",121490330,"C","A","MGF",1.5,"blue"
"4350",121497675,"G","A","MGF",1.5,"blue"
"4351",121500993,"C","T","MGF",1.5,"blue"
"4352",121503800,"A","C","MGF",1.5,"blue"
"4353",121515071,"T","G","MGF",1.5,"blue"
"4354",121572458,"C","T","MGF",1.5,"blue"
"4355",121910844,"A","G","MGF",1.5,"blue"
"4356",121918460,"C","T","MGF",1.5,"blue"
"4357",121930793,"T","C","MGF",1.5,"blue"
"4358",121942321,"C","A","MGF",1.5,"blue"
"4359",121942641,"G","A","MGF",1.5,"blue"
"4360",121943360,"G","A","MGF",1.5,"blue"
"4361",121966203,"C","T","MGF",1.5,"blue"
"4362",121967359,"T","C","MGF",1.5,"blue"
"4363",121969592,"T","C","MGF",1.5,"blue"
"4364",122009276,"C","T","MGF",1.5,"blue"
"4365",122025893,"C","T","MGF",1.5,"blue"
"4366",122280170,"C","T","MGF",1.5,"blue"
"4367",122304983,"A","G","MGF",1.5,"blue"
"4368",122311740,"T","C","MGF",1.5,"blue"
"4369",122315469,"C","T","MGF",1.5,"blue"
"4370",122315570,"G","A","MGF",1.5,"blue"
"4371",122317101,"C","A","MGF",1.5,"blue"
"4372",122320159,"G","A","MGF",1.5,"blue"
"4373",122321206,"A","G","MGF",1.5,"blue"
"4374",122321773,"C","T","MGF",1.5,"blue"
"4375",122324911,"C","A","MGF",1.5,"blue"
"4376",122325843,"A","G","MGF",1.5,"blue"
"4377",122334678,"C","T","MGF",1.5,"blue"
"4378",122343625,"G","T","MGF",1.5,"blue"
"4379",122366636,"A","G","MGF",1.5,"blue"
"4380",122369317,"G","A","MGF",1.5,"blue"
"4381",122373107,"C","T","MGF",1.5,"blue"
"4382",122380620,"C","T","MGF",1.5,"blue"
"4383",122381543,"T","G","MGF",1.5,"blue"
"4384",122386936,"G","A","MGF",1.5,"blue"
"4385",122387834,"A","C","MGF",1.5,"blue"
"4386",122389800,"T","C","MGF",1.5,"blue"
"4387",122390813,"A","C","MGF",1.5,"blue"
"4388",122393150,"T","C","MGF",1.5,"blue"
"4389",122396113,"A","C","MGF",1.5,"blue"
"4390",122471443,"G","A","MGF",1.5,"blue"
"4391",122472154,"A","G","MGF",1.5,"blue"
"4392",122473878,"C","T","MGF",1.5,"blue"
"4393",122486426,"G","A","MGF",1.5,"blue"
"4394",122489164,"A","G","MGF",1.5,"blue"
"4395",122494666,"C","T","MGF",1.5,"blue"
"4396",122494962,"T","C","MGF",1.5,"blue"
"4397",122496364,"A","C","MGF",1.5,"blue"
"4398",122509932,"G","T","MGF",1.5,"blue"
"4399",122511283,"C","T","MGF",1.5,"blue"
"4400",122591071,"C","T","MGF",1.5,"blue"
"4401",122591656,"T","C","MGF",1.5,"blue"
"4402",122592889,"G","A","MGF",1.5,"blue"
"4403",122594223,"G","A","MGF",1.5,"blue"
"4404",122598245,"G","A","MGF",1.5,"blue"
"4405",122602599,"G","A","MGF",1.5,"blue"
"4406",122605986,"T","C","MGF",1.5,"blue"
"4407",122612031,"T","C","MGF",1.5,"blue"
"4408",122615655,"C","T","MGF",1.5,"blue"
"4409",122633949,"A","C","MGF",1.5,"blue"
"4410",122688960,"A","G","MGF",1.5,"blue"
"4411",122699585,"A","C","MGF",1.5,"blue"
"4412",122965992,"T","C","MGF",1.5,"blue"
"4413",122970459,"A","G","MGF",1.5,"blue"
"4414",122989922,"A","G","MGF",1.5,"blue"
"4415",122992822,"T","C","MGF",1.5,"blue"
"4416",122999047,"G","A","MGF",1.5,"blue"
"4417",123029141,"T","C","MGF",1.5,"blue"
"4418",123045641,"T","C","MGF",1.5,"blue"
"4419",123051451,"C","A","MGF",1.5,"blue"
"4420",123072220,"T","C","MGF",1.5,"blue"
"4421",123080994,"G","T","MGF",1.5,"blue"
"4422",123306821,"C","T","MGF",1.5,"blue"
"4423",123307694,"T","C","MGF",1.5,"blue"
"4424",123315379,"C","T","MGF",1.5,"blue"
"4425",123317944,"G","A","MGF",1.5,"blue"
"4426",123320242,"G","A","MGF",1.5,"blue"
"4427",123320332,"T","C","MGF",1.5,"blue"
"4428",123321711,"T","C","MGF",1.5,"blue"
"4429",123324420,"G","A","MGF",1.5,"blue"
"4430",123328308,"T","G","MGF",1.5,"blue"
"4431",123329635,"C","T","MGF",1.5,"blue"
"4432",123346554,"G","A","MGF",1.5,"blue"
"4433",123351626,"T","C","MGF",1.5,"blue"
"4434",123353162,"C","A","MGF",1.5,"blue"
"4435",123359892,"A","G","MGF",1.5,"blue"
"4436",123362196,"A","C","MGF",1.5,"blue"
"4437",123365747,"C","T","MGF",1.5,"blue"
"4438",123367077,"G","A","MGF",1.5,"blue"
"4439",123388458,"T","C","MGF",1.5,"blue"
"4440",123397104,"C","T","MGF",1.5,"blue"
"4441",123401798,"C","T","MGF",1.5,"blue"
"4442",123441913,"T","G","MGF",1.5,"blue"
"4443",123443340,"A","C","MGF",1.5,"blue"
"4444",123443710,"C","T","MGF",1.5,"blue"
"4445",123452359,"T","G","MGF",1.5,"blue"
"4446",123475213,"A","G","MGF",1.5,"blue"
"4447",123475290,"A","G","MGF",1.5,"blue"
"4448",123479862,"A","G","MGF",1.5,"blue"
"4449",123479999,"G","A","MGF",1.5,"blue"
"4450",123480147,"T","C","MGF",1.5,"blue"
"4451",123527261,"G","T","MGF",1.5,"blue"
"4452",123653692,"T","G","MGF",1.5,"blue"
"4453",123662223,"G","A","MGF",1.5,"blue"
"4454",123668751,"C","T","MGF",1.5,"blue"
"4455",123672135,"T","G","MGF",1.5,"blue"
"4456",123674688,"T","C","MGF",1.5,"blue"
"4457",123741040,"T","G","MGF",1.5,"blue"
"4458",123784701,"A","G","MGF",1.5,"blue"
"4459",123807129,"T","C","MGF",1.5,"blue"
"4460",123811990,"A","G","MGF",1.5,"blue"
"4461",123818934,"G","A","MGF",1.5,"blue"
"4462",123829293,"G","A","MGF",1.5,"blue"
"4463",123845018,"A","G","MGF",1.5,"blue"
"4464",123852164,"C","T","MGF",1.5,"blue"
"4465",123863439,"A","G","MGF",1.5,"blue"
"4466",123866961,"C","T","MGF",1.5,"blue"
"4467",123872374,"A","C","MGF",1.5,"blue"
"4468",123873714,"G","A","MGF",1.5,"blue"
"4469",123904594,"G","A","MGF",1.5,"blue"
"4470",124276645,"G","A","MGF",1.5,"blue"
"4471",124276789,"C","T","MGF",1.5,"blue"
"4472",124280709,"G","A","MGF",1.5,"blue"
"4473",124283866,"T","C","MGF",1.5,"blue"
"4474",124288056,"C","A","MGF",1.5,"blue"
"4475",124565256,"C","T","MGF",1.5,"blue"
"4476",124585335,"G","A","MGF",1.5,"blue"
"4477",124585577,"A","G","MGF",1.5,"blue"
"4478",124625465,"A","G","MGF",1.5,"blue"
"4479",124626281,"G","A","MGF",1.5,"blue"
"4480",124627617,"C","T","MGF",1.5,"blue"
"4481",124637659,"G","A","MGF",1.5,"blue"
"4482",124639342,"A","G","MGF",1.5,"blue"
"4483",124654707,"T","G","MGF",1.5,"blue"
"4484",124669231,"C","T","MGF",1.5,"blue"
"4485",124676455,"G","T","MGF",1.5,"blue"
"4486",124687458,"T","C","MGF",1.5,"blue"
"4487",124688693,"A","G","MGF",1.5,"blue"
"4488",124696035,"C","A","MGF",1.5,"blue"
"4489",124700022,"C","T","MGF",1.5,"blue"
"4490",124700568,"T","G","MGF",1.5,"blue"
"4491",124720741,"T","C","MGF",1.5,"blue"
"4492",124738147,"C","T","MGF",1.5,"blue"
"4493",124749542,"G","T","MGF",1.5,"blue"
"4494",124807741,"T","C","MGF",1.5,"blue"
"4495",124813387,"G","A","MGF",1.5,"blue"
"4496",124885772,"G","A","MGF",1.5,"blue"
"4497",124896835,"A","G","MGF",1.5,"blue"
"4498",124931617,"A","C","MGF",1.5,"blue"
"4499",124935514,"C","T","MGF",1.5,"blue"
"4500",124940156,"G","T","MGF",1.5,"blue"
"4501",124941506,"G","A","MGF",1.5,"blue"
"4502",124942286,"T","G","MGF",1.5,"blue"
"4503",124994178,"G","A","MGF",1.5,"blue"
"4504",125060265,"T","C","MGF",1.5,"blue"
"4505",125061187,"G","T","MGF",1.5,"blue"
"4506",125066229,"T","G","MGF",1.5,"blue"
"4507",125083337,"T","C","MGF",1.5,"blue"
"4508",125084224,"C","T","MGF",1.5,"blue"
"4509",125084820,"A","G","MGF",1.5,"blue"
"4510",125128432,"T","C","MGF",1.5,"blue"
"4511",125468675,"C","T","MGF",1.5,"blue"
"4512",125474331,"C","T","MGF",1.5,"blue"
"4513",125482242,"A","G","MGF",1.5,"blue"
"4514",125486729,"T","C","MGF",1.5,"blue"
"4515",125503099,"G","A","MGF",1.5,"blue"
"4516",125523927,"A","C","MGF",1.5,"blue"
"4517",125535722,"T","C","MGF",1.5,"blue"
"4518",125554266,"G","T","MGF",1.5,"blue"
"4519",125559671,"T","C","MGF",1.5,"blue"
"4520",125564627,"A","G","MGF",1.5,"blue"
"4521",125581882,"T","C","MGF",1.5,"blue"
"4522",125722150,"T","C","MGF",1.5,"blue"
"4523",125723304,"A","G","MGF",1.5,"blue"
"4524",125751708,"A","G","MGF",1.5,"blue"
"4525",125773101,"T","C","MGF",1.5,"blue"
"4526",125784176,"C","T","MGF",1.5,"blue"
"4527",125785889,"C","T","MGF",1.5,"blue"
"4528",125820299,"A","G","MGF",1.5,"blue"
"4529",125856052,"T","C","MGF",1.5,"blue"
"4530",125886704,"G","A","MGF",1.5,"blue"
"4531",125888881,"T","G","MGF",1.5,"blue"
"4532",125893561,"A","G","MGF",1.5,"blue"
"4533",125899198,"A","G","MGF",1.5,"blue"
"4534",125946618,"A","G","MGF",1.5,"blue"
"4535",125949886,"T","G","MGF",1.5,"blue"
"4536",126181208,"T","C","MGF",1.5,"blue"
"4537",127134136,"C","T","MGF",1.5,"blue"
"4538",127154135,"A","G","MGF",1.5,"blue"
"4539",127209892,"C","T","MGF",1.5,"blue"
"4540",127210258,"A","G","MGF",1.5,"blue"
"4541",127281397,"G","T","MGF",1.5,"blue"
"4542",127301395,"A","G","MGF",1.5,"blue"
"4543",127303078,"G","A","MGF",1.5,"blue"
"4544",127353186,"T","C","MGF",1.5,"blue"
"4545",127367146,"G","A","MGF",1.5,"blue"
"4546",127390171,"C","T","MGF",1.5,"blue"
"4547",127403730,"A","G","MGF",1.5,"blue"
"4548",127431497,"A","G","MGF",1.5,"blue"
"4549",127441816,"A","G","MGF",1.5,"blue"
"4550",127446507,"G","A","MGF",1.5,"blue"
"4551",127452799,"G","T","MGF",1.5,"blue"
"4552",127460886,"G","A","MGF",1.5,"blue"
"4553",127483118,"T","C","MGF",1.5,"blue"
"4554",127540263,"C","T","MGF",1.5,"blue"
"4555",127576587,"T","C","MGF",1.5,"blue"
"4556",127595793,"T","C","MGF",1.5,"blue"
"4557",127628292,"A","G","MGF",1.5,"blue"
"4558",127669491,"A","G","MGF",1.5,"blue"
"4559",127722936,"A","G","MGF",1.5,"blue"
"4560",127723774,"C","T","MGF",1.5,"blue"
"4561",127724972,"T","C","MGF",1.5,"blue"
"4562",127748870,"C","A","MGF",1.5,"blue"
"4563",127764381,"T","C","MGF",1.5,"blue"
"4564",127768424,"G","A","MGF",1.5,"blue"
"4565",127774845,"T","G","MGF",1.5,"blue"
"4566",127788820,"C","T","MGF",1.5,"blue"
"4567",127813899,"G","T","MGF",1.5,"blue"
"4568",127814538,"A","G","MGF",1.5,"blue"
"4569",127815495,"C","T","MGF",1.5,"blue"
"4570",127815688,"T","G","MGF",1.5,"blue"
"4571",127817476,"T","C","MGF",1.5,"blue"
"4572",127828720,"A","G","MGF",1.5,"blue"
"4573",128171413,"C","T","MGF",1.5,"blue"
"4574",128173087,"A","G","MGF",1.5,"blue"
"4575",128187037,"T","C","MGF",1.5,"blue"
"4576",128190265,"T","C","MGF",1.5,"blue"
"4577",128198951,"G","A","MGF",1.5,"blue"
"4578",128202425,"C","T","MGF",1.5,"blue"
"4579",128241262,"C","T","MGF",1.5,"blue"
"4580",128497757,"A","C","MGF",1.5,"blue"
"4581",128498538,"C","T","MGF",1.5,"blue"
"4582",128614283,"A","G","MGF",1.5,"blue"
"4583",128665408,"C","T","MGF",1.5,"blue"
"4584",128668467,"T","G","MGF",1.5,"blue"
"4585",128835441,"C","T","MGF",1.5,"blue"
"4586",128840078,"T","C","MGF",1.5,"blue"
"4587",128854358,"C","A","MGF",1.5,"blue"
"4588",128857049,"T","C","MGF",1.5,"blue"
"4589",128865061,"G","A","MGF",1.5,"blue"
"4590",128870791,"C","A","MGF",1.5,"blue"
"4591",128996181,"A","G","MGF",1.5,"blue"
"4592",129073530,"A","G","MGF",1.5,"blue"
"4593",129088939,"G","C","MGF",1.5,"blue"
"4594",129186012,"C","T","MGF",1.5,"blue"
"4595",129190217,"T","C","MGF",1.5,"blue"
"4596",129195252,"C","T","MGF",1.5,"blue"
"4597",129202285,"T","C","MGF",1.5,"blue"
"4598",129208465,"C","T","MGF",1.5,"blue"
"4599",129265394,"A","G","MGF",1.5,"blue"
"4600",129269980,"G","A","MGF",1.5,"blue"
"4601",129279648,"C","T","MGF",1.5,"blue"
"4602",129283520,"A","G","MGF",1.5,"blue"
"4603",129290699,"T","C","MGF",1.5,"blue"
"4604",129296707,"C","T","MGF",1.5,"blue"
"4605",129301102,"A","G","MGF",1.5,"blue"
"4606",129309180,"T","C","MGF",1.5,"blue"
"4607",129323562,"T","C","MGF",1.5,"blue"
"4608",129335721,"C","T","MGF",1.5,"blue"
"4609",129338766,"G","A","MGF",1.5,"blue"
"4610",129399117,"T","C","MGF",1.5,"blue"
"4611",129409193,"A","G","MGF",1.5,"blue"
"4612",129414633,"G","A","MGF",1.5,"blue"
"4613",129430160,"C","T","MGF",1.5,"blue"
"4614",129450728,"T","C","MGF",1.5,"blue"
"4615",129479460,"T","C","MGF",1.5,"blue"
"4616",129490527,"G","A","MGF",1.5,"blue"
"4617",129501487,"G","T","MGF",1.5,"blue"
"4618",129506779,"G","A","MGF",1.5,"blue"
"4619",129510220,"C","T","MGF",1.5,"blue"
"4620",129510478,"A","G","MGF",1.5,"blue"
"4621",129512323,"A","G","MGF",1.5,"blue"
"4622",129512743,"C","T","MGF",1.5,"blue"
"4623",129513931,"G","A","MGF",1.5,"blue"
"4624",129514423,"C","T","MGF",1.5,"blue"
"4625",129526223,"A","G","MGF",1.5,"blue"
"4626",129531993,"C","T","MGF",1.5,"blue"
"4627",129603836,"C","A","MGF",1.5,"blue"
"4628",129608087,"T","C","MGF",1.5,"blue"
"4629",129623604,"C","T","MGF",1.5,"blue"
"4630",129623643,"G","T","MGF",1.5,"blue"
"4631",129627223,"G","A","MGF",1.5,"blue"
"4632",129633901,"T","C","MGF",1.5,"blue"
"4633",129645345,"A","G","MGF",1.5,"blue"
"4634",129681805,"G","T","MGF",1.5,"blue"
"4635",129724531,"A","C","MGF",1.5,"blue"
"4636",129729304,"C","T","MGF",1.5,"blue"
"4637",129730374,"A","C","MGF",1.5,"blue"
"4638",129738951,"A","G","MGF",1.5,"blue"
"4639",129778986,"T","C","MGF",1.5,"blue"
"4640",129855118,"C","T","MGF",1.5,"blue"
"4641",129884530,"C","T","MGF",1.5,"blue"
"4642",129942892,"T","C","MGF",1.5,"blue"
"4643",130016992,"G","A","MGF",1.5,"blue"
"4644",130041122,"C","T","MGF",1.5,"blue"
"4645",130071483,"G","A","MGF",1.5,"blue"
"4646",130130267,"G","A","MGF",1.5,"blue"
"4647",130178395,"C","T","MGF",1.5,"blue"
"4648",130193804,"G","A","MGF",1.5,"blue"
"4649",130223137,"A","G","MGF",1.5,"blue"
"4650",130225398,"C","T","MGF",1.5,"blue"
"4651",130227898,"C","A","MGF",1.5,"blue"
"4652",130234922,"C","A","MGF",1.5,"blue"
"4653",130245761,"A","G","MGF",1.5,"blue"
"4654",130285426,"T","C","MGF",1.5,"blue"
"4655",130310374,"G","A","MGF",1.5,"blue"
"4656",130311958,"C","T","MGF",1.5,"blue"
"4657",130413979,"T","C","MGF",1.5,"blue"
"4658",130415818,"T","C","MGF",1.5,"blue"
"4659",130420502,"C","A","MGF",1.5,"blue"
"4660",130431733,"G","A","MGF",1.5,"blue"
"4661",130433013,"G","A","MGF",1.5,"blue"
"4662",130450360,"T","C","MGF",1.5,"blue"
"4663",130478900,"T","C","MGF",1.5,"blue"
"4664",130488944,"T","C","MGF",1.5,"blue"
"4665",130493825,"A","G","MGF",1.5,"blue"
"4666",130503234,"A","G","MGF",1.5,"blue"
"4667",130533433,"C","T","MGF",1.5,"blue"
"4668",130539919,"C","T","MGF",1.5,"blue"
"4669",130543796,"C","T","MGF",1.5,"blue"
"4670",130747446,"T","G","MGF",1.5,"blue"
"4671",130748998,"A","G","MGF",1.5,"blue"
"4672",130752424,"G","A","MGF",1.5,"blue"
"4673",130753416,"G","A","MGF",1.5,"blue"
"4674",130761442,"G","A","MGF",1.5,"blue"
"4675",130762029,"A","G","MGF",1.5,"blue"
"4676",130777163,"A","G","MGF",1.5,"blue"
"4677",130778558,"T","C","MGF",1.5,"blue"
"4678",130793579,"A","C","MGF",1.5,"blue"
"4679",130807799,"T","C","MGF",1.5,"blue"
"4680",130810042,"G","A","MGF",1.5,"blue"
"4681",130815979,"A","G","MGF",1.5,"blue"
"4682",130834169,"A","G","MGF",1.5,"blue"
"4683",130862455,"G","T","MGF",1.5,"blue"
"4684",130913493,"T","G","MGF",1.5,"blue"
"4685",130930824,"G","A","MGF",1.5,"blue"
"4686",130978791,"T","C","MGF",1.5,"blue"
"4687",131003149,"G","T","MGF",1.5,"blue"
"4688",131011355,"G","A","MGF",1.5,"blue"
"4689",131024507,"C","T","MGF",1.5,"blue"
"4690",131027197,"A","G","MGF",1.5,"blue"
"4691",131028579,"A","C","MGF",1.5,"blue"
"4692",131032572,"T","C","MGF",1.5,"blue"
"4693",131039850,"G","A","MGF",1.5,"blue"
"4694",131220073,"G","A","MGF",1.5,"blue"
"4695",131242557,"C","T","MGF",1.5,"blue"
"4696",131446383,"T","C","MGF",1.5,"blue"
"4697",131607761,"C","T","MGF",1.5,"blue"
"4698",131640288,"A","G","MGF",1.5,"blue"
"4699",131648314,"A","G","MGF",1.5,"blue"
"4700",131668704,"G","T","MGF",1.5,"blue"
"4701",131685396,"A","G","MGF",1.5,"blue"
"4702",131739694,"G","A","MGF",1.5,"blue"
"4703",131745311,"A","G","MGF",1.5,"blue"
"4704",131749204,"A","G","MGF",1.5,"blue"
"4705",131750508,"T","G","MGF",1.5,"blue"
"4706",131751140,"A","G","MGF",1.5,"blue"
"4707",131760779,"C","T","MGF",1.5,"blue"
"4708",131760865,"G","A","MGF",1.5,"blue"
"4709",131775704,"C","T","MGF",1.5,"blue"
"4710",131785133,"T","C","MGF",1.5,"blue"
"4711",131789610,"G","A","MGF",1.5,"blue"
"4712",131801623,"C","T","MGF",1.5,"blue"
"4713",131814682,"G","A","MGF",1.5,"blue"
"4714",131819570,"C","T","MGF",1.5,"blue"
"4715",131820147,"G","A","MGF",1.5,"blue"
"4716",131850287,"C","T","MGF",1.5,"blue"
"4717",131880125,"T","C","MGF",1.5,"blue"
"4718",131882309,"G","A","MGF",1.5,"blue"
"4719",131884290,"T","G","MGF",1.5,"blue"
"4720",131893047,"T","C","MGF",1.5,"blue"
"4721",131894744,"A","G","MGF",1.5,"blue"
"4722",131910697,"A","G","MGF",1.5,"blue"
"4723",131937728,"T","C","MGF",1.5,"blue"
"4724",131942253,"A","G","MGF",1.5,"blue"
"4725",131962506,"A","G","MGF",1.5,"blue"
"4726",131965664,"A","G","MGF",1.5,"blue"
"4727",131980481,"C","T","MGF",1.5,"blue"
"4728",131982181,"A","C","MGF",1.5,"blue"
"4729",132099255,"T","C","MGF",1.5,"blue"
"4730",132100727,"G","A","MGF",1.5,"blue"
"4731",132161673,"C","T","MGF",1.5,"blue"
"4732",132163703,"T","C","MGF",1.5,"blue"
"4733",132194187,"C","T","MGF",1.5,"blue"
"4734",132227448,"T","C","MGF",1.5,"blue"
"4735",132283750,"G","A","MGF",1.5,"blue"
"4736",132292083,"G","A","MGF",1.5,"blue"
"4737",132305971,"T","C","MGF",1.5,"blue"
"4738",132306777,"G","A","MGF",1.5,"blue"
"4739",132400278,"G","A","MGF",1.5,"blue"
"4740",132409641,"A","G","MGF",1.5,"blue"
"4741",132437337,"A","G","MGF",1.5,"blue"
"4742",132443704,"C","T","MGF",1.5,"blue"
"4743",132444569,"G","T","MGF",1.5,"blue"
"4744",132446258,"A","G","MGF",1.5,"blue"
"4745",132446781,"C","T","MGF",1.5,"blue"
"4746",132472605,"A","G","MGF",1.5,"blue"
"4747",132487223,"C","A","MGF",1.5,"blue"
"4748",132503020,"G","A","MGF",1.5,"blue"
"4749",132505774,"C","A","MGF",1.5,"blue"
"4750",132529728,"G","A","MGF",1.5,"blue"
"4751",132547106,"G","A","MGF",1.5,"blue"
"4752",132550031,"G","A","MGF",1.5,"blue"
"4753",132550737,"A","G","MGF",1.5,"blue"
"4754",132554979,"G","A","MGF",1.5,"blue"
"4755",132564140,"G","A","MGF",1.5,"blue"
"4756",132570901,"C","T","MGF",1.5,"blue"
"4757",132595347,"G","A","MGF",1.5,"blue"
"4758",132871930,"T","C","MGF",1.5,"blue"
"4759",132874170,"T","C","MGF",1.5,"blue"
"4760",132926592,"C","T","MGF",1.5,"blue"
"4761",132935739,"C","T","MGF",1.5,"blue"
"4762",132981055,"A","G","MGF",1.5,"blue"
"4763",132988656,"C","T","MGF",1.5,"blue"
"4764",132994664,"G","A","MGF",1.5,"blue"
"4765",132995367,"G","A","MGF",1.5,"blue"
"4766",133011991,"G","T","MGF",1.5,"blue"
"4767",133016268,"G","A","MGF",1.5,"blue"
"4768",133030056,"T","C","MGF",1.5,"blue"
"4769",133042460,"C","T","MGF",1.5,"blue"
"4770",133045336,"A","C","MGF",1.5,"blue"
"4771",133078129,"G","A","MGF",1.5,"blue"
"4772",133092703,"G","A","MGF",1.5,"blue"
"4773",133102711,"A","G","MGF",1.5,"blue"
"4774",133130899,"C","T","MGF",1.5,"blue"
"4775",133242671,"A","G","MGF",1.5,"blue"
"4776",133248489,"C","T","MGF",1.5,"blue"
"4777",133331313,"C","T","MGF",1.5,"blue"
"4778",133339690,"A","G","MGF",1.5,"blue"
"4779",133429960,"G","A","MGF",1.5,"blue"
"4780",133451057,"T","G","MGF",1.5,"blue"
"4781",133456115,"A","G","MGF",1.5,"blue"
"4782",133498300,"G","A","MGF",1.5,"blue"
"4783",133500700,"A","G","MGF",1.5,"blue"
"4784",133542487,"T","C","MGF",1.5,"blue"
"4785",133560301,"G","A","MGF",1.5,"blue"
"4786",133724416,"G","A","MGF",1.5,"blue"
"4787",133731503,"A","G","MGF",1.5,"blue"
"4788",133732893,"T","C","MGF",1.5,"blue"
"4789",133733624,"A","C","MGF",1.5,"blue"
"4790",133738344,"A","G","MGF",1.5,"blue"
"4791",133746038,"T","C","MGF",1.5,"blue"
"4792",133869349,"A","G","MGF",1.5,"blue"
"4793",133871659,"C","T","MGF",1.5,"blue"
"4794",133881176,"T","C","MGF",1.5,"blue"
"4795",133881885,"C","T","MGF",1.5,"blue"
"4796",133931550,"C","T","MGF",1.5,"blue"
"4797",133976223,"T","G","MGF",1.5,"blue"
"4798",133980660,"C","T","MGF",1.5,"blue"
"4799",133989031,"G","A","MGF",1.5,"blue"
"4800",134006147,"G","A","MGF",1.5,"blue"
"4801",134054273,"T","C","MGF",1.5,"blue"
"4802",134054639,"T","C","MGF",1.5,"blue"
"4803",134078524,"T","C","MGF",1.5,"blue"
"4804",134080371,"C","A","MGF",1.5,"blue"
"4805",134650889,"G","T","MGF",1.5,"blue"
"4806",134713855,"A","G","MGF",1.5,"blue"
"4807",134725264,"G","A","MGF",1.5,"blue"
"4808",134809428,"C","A","MGF",1.5,"blue"
"4809",134825566,"T","C","MGF",1.5,"blue"
"4810",134833317,"A","G","MGF",1.5,"blue"
"4811",134835195,"G","A","MGF",1.5,"blue"
"4812",134837958,"G","A","MGF",1.5,"blue"
"4813",134841419,"T","C","MGF",1.5,"blue"
"4814",134910953,"G","A","MGF",1.5,"blue"
"4815",134917010,"A","G","MGF",1.5,"blue"
"4816",134991078,"A","G","MGF",1.5,"blue"
"4817",134994005,"T","C","MGF",1.5,"blue"
"4818",135034512,"C","T","MGF",1.5,"blue"
"4819",135034898,"C","T","MGF",1.5,"blue"
"4820",135037966,"A","C","MGF",1.5,"blue"
"4821",135039716,"C","A","MGF",1.5,"blue"
"4822",135046818,"C","T","MGF",1.5,"blue"
"4823",135055694,"C","T","MGF",1.5,"blue"
"4824",135076147,"G","A","MGF",1.5,"blue"
"4825",135134606,"G","T","MGF",1.5,"blue"
"4826",135139195,"T","C","MGF",1.5,"blue"
"4827",136374461,"G","A","MGF",1.5,"blue"
"4828",136442715,"C","T","MGF",1.5,"blue"
"4829",136442811,"C","T","MGF",1.5,"blue"
"4830",136444480,"G","A","MGF",1.5,"blue"
"4831",136446557,"C","T","MGF",1.5,"blue"
"4832",136446900,"A","G","MGF",1.5,"blue"
"4833",136449267,"A","G","MGF",1.5,"blue"
"4834",136468794,"C","T","MGF",1.5,"blue"
"4835",136471150,"T","C","MGF",1.5,"blue"
"4836",136496830,"C","T","MGF",1.5,"blue"
"4837",136510620,"G","A","MGF",1.5,"blue"
"4838",136524905,"T","C","MGF",1.5,"blue"
"4839",136530231,"G","T","MGF",1.5,"blue"
"4840",136567556,"A","C","MGF",1.5,"blue"
"4841",136597300,"A","G","MGF",1.5,"blue"
"4842",136598435,"C","T","MGF",1.5,"blue"
"4843",136600030,"T","C","MGF",1.5,"blue"
"4844",136600502,"T","C","MGF",1.5,"blue"
"4845",136603313,"T","C","MGF",1.5,"blue"
"4846",136625647,"T","C","MGF",1.5,"blue"
"4847",136655146,"T","C","MGF",1.5,"blue"
"4848",136656195,"G","A","MGF",1.5,"blue"
"4849",136663679,"A","G","MGF",1.5,"blue"
"4850",136727435,"A","G","MGF",1.5,"blue"
"4851",136735539,"C","T","MGF",1.5,"blue"
"4852",136750291,"G","A","MGF",1.5,"blue"
"4853",136772918,"T","G","MGF",1.5,"blue"
"4854",136802680,"T","C","MGF",1.5,"blue"
"4855",136841801,"C","T","MGF",1.5,"blue"
"4856",136851758,"G","A","MGF",1.5,"blue"
"4857",136859229,"C","T","MGF",1.5,"blue"
"4858",136896088,"T","C","MGF",1.5,"blue"
"4859",136906447,"C","T","MGF",1.5,"blue"
"4860",136931651,"A","G","MGF",1.5,"blue"
"4861",136943831,"C","T","MGF",1.5,"blue"
"4862",136948180,"G","A","MGF",1.5,"blue"
"4863",136955439,"A","G","MGF",1.5,"blue"
"4864",136971511,"C","T","MGF",1.5,"blue"
"4865",136972993,"A","G","MGF",1.5,"blue"
"4866",136977296,"A","G","MGF",1.5,"blue"
"4867",137077857,"A","G","MGF",1.5,"blue"
"4868",137094206,"A","G","MGF",1.5,"blue"
"4869",137148764,"C","T","MGF",1.5,"blue"
"4870",137177381,"C","T","MGF",1.5,"blue"
"4871",137223467,"G","A","MGF",1.5,"blue"
"4872",137231977,"A","C","MGF",1.5,"blue"
"4873",137290903,"C","A","MGF",1.5,"blue"
"4874",137309160,"T","C","MGF",1.5,"blue"
"4875",137321847,"T","G","MGF",1.5,"blue"
"4876",137358915,"T","C","MGF",1.5,"blue"
"4877",137366726,"A","G","MGF",1.5,"blue"
"4878",137376795,"A","C","MGF",1.5,"blue"
"4879",137385425,"C","T","MGF",1.5,"blue"
"4880",137396268,"A","C","MGF",1.5,"blue"
"4881",137402958,"C","T","MGF",1.5,"blue"
"4882",137415559,"G","T","MGF",1.5,"blue"
"4883",137421400,"T","G","MGF",1.5,"blue"
"4884",137434018,"C","T","MGF",1.5,"blue"
"4885",137438929,"G","A","MGF",1.5,"blue"
"4886",137459674,"T","C","MGF",1.5,"blue"
"4887",137470093,"C","T","MGF",1.5,"blue"
"4888",137471351,"T","G","MGF",1.5,"blue"
"4889",137480358,"G","A","MGF",1.5,"blue"
"4890",137486165,"A","G","MGF",1.5,"blue"
"4891",137488143,"G","A","MGF",1.5,"blue"
"4892",137492575,"C","T","MGF",1.5,"blue"
"4893",137530269,"A","G","MGF",1.5,"blue"
"4894",137530619,"A","G","MGF",1.5,"blue"
"4895",137551659,"G","A","MGF",1.5,"blue"
"4896",137554506,"C","T","MGF",1.5,"blue"
"4897",137556024,"C","T","MGF",1.5,"blue"
"4898",137571772,"A","G","MGF",1.5,"blue"
"4899",137580983,"A","G","MGF",1.5,"blue"
"4900",137620981,"A","G","MGF",1.5,"blue"
"4901",137624477,"A","C","MGF",1.5,"blue"
"4902",137631094,"C","A","MGF",1.5,"blue"
"4903",137670347,"T","C","MGF",1.5,"blue"
"4904",137672376,"A","G","MGF",1.5,"blue"
"4905",137681468,"C","T","MGF",1.5,"blue"
"4906",137738575,"A","C","MGF",1.5,"blue"
"4907",137769165,"C","T","MGF",1.5,"blue"
"4908",137809873,"C","T","MGF",1.5,"blue"
"4909",137810963,"C","A","MGF",1.5,"blue"
"4910",137822910,"A","G","MGF",1.5,"blue"
"4911",137828697,"G","A","MGF",1.5,"blue"
"4912",137836513,"G","A","MGF",1.5,"blue"
"4913",137848601,"G","A","MGF",1.5,"blue"
"4914",137857818,"T","C","MGF",1.5,"blue"
"4915",137901986,"C","T","MGF",1.5,"blue"
"4916",137943387,"G","A","MGF",1.5,"blue"
"4917",138015206,"T","C","MGF",1.5,"blue"
"4918",138015325,"C","T","MGF",1.5,"blue"
"4919",138015986,"T","C","MGF",1.5,"blue"
"4920",138193172,"C","A","MGF",1.5,"blue"
"4921",138211786,"A","G","MGF",1.5,"blue"
"4922",138236688,"T","C","MGF",1.5,"blue"
"4923",138273792,"A","G","MGF",1.5,"blue"
"4924",138287146,"T","C","MGF",1.5,"blue"
"4925",138305787,"G","A","MGF",1.5,"blue"
"4926",138308908,"C","T","MGF",1.5,"blue"
"4927",138309088,"T","C","MGF",1.5,"blue"
"4928",138309597,"A","G","MGF",1.5,"blue"
"4929",138316144,"C","T","MGF",1.5,"blue"
"4930",138319266,"A","C","MGF",1.5,"blue"
"4931",138338245,"G","T","MGF",1.5,"blue"
"4932",138370986,"A","G","MGF",1.5,"blue"
"4933",138376062,"A","G","MGF",1.5,"blue"
"4934",138407639,"T","C","MGF",1.5,"blue"
"4935",138413908,"A","G","MGF",1.5,"blue"
"4936",138429585,"G","T","MGF",1.5,"blue"
"4937",138438130,"T","C","MGF",1.5,"blue"
"4938",138439843,"C","A","MGF",1.5,"blue"
"4939",138445797,"C","T","MGF",1.5,"blue"
"4940",138447412,"T","C","MGF",1.5,"blue"
"4941",138450058,"A","G","MGF",1.5,"blue"
"4942",138454599,"C","T","MGF",1.5,"blue"
"4943",138507165,"G","T","MGF",1.5,"blue"
"4944",138512472,"A","G","MGF",1.5,"blue"
"4945",138548178,"A","G","MGF",1.5,"blue"
"4946",138568062,"A","C","MGF",1.5,"blue"
"4947",138617733,"A","G","MGF",1.5,"blue"
"4948",138623957,"A","G","MGF",1.5,"blue"
"4949",138633280,"A","G","MGF",1.5,"blue"
"4950",138635054,"T","C","MGF",1.5,"blue"
"4951",138656062,"T","C","MGF",1.5,"blue"
"4952",138667452,"C","T","MGF",1.5,"blue"
"4953",138672787,"A","G","MGF",1.5,"blue"
"4954",138694139,"G","A","MGF",1.5,"blue"
"4955",138697246,"A","C","MGF",1.5,"blue"
"4956",138733254,"T","C","MGF",1.5,"blue"
"4957",138743267,"C","T","MGF",1.5,"blue"
"4958",139137309,"A","G","MGF",1.5,"blue"
"4959",139137392,"A","G","MGF",1.5,"blue"
"4960",139153941,"C","T","MGF",1.5,"blue"
"4961",139165749,"T","C","MGF",1.5,"blue"
"4962",139181935,"A","C","MGF",1.5,"blue"
"4963",139222733,"A","G","MGF",1.5,"blue"
"4964",139235492,"T","C","MGF",1.5,"blue"
"4965",139265385,"G","A","MGF",1.5,"blue"
"4966",139279657,"G","A","MGF",1.5,"blue"
"4967",139288359,"C","T","MGF",1.5,"blue"
"4968",139589781,"T","C","MGF",1.5,"blue"
"4969",139598066,"G","A","MGF",1.5,"blue"
"4970",139616262,"G","A","MGF",1.5,"blue"
"4971",139616626,"C","T","MGF",1.5,"blue"
"4972",139617486,"C","T","MGF",1.5,"blue"
"4973",139620091,"G","A","MGF",1.5,"blue"
"4974",139627530,"C","T","MGF",1.5,"blue"
"4975",139630264,"T","C","MGF",1.5,"blue"
"4976",139662811,"C","T","MGF",1.5,"blue"
"4977",139729939,"C","T","MGF",1.5,"blue"
"4978",139732666,"G","A","MGF",1.5,"blue"
"4979",139737490,"G","A","MGF",1.5,"blue"
"4980",139741667,"C","A","MGF",1.5,"blue"
"4981",139751651,"C","A","MGF",1.5,"blue"
"4982",139767169,"C","T","MGF",1.5,"blue"
"4983",139767273,"C","T","MGF",1.5,"blue"
"4984",139770393,"A","G","MGF",1.5,"blue"
"4985",139853006,"A","G","MGF",1.5,"blue"
"4986",139854816,"C","T","MGF",1.5,"blue"
"4987",139865162,"A","G","MGF",1.5,"blue"
"4988",139876820,"G","A","MGF",1.5,"blue"
"4989",139908165,"C","T","MGF",1.5,"blue"
"4990",139924526,"G","A","MGF",1.5,"blue"
"4991",139929215,"A","G","MGF",1.5,"blue"
"4992",139935888,"C","T","MGF",1.5,"blue"
"4993",139937398,"T","C","MGF",1.5,"blue"
"4994",139938600,"C","T","MGF",1.5,"blue"
"4995",139942674,"G","A","MGF",1.5,"blue"
"4996",139942890,"G","A","MGF",1.5,"blue"
"4997",139945197,"C","T","MGF",1.5,"blue"
"4998",139991398,"T","C","MGF",1.5,"blue"
"4999",139993325,"T","C","MGF",1.5,"blue"
"5000",139999899,"A","G","MGF",1.5,"blue"
"5001",140000765,"C","T","MGF",1.5,"blue"
"5002",140002404,"C","T","MGF",1.5,"blue"
"5003",140002446,"A","G","MGF",1.5,"blue"
"5004",140003594,"C","T","MGF",1.5,"blue"
"5005",140005077,"G","A","MGF",1.5,"blue"
"5006",140008515,"T","C","MGF",1.5,"blue"
"5007",140009315,"A","C","MGF",1.5,"blue"
"5008",140040600,"T","C","MGF",1.5,"blue"
"5009",140042654,"T","G","MGF",1.5,"blue"
"5010",140044362,"T","C","MGF",1.5,"blue"
"5011",140049029,"T","C","MGF",1.5,"blue"
"5012",140051005,"C","A","MGF",1.5,"blue"
"5013",140055424,"T","C","MGF",1.5,"blue"
"5014",140055547,"T","C","MGF",1.5,"blue"
"5015",140062633,"C","T","MGF",1.5,"blue"
"5016",140232242,"G","A","MGF",1.5,"blue"
"5017",140236376,"T","C","MGF",1.5,"blue"
"5018",140240146,"A","G","MGF",1.5,"blue"
"5019",140240569,"A","G","MGF",1.5,"blue"
"5020",140246245,"A","G","MGF",1.5,"blue"
"5021",140250546,"G","A","MGF",1.5,"blue"
"5022",140293236,"C","T","MGF",1.5,"blue"
"5023",140310606,"T","C","MGF",1.5,"blue"
"5024",140350876,"A","G","MGF",1.5,"blue"
"5025",140350912,"C","T","MGF",1.5,"blue"
"5026",140354434,"C","T","MGF",1.5,"blue"
"5027",140360395,"G","A","MGF",1.5,"blue"
"5028",140363533,"C","T","MGF",1.5,"blue"
"5029",140371494,"T","C","MGF",1.5,"blue"
"5030",140374670,"A","G","MGF",1.5,"blue"
"5031",140428448,"A","G","MGF",1.5,"blue"
"5032",140429504,"G","A","MGF",1.5,"blue"
"5033",140431175,"T","C","MGF",1.5,"blue"
"5034",140436919,"G","A","MGF",1.5,"blue"
"5035",140438761,"C","T","MGF",1.5,"blue"
"5036",140439277,"T","C","MGF",1.5,"blue"
"5037",140508021,"T","C","MGF",1.5,"blue"
"5038",140519367,"A","G","MGF",1.5,"blue"
"5039",140522098,"A","G","MGF",1.5,"blue"
"5040",140529422,"G","A","MGF",1.5,"blue"
"5041",140530975,"A","G","MGF",1.5,"blue"
"5042",140551155,"G","A","MGF",1.5,"blue"
"5043",140555282,"A","G","MGF",1.5,"blue"
"5044",140702414,"T","G","MGF",1.5,"blue"
"5045",140704437,"A","G","MGF",1.5,"blue"
"5046",140709862,"T","C","MGF",1.5,"blue"
"5047",140712285,"G","A","MGF",1.5,"blue"
"5048",140724815,"A","G","MGF",1.5,"blue"
"5049",140729686,"G","A","MGF",1.5,"blue"
"5050",140730991,"G","A","MGF",1.5,"blue"
"5051",140731018,"G","A","MGF",1.5,"blue"
"5052",140735126,"A","G","MGF",1.5,"blue"
"5053",140735668,"A","G","MGF",1.5,"blue"
"5054",140735942,"C","T","MGF",1.5,"blue"
"5055",140759327,"G","T","MGF",1.5,"blue"
"5056",140798446,"A","G","MGF",1.5,"blue"
"5057",140798669,"C","A","MGF",1.5,"blue"
"5058",140802923,"G","A","MGF",1.5,"blue"
"5059",140812345,"T","C","MGF",1.5,"blue"
"5060",140817845,"A","G","MGF",1.5,"blue"
"5061",140826288,"G","T","MGF",1.5,"blue"
"5062",140856853,"A","G","MGF",1.5,"blue"
"5063",140860743,"C","T","MGF",1.5,"blue"
"5064",140879813,"T","C","MGF",1.5,"blue"
"5065",140895244,"G","A","MGF",1.5,"blue"
"5066",140895389,"A","G","MGF",1.5,"blue"
"5067",140903603,"T","C","MGF",1.5,"blue"
"5068",140904844,"G","A","MGF",1.5,"blue"
"5069",140910974,"T","G","MGF",1.5,"blue"
"5070",140914226,"G","A","MGF",1.5,"blue"
"5071",140917514,"G","A","MGF",1.5,"blue"
"5072",140925519,"G","A","MGF",1.5,"blue"
"5073",140926716,"T","C","MGF",1.5,"blue"
"5074",140928533,"A","G","MGF",1.5,"blue"
"5075",140932981,"G","T","MGF",1.5,"blue"
"5076",140938345,"A","C","MGF",1.5,"blue"
"5077",140946829,"C","A","MGF",1.5,"blue"
"5078",140953078,"A","G","MGF",1.5,"blue"
"5079",140961960,"C","T","MGF",1.5,"blue"
"5080",140962372,"A","C","MGF",1.5,"blue"
"5081",140964315,"G","A","MGF",1.5,"blue"
"5082",140985857,"T","C","MGF",1.5,"blue"
"5083",140987820,"C","A","MGF",1.5,"blue"
"5084",140990851,"T","C","MGF",1.5,"blue"
"5085",140996672,"C","T","MGF",1.5,"blue"
"5086",141003473,"T","C","MGF",1.5,"blue"
"5087",141007492,"T","C","MGF",1.5,"blue"
"5088",141023362,"T","C","MGF",1.5,"blue"
"5089",141030417,"T","G","MGF",1.5,"blue"
"5090",141043089,"G","A","MGF",1.5,"blue"
"5091",141045184,"G","A","MGF",1.5,"blue"
"5092",141047178,"T","C","MGF",1.5,"blue"
"5093",141055608,"G","A","MGF",1.5,"blue"
"5094",141055729,"T","C","MGF",1.5,"blue"
"5095",141060020,"A","G","MGF",1.5,"blue"
"5096",141070004,"G","A","MGF",1.5,"blue"
"5097",141082685,"A","G","MGF",1.5,"blue"
"5098",141086165,"A","G","MGF",1.5,"blue"
"5099",141090806,"A","C","MGF",1.5,"blue"
"5100",141092243,"C","T","MGF",1.5,"blue"
"5101",141093775,"T","C","MGF",1.5,"blue"
"5102",141094333,"A","C","MGF",1.5,"blue"
"5103",141100339,"A","G","MGF",1.5,"blue"
"5104",141101414,"T","C","MGF",1.5,"blue"
"5105",141159279,"G","A","MGF",1.5,"blue"
"5106",141163519,"C","T","MGF",1.5,"blue"
"5107",141166965,"C","T","MGF",1.5,"blue"
"5108",141169274,"C","T","MGF",1.5,"blue"
"5109",141176547,"A","G","MGF",1.5,"blue"
"5110",141176623,"T","C","MGF",1.5,"blue"
"5111",141197218,"C","A","MGF",1.5,"blue"
"5112",141200676,"T","C","MGF",1.5,"blue"
"5113",141203713,"C","T","MGF",1.5,"blue"
"5114",141205252,"C","T","MGF",1.5,"blue"
"5115",141223393,"T","C","MGF",1.5,"blue"
"5116",141232285,"A","G","MGF",1.5,"blue"
"5117",141234281,"C","T","MGF",1.5,"blue"
"5118",141234717,"C","T","MGF",1.5,"blue"
"5119",141238567,"G","A","MGF",1.5,"blue"
"5120",141247401,"C","T","MGF",1.5,"blue"
"5121",141250624,"T","C","MGF",1.5,"blue"
"5122",141264926,"C","T","MGF",1.5,"blue"
"5123",141289862,"G","A","MGF",1.5,"blue"
"5124",141293361,"A","G","MGF",1.5,"blue"
"5125",141298722,"T","C","MGF",1.5,"blue"
"5126",141300414,"T","C","MGF",1.5,"blue"
"5127",141304568,"T","C","MGF",1.5,"blue"
"5128",141339539,"A","G","MGF",1.5,"blue"
"5129",141344554,"T","C","MGF",1.5,"blue"
"5130",141344785,"C","A","MGF",1.5,"blue"
"5131",141346458,"G","A","MGF",1.5,"blue"
"5132",141348313,"A","G","MGF",1.5,"blue"
"5133",141351135,"T","C","MGF",1.5,"blue"
"5134",141366738,"G","A","MGF",1.5,"blue"
"5135",141370154,"A","G","MGF",1.5,"blue"
"5136",141370992,"T","G","MGF",1.5,"blue"
"5137",141378011,"C","T","MGF",1.5,"blue"
"5138",141381565,"C","T","MGF",1.5,"blue"
"5139",141382272,"T","C","MGF",1.5,"blue"
"5140",141468646,"G","A","MGF",1.5,"blue"
"5141",141483368,"A","G","MGF",1.5,"blue"
"5142",141496458,"A","G","MGF",1.5,"blue"
"5143",141505650,"G","A","MGF",1.5,"blue"
"5144",141518499,"T","C","MGF",1.5,"blue"
"5145",141522614,"A","G","MGF",1.5,"blue"
"5146",141529072,"A","G","MGF",1.5,"blue"
"5147",141535069,"G","T","MGF",1.5,"blue"
"5148",141559213,"C","T","MGF",1.5,"blue"
"5149",141561152,"A","G","MGF",1.5,"blue"
"5150",141573711,"G","A","MGF",1.5,"blue"
"5151",141610418,"C","T","MGF",1.5,"blue"
"5152",141611342,"G","A","MGF",1.5,"blue"
"5153",141725508,"T","C","MGF",1.5,"blue"
"5154",141772749,"A","G","MGF",1.5,"blue"
"5155",141772928,"C","T","MGF",1.5,"blue"
"5156",141774372,"A","G","MGF",1.5,"blue"
"5157",141887310,"C","C","MGM",0.5,"red"
"5158",141944963,"A","A","MGM",0.5,"red"
"5159",141945280,"C","C","MGM",0.5,"red"
"5160",141965106,"A","A","MGM",0.5,"red"
"5161",141979057,"G","G","MGM",0.5,"red"
"5162",142000580,"G","G","MGM",0.5,"red"
"5163",142065365,"G","G","MGM",0.5,"red"
"5164",142072477,"C","C","MGM",0.5,"red"
"5165",142081024,"T","T","MGM",0.5,"red"
"5166",142088035,"C","C","MGM",0.5,"red"
"5167",142124139,"C","C","MGM",0.5,"red"
"5168",142125008,"G","G","MGM",0.5,"red"
"5169",142126426,"A","A","MGM",0.5,"red"
"5170",142126823,"A","A","MGM",0.5,"red"
"5171",142128422,"T","T","MGM",0.5,"red"
"5172",142129735,"C","C","MGM",0.5,"red"
"5173",142142847,"T","T","MGM",0.5,"red"
"5174",142143147,"T","T","MGM",0.5,"red"
"5175",142145200,"T","T","MGM",0.5,"red"
"5176",142151954,"A","A","MGM",0.5,"red"
"5177",142163221,"T","T","MGM",0.5,"red"
"5178",142163514,"C","C","MGM",0.5,"red"
"5179",142171355,"T","T","MGM",0.5,"red"
"5180",142184543,"T","T","MGM",0.5,"red"
"5181",142188516,"C","C","MGM",0.5,"red"
"5182",142189780,"A","A","MGM",0.5,"red"
"5183",142200382,"A","A","MGM",0.5,"red"
"5184",142200634,"G","G","MGM",0.5,"red"
"5185",142205378,"T","T","MGM",0.5,"red"
"5186",142212676,"G","G","MGM",0.5,"red"
"5187",142218984,"C","C","MGM",0.5,"red"
"5188",142224230,"G","G","MGM",0.5,"red"
"5189",142239618,"G","G","MGM",0.5,"red"
"5190",142241362,"G","G","MGM",0.5,"red"
"5191",142249252,"C","C","MGM",0.5,"red"
"5192",142254173,"G","G","MGM",0.5,"red"
"5193",142255720,"C","C","MGM",0.5,"red"
"5194",142257797,"C","C","MGM",0.5,"red"
"5195",142271947,"C","C","MGM",0.5,"red"
"5196",142284193,"A","A","MGM",0.5,"red"
"5197",142287209,"G","G","MGM",0.5,"red"
"5198",142291974,"A","A","MGM",0.5,"red"
"5199",142293653,"T","T","MGM",0.5,"red"
"5200",142293844,"C","C","MGM",0.5,"red"
"5201",142315119,"T","T","MGM",0.5,"red"
"5202",142318960,"A","A","MGM",0.5,"red"
"5203",142320819,"G","G","MGM",0.5,"red"
"5204",142336781,"T","T","MGM",0.5,"red"
"5205",142336955,"G","G","MGM",0.5,"red"
"5206",142341423,"C","C","MGM",0.5,"red"
"5207",142345942,"G","G","MGM",0.5,"red"
"5208",142352352,"C","C","MGM",0.5,"red"
"5209",142353186,"A","A","MGM",0.5,"red"
"5210",142353531,"T","T","MGM",0.5,"red"
"5211",142354644,"A","A","MGM",0.5,"red"
"5212",142417006,"T","T","MGM",0.5,"red"
"5213",142419054,"C","C","MGM",0.5,"red"
"5214",142419289,"G","G","MGM",0.5,"red"
"5215",142419633,"C","C","MGM",0.5,"red"
"5216",142420719,"T","T","MGM",0.5,"red"
"5217",142422021,"G","G","MGM",0.5,"red"
"5218",142431962,"A","A","MGM",0.5,"red"
"5219",142434889,"G","G","MGM",0.5,"red"
"5220",142450874,"A","A","MGM",0.5,"red"
"5221",142455873,"T","T","MGM",0.5,"red"
"5222",142455905,"C","C","MGM",0.5,"red"
"5223",142456822,"T","T","MGM",0.5,"red"
"5224",142469312,"T","T","MGM",0.5,"red"
"5225",142474029,"A","A","MGM",0.5,"red"
"5226",142490526,"T","T","MGM",0.5,"red"
"5227",142491778,"T","T","MGM",0.5,"red"
"5228",142500941,"A","A","MGM",0.5,"red"
"5229",142506414,"A","A","MGM",0.5,"red"
"5230",142566176,"C","C","MGM",0.5,"red"
"5231",142568865,"C","C","MGM",0.5,"red"
"5232",142594249,"A","A","MGM",0.5,"red"
"5233",142600937,"G","G","MGM",0.5,"red"
"5234",142603013,"G","G","MGM",0.5,"red"
"5235",142608872,"C","C","MGM",0.5,"red"
"5236",142610679,"G","G","MGM",0.5,"red"
"5237",142613742,"T","T","MGM",0.5,"red"
"5238",142623481,"T","T","MGM",0.5,"red"
"5239",142626795,"T","T","MGM",0.5,"red"
"5240",142631619,"C","C","MGM",0.5,"red"
"5241",142637742,"A","A","MGM",0.5,"red"
"5242",142641647,"A","A","MGM",0.5,"red"
"5243",142656443,"C","C","MGM",0.5,"red"
"5244",142665774,"G","G","MGM",0.5,"red"
"5245",142672290,"G","G","MGM",0.5,"red"
"5246",142673154,"C","C","MGM",0.5,"red"
"5247",142681185,"A","A","MGM",0.5,"red"
"5248",142682875,"T","T","MGM",0.5,"red"
"5249",142691795,"C","C","MGM",0.5,"red"
"5250",142701244,"G","G","MGM",0.5,"red"
"5251",142706734,"G","G","MGM",0.5,"red"
"5252",142711939,"C","C","MGM",0.5,"red"
"5253",142714488,"G","G","MGM",0.5,"red"
"5254",142720238,"C","C","MGM",0.5,"red"
"5255",142734194,"T","T","MGM",0.5,"red"
"5256",142738363,"C","C","MGM",0.5,"red"
"5257",142740479,"A","A","MGM",0.5,"red"
"5258",142742431,"A","A","MGM",0.5,"red"
"5259",142747149,"T","T","MGM",0.5,"red"
"5260",142752732,"T","T","MGM",0.5,"red"
"5261",142820376,"A","A","MGM",0.5,"red"
"5262",142828307,"G","G","MGM",0.5,"red"
"5263",142836102,"G","G","MGM",0.5,"red"
"5264",142837456,"C","C","MGM",0.5,"red"
"5265",142868792,"T","T","MGM",0.5,"red"
"5266",142869273,"G","G","MGM",0.5,"red"
"5267",142871227,"A","A","MGM",0.5,"red"
"5268",142877317,"C","C","MGM",0.5,"red"
"5269",142882316,"A","A","MGM",0.5,"red"
"5270",142890526,"G","G","MGM",0.5,"red"
"5271",142898144,"A","A","MGM",0.5,"red"
"5272",142899370,"G","G","MGM",0.5,"red"
"5273",142901967,"G","0","MGF",1.5,"blue"
"5274",142904793,"T","T","MGM",0.5,"red"
"5275",142911626,"A","A","MGM",0.5,"red"
"5276",142957242,"A","A","MGM",0.5,"red"
"5277",143062745,"C","C","MGM",0.5,"red"
"5278",143296469,"G","G","MGM",0.5,"red"
"5279",143297779,"C","C","MGM",0.5,"red"
"5280",143304484,"A","A","MGM",0.5,"red"
"5281",143314996,"A","A","MGM",0.5,"red"
"5282",143319739,"G","G","MGM",0.5,"red"
"5283",143320589,"C","C","MGM",0.5,"red"
"5284",143343443,"A","A","MGM",0.5,"red"
"5285",143358447,"A","A","MGM",0.5,"red"
"5286",143364083,"A","A","MGM",0.5,"red"
"5287",143383667,"G","G","MGM",0.5,"red"
"5288",143384495,"T","T","MGM",0.5,"red"
"5289",143390769,"T","T","MGM",0.5,"red"
"5290",143391284,"G","G","MGM",0.5,"red"
"5291",143393210,"A","A","MGM",0.5,"red"
"5292",143406787,"G","G","MGM",0.5,"red"
"5293",143435373,"C","C","MGM",0.5,"red"
"5294",143440184,"A","A","MGM",0.5,"red"
"5295",143443300,"A","A","MGM",0.5,"red"
"5296",143449095,"T","T","MGM",0.5,"red"
"5297",143461391,"C","C","MGM",0.5,"red"
"5298",143469716,"A","A","MGM",0.5,"red"
"5299",143485592,"C","C","MGM",0.5,"red"
"5300",143496870,"A","A","MGM",0.5,"red"
"5301",143565104,"T","T","MGM",0.5,"red"
"5302",143569334,"T","T","MGM",0.5,"red"
"5303",143587845,"A","A","MGM",0.5,"red"
"5304",143607592,"C","C","MGM",0.5,"red"
"5305",143622307,"C","C","MGM",0.5,"red"
"5306",143622840,"G","G","MGM",0.5,"red"
"5307",143626006,"A","A","MGM",0.5,"red"
"5308",143645183,"C","C","MGM",0.5,"red"
"5309",143655159,"T","T","MGM",0.5,"red"
"5310",143656781,"A","A","MGM",0.5,"red"
"5311",143677595,"A","A","MGM",0.5,"red"
"5312",143681044,"C","C","MGM",0.5,"red"
"5313",143683324,"G","G","MGM",0.5,"red"
"5314",143692069,"A","A","MGM",0.5,"red"
"5315",143693782,"T","T","MGM",0.5,"red"
"5316",143698603,"T","T","MGM",0.5,"red"
"5317",143705261,"A","A","MGM",0.5,"red"
"5318",143705415,"T","T","MGM",0.5,"red"
"5319",143710049,"G","G","MGM",0.5,"red"
"5320",143717486,"T","T","MGM",0.5,"red"
"5321",143723692,"A","A","MGM",0.5,"red"
"5322",143731503,"A","A","MGM",0.5,"red"
"5323",143733362,"A","A","MGM",0.5,"red"
"5324",143734039,"G","G","MGM",0.5,"red"
"5325",143736510,"A","A","MGM",0.5,"red"
"5326",143738382,"T","T","MGM",0.5,"red"
"5327",143741833,"G","G","MGM",0.5,"red"
"5328",143748047,"C","C","MGM",0.5,"red"
"5329",143748405,"C","C","MGM",0.5,"red"
"5330",143751508,"G","G","MGM",0.5,"red"
"5331",143752568,"C","C","MGM",0.5,"red"
"5332",143757890,"T","T","MGM",0.5,"red"
"5333",143770871,"G","G","MGM",0.5,"red"
"5334",143782434,"C","C","MGM",0.5,"red"
"5335",143789407,"G","G","MGM",0.5,"red"
"5336",143828652,"A","A","MGM",0.5,"red"
"5337",143830188,"A","A","MGM",0.5,"red"
"5338",143855367,"G","G","MGM",0.5,"red"
"5339",143856415,"C","C","MGM",0.5,"red"
"5340",143862252,"C","C","MGM",0.5,"red"
"5341",143893486,"G","G","MGM",0.5,"red"
"5342",143900607,"C","C","MGM",0.5,"red"
"5343",143903227,"C","C","MGM",0.5,"red"
"5344",143922712,"G","G","MGM",0.5,"red"
"5345",143924469,"A","A","MGM",0.5,"red"
"5346",143931148,"A","A","MGM",0.5,"red"
"5347",143942297,"A","A","MGM",0.5,"red"
"5348",143945149,"T","T","MGM",0.5,"red"
"5349",143953495,"G","G","MGM",0.5,"red"
"5350",143977387,"C","C","MGM",0.5,"red"
"5351",143979472,"A","A","MGM",0.5,"red"
"5352",143986157,"G","G","MGM",0.5,"red"
"5353",143988883,"C","C","MGM",0.5,"red"
"5354",143994475,"C","C","MGM",0.5,"red"
"5355",144000413,"C","C","MGM",0.5,"red"
"5356",144005140,"T","T","MGM",0.5,"red"
"5357",144010411,"C","C","MGM",0.5,"red"
"5358",144027842,"G","G","MGM",0.5,"red"
"5359",144051125,"C","C","MGM",0.5,"red"
"5360",144062361,"A","A","MGM",0.5,"red"
"5361",144067581,"A","A","MGM",0.5,"red"
"5362",144071710,"T","T","MGM",0.5,"red"
"5363",144074528,"C","C","MGM",0.5,"red"
"5364",144087351,"T","T","MGM",0.5,"red"
"5365",144097409,"G","G","MGM",0.5,"red"
"5366",144108199,"A","A","MGM",0.5,"red"
"5367",144108312,"C","C","MGM",0.5,"red"
"5368",144111022,"C","C","MGM",0.5,"red"
"5369",144158588,"T","T","MGM",0.5,"red"
"5370",144164341,"T","T","MGM",0.5,"red"
"5371",144181432,"C","C","MGM",0.5,"red"
"5372",144185170,"C","C","MGM",0.5,"red"
"5373",144186321,"C","C","MGM",0.5,"red"
"5374",144215202,"C","C","MGM",0.5,"red"
"5375",144219076,"C","C","MGM",0.5,"red"
"5376",144238420,"G","G","MGM",0.5,"red"
"5377",144243022,"G","G","MGM",0.5,"red"
"5378",144243115,"G","G","MGM",0.5,"red"
"5379",144246795,"C","C","MGM",0.5,"red"
"5380",144249893,"A","A","MGM",0.5,"red"
"5381",144250516,"A","A","MGM",0.5,"red"
"5382",144250912,"A","A","MGM",0.5,"red"
"5383",144251021,"A","A","MGM",0.5,"red"
"5384",144251790,"G","G","MGM",0.5,"red"
"5385",144252914,"A","A","MGM",0.5,"red"
"5386",144256149,"C","C","MGM",0.5,"red"
"5387",144260680,"T","T","MGM",0.5,"red"
"5388",144261673,"G","G","MGM",0.5,"red"
"5389",144280052,"C","C","MGM",0.5,"red"
"5390",144281044,"C","C","MGM",0.5,"red"
"5391",144489488,"T","T","MGM",0.5,"red"
"5392",144502614,"G","G","MGM",0.5,"red"
"5393",144513415,"T","T","MGM",0.5,"red"
"5394",144568864,"A","A","MGM",0.5,"red"
"5395",144578085,"T","T","MGM",0.5,"red"
"5396",144580770,"T","T","MGM",0.5,"red"
"5397",144582143,"G","G","MGM",0.5,"red"
"5398",144585539,"A","A","MGM",0.5,"red"
"5399",144588430,"A","A","MGM",0.5,"red"
"5400",144619149,"G","G","MGM",0.5,"red"
"5401",144622689,"C","C","MGM",0.5,"red"
"5402",144642152,"A","A","MGM",0.5,"red"
"5403",144645107,"G","G","MGM",0.5,"red"
"5404",144646345,"C","C","MGM",0.5,"red"
"5405",144663322,"C","C","MGM",0.5,"red"
"5406",144672835,"G","G","MGM",0.5,"red"
"5407",144674621,"C","C","MGM",0.5,"red"
"5408",144678983,"A","A","MGM",0.5,"red"
"5409",144690368,"A","A","MGM",0.5,"red"
"5410",144691668,"C","C","MGM",0.5,"red"
"5411",144726413,"C","C","MGM",0.5,"red"
"5412",144797364,"T","T","MGM",0.5,"red"
"5413",144811962,"T","T","MGM",0.5,"red"
"5414",144814440,"A","A","MGM",0.5,"red"
"5415",144896351,"C","C","MGM",0.5,"red"
"5416",144898273,"T","T","MGM",0.5,"red"
"5417",144938850,"G","G","MGM",0.5,"red"
"5418",144947131,"G","G","MGM",0.5,"red"
"5419",144947647,"A","A","MGM",0.5,"red"
"5420",144955839,"T","T","MGM",0.5,"red"
"5421",144963631,"G","G","MGM",0.5,"red"
"5422",144980260,"G","G","MGM",0.5,"red"
"5423",145005630,"T","T","MGM",0.5,"red"
"5424",145007109,"T","T","MGM",0.5,"red"
"5425",145007447,"A","A","MGM",0.5,"red"
"5426",145014084,"G","G","MGM",0.5,"red"
"5427",145027120,"G","G","MGM",0.5,"red"
"5428",145029174,"C","C","MGM",0.5,"red"
"5429",145060064,"A","A","MGM",0.5,"red"
"5430",145069663,"G","G","MGM",0.5,"red"
"5431",145075633,"T","T","MGM",0.5,"red"
"5432",145077318,"G","G","MGM",0.5,"red"
"5433",145082372,"C","C","MGM",0.5,"red"
"5434",145112665,"A","A","MGM",0.5,"red"
"5435",145124591,"T","T","MGM",0.5,"red"
"5436",145128805,"A","A","MGM",0.5,"red"
"5437",145132113,"G","G","MGM",0.5,"red"
"5438",145132488,"T","T","MGM",0.5,"red"
"5439",145136115,"C","C","MGM",0.5,"red"
"5440",145148099,"C","C","MGM",0.5,"red"
"5441",145148676,"C","C","MGM",0.5,"red"
"5442",145150319,"G","G","MGM",0.5,"red"
"5443",145153127,"T","T","MGM",0.5,"red"
"5444",145158748,"T","T","MGM",0.5,"red"
"5445",145163584,"C","C","MGM",0.5,"red"
"5446",145169235,"A","A","MGM",0.5,"red"
"5447",145178968,"T","T","MGM",0.5,"red"
"5448",145190852,"G","G","MGM",0.5,"red"
"5449",145192142,"T","T","MGM",0.5,"red"
"5450",145210623,"G","G","MGM",0.5,"red"
"5451",145220038,"T","T","MGM",0.5,"red"
"5452",145223598,"C","C","MGM",0.5,"red"
"5453",145224238,"A","A","MGM",0.5,"red"
"5454",145228381,"T","T","MGM",0.5,"red"
"5455",145228622,"A","A","MGM",0.5,"red"
"5456",145232804,"G","G","MGM",0.5,"red"
"5457",145234227,"A","A","MGM",0.5,"red"
"5458",145240758,"A","A","MGM",0.5,"red"
"5459",145299275,"G","G","MGM",0.5,"red"
"5460",145326887,"G","G","MGM",0.5,"red"
"5461",145340134,"G","G","MGM",0.5,"red"
"5462",145346535,"A","A","MGM",0.5,"red"
"5463",145347844,"C","C","MGM",0.5,"red"
"5464",145354597,"T","T","MGM",0.5,"red"
"5465",145354770,"T","T","MGM",0.5,"red"
"5466",145355548,"C","C","MGM",0.5,"red"
"5467",145367055,"G","G","MGM",0.5,"red"
"5468",145368026,"A","A","MGM",0.5,"red"
"5469",145368673,"A","A","MGM",0.5,"red"
"5470",145371990,"C","C","MGM",0.5,"red"
"5471",145380906,"C","C","MGM",0.5,"red"
"5472",145383892,"C","C","MGM",0.5,"red"
"5473",145386224,"T","T","MGM",0.5,"red"
"5474",145390066,"A","A","MGM",0.5,"red"
"5475",145401263,"A","A","MGM",0.5,"red"
"5476",145410138,"C","C","MGM",0.5,"red"
"5477",145412653,"C","C","MGM",0.5,"red"
"5478",145416201,"C","C","MGM",0.5,"red"
"5479",145420425,"A","A","MGM",0.5,"red"
"5480",145423351,"A","A","MGM",0.5,"red"
"5481",145425565,"G","G","MGM",0.5,"red"
"5482",145433118,"A","A","MGM",0.5,"red"
"5483",145498401,"C","C","MGM",0.5,"red"
"5484",145499953,"C","C","MGM",0.5,"red"
"5485",145505447,"G","G","MGM",0.5,"red"
"5486",145505734,"C","C","MGM",0.5,"red"
"5487",145506094,"A","A","MGM",0.5,"red"
"5488",145506980,"A","A","MGM",0.5,"red"
"5489",145510348,"A","A","MGM",0.5,"red"
"5490",145517166,"T","T","MGM",0.5,"red"
"5491",145521257,"C","C","MGM",0.5,"red"
"5492",145533571,"G","G","MGM",0.5,"red"
"5493",145540128,"T","T","MGM",0.5,"red"
"5494",145543496,"T","T","MGM",0.5,"red"
"5495",145551278,"C","C","MGM",0.5,"red"
"5496",145556157,"A","A","MGM",0.5,"red"
"5497",145558097,"G","G","MGM",0.5,"red"
"5498",145565752,"T","T","MGM",0.5,"red"
"5499",145566442,"A","A","MGM",0.5,"red"
"5500",145569001,"T","T","MGM",0.5,"red"
"5501",145570902,"G","G","MGM",0.5,"red"
"5502",145576775,"C","C","MGM",0.5,"red"
"5503",145580551,"C","C","MGM",0.5,"red"
"5504",145585849,"T","T","MGM",0.5,"red"
"5505",145586480,"T","T","MGM",0.5,"red"
"5506",145586969,"G","G","MGM",0.5,"red"
"5507",145587864,"G","G","MGM",0.5,"red"
"5508",145744293,"C","C","MGM",0.5,"red"
"5509",145794070,"C","C","MGM",0.5,"red"
"5510",145830877,"T","T","MGM",0.5,"red"
"5511",145840517,"C","C","MGM",0.5,"red"
"5512",145848251,"G","G","MGM",0.5,"red"
"5513",145848904,"C","C","MGM",0.5,"red"
"5514",145850269,"G","G","MGM",0.5,"red"
"5515",145850940,"G","G","MGM",0.5,"red"
"5516",145853675,"C","C","MGM",0.5,"red"
"5517",145861569,"T","T","MGM",0.5,"red"
"5518",145862780,"T","T","MGM",0.5,"red"
"5519",145878179,"C","C","MGM",0.5,"red"
"5520",145881108,"G","G","MGM",0.5,"red"
"5521",145915344,"T","T","MGM",0.5,"red"
"5522",145925387,"T","T","MGM",0.5,"red"
"5523",145929326,"C","C","MGM",0.5,"red"
"5524",145929424,"T","T","MGM",0.5,"red"
"5525",145938232,"A","A","MGM",0.5,"red"
"5526",145939528,"T","T","MGM",0.5,"red"
"5527",145949281,"T","T","MGM",0.5,"red"
"5528",145976196,"A","A","MGM",0.5,"red"
"5529",145983189,"T","T","MGM",0.5,"red"
"5530",145989730,"G","G","MGM",0.5,"red"
"5531",146097349,"A","A","MGM",0.5,"red"
"5532",146099770,"G","G","MGM",0.5,"red"
"5533",146101287,"A","A","MGM",0.5,"red"
"5534",146121850,"T","T","MGM",0.5,"red"
"5535",146136956,"A","A","MGM",0.5,"red"
"5536",146316482,"C","C","MGM",0.5,"red"
"5537",146328542,"G","G","MGM",0.5,"red"
"5538",146328831,"G","G","MGM",0.5,"red"
"5539",146335339,"C","C","MGM",0.5,"red"
"5540",146358005,"C","C","MGM",0.5,"red"
"5541",146384569,"A","A","MGM",0.5,"red"
"5542",146403304,"G","G","MGM",0.5,"red"
"5543",146410403,"A","A","MGM",0.5,"red"
"5544",146414925,"G","G","MGM",0.5,"red"
"5545",146421427,"A","A","MGM",0.5,"red"
"5546",146433270,"C","C","MGM",0.5,"red"
"5547",146441317,"G","G","MGM",0.5,"red"
"5548",146532261,"T","T","MGM",0.5,"red"
"5549",146568898,"T","T","MGM",0.5,"red"
"5550",146569222,"T","T","MGM",0.5,"red"
"5551",146581262,"C","C","MGM",0.5,"red"
"5552",146611545,"T","T","MGM",0.5,"red"
"5553",146615821,"T","T","MGM",0.5,"red"
"5554",146621224,"G","G","MGM",0.5,"red"
"5555",146621314,"A","A","MGM",0.5,"red"
"5556",146627122,"T","T","MGM",0.5,"red"
"5557",146634667,"C","C","MGM",0.5,"red"
"5558",146634722,"T","T","MGM",0.5,"red"
"5559",146648117,"G","G","MGM",0.5,"red"
"5560",146648229,"C","C","MGM",0.5,"red"
"5561",146650424,"G","G","MGM",0.5,"red"
"5562",146666759,"A","A","MGM",0.5,"red"
"5563",146677630,"C","C","MGM",0.5,"red"
"5564",146679744,"A","A","MGM",0.5,"red"
"5565",146680236,"T","T","MGM",0.5,"red"
"5566",146683786,"C","C","MGM",0.5,"red"
"5567",146687550,"T","T","MGM",0.5,"red"
"5568",146688097,"T","T","MGM",0.5,"red"
"5569",146798941,"T","T","MGM",0.5,"red"
"5570",146819435,"A","A","MGM",0.5,"red"
"5571",146839603,"C","C","MGM",0.5,"red"
"5572",146852679,"T","T","MGM",0.5,"red"
"5573",146868749,"C","C","MGM",0.5,"red"
"5574",147038929,"C","C","MGM",0.5,"red"
"5575",147039212,"A","A","MGM",0.5,"red"
"5576",147212128,"C","C","MGM",0.5,"red"
"5577",147217395,"G","G","MGM",0.5,"red"
"5578",147227480,"G","G","MGM",0.5,"red"
"5579",147233979,"A","A","MGM",0.5,"red"
"5580",147236718,"A","A","MGM",0.5,"red"
"5581",147247358,"G","G","MGM",0.5,"red"
"5582",147268398,"A","A","MGM",0.5,"red"
"5583",147308202,"C","C","MGM",0.5,"red"
"5584",147320335,"T","T","MGM",0.5,"red"
"5585",147328378,"T","T","MGM",0.5,"red"
"5586",147371925,"G","G","MGM",0.5,"red"
"5587",147528439,"G","G","MGM",0.5,"red"
"5588",147528645,"A","A","MGM",0.5,"red"
"5589",147529551,"T","T","MGM",0.5,"red"
"5590",147545553,"T","T","MGM",0.5,"red"
"5591",147555747,"C","C","MGM",0.5,"red"
"5592",147558978,"A","A","MGM",0.5,"red"
"5593",147560798,"T","T","MGM",0.5,"red"
"5594",147577228,"C","C","MGM",0.5,"red"
"5595",147581031,"A","A","MGM",0.5,"red"
"5596",147581166,"C","C","MGM",0.5,"red"
"5597",147581470,"T","T","MGM",0.5,"red"
"5598",147598691,"A","A","MGM",0.5,"red"
"5599",147601858,"C","C","MGM",0.5,"red"
"5600",147615719,"A","A","MGM",0.5,"red"
"5601",147619959,"G","G","MGM",0.5,"red"
"5602",147660504,"T","T","MGM",0.5,"red"
"5603",147661887,"T","T","MGM",0.5,"red"
"5604",147675032,"T","T","MGM",0.5,"red"
"5605",147678704,"A","A","MGM",0.5,"red"
"5606",147680647,"A","A","MGM",0.5,"red"
"5607",147683472,"T","T","MGM",0.5,"red"
"5608",147683981,"A","A","MGM",0.5,"red"
"5609",147711389,"A","A","MGM",0.5,"red"
"5610",147719592,"G","G","MGM",0.5,"red"
"5611",147730858,"G","G","MGM",0.5,"red"
"5612",147736254,"T","T","MGM",0.5,"red"
"5613",147745809,"C","C","MGM",0.5,"red"
"5614",147770117,"G","G","MGM",0.5,"red"
"5615",147778643,"T","T","MGM",0.5,"red"
"5616",147789920,"A","A","MGM",0.5,"red"
"5617",147800748,"A","A","MGM",0.5,"red"
"5618",147805128,"T","T","MGM",0.5,"red"
"5619",147811505,"A","A","MGM",0.5,"red"
"5620",147836157,"G","G","MGM",0.5,"red"
"5621",147838148,"T","T","MGM",0.5,"red"
"5622",147867480,"A","A","MGM",0.5,"red"
"5623",147869977,"A","A","MGM",0.5,"red"
"5624",147876910,"A","A","MGM",0.5,"red"
"5625",147886623,"G","G","MGM",0.5,"red"
"5626",147890519,"G","G","MGM",0.5,"red"
"5627",147891558,"C","C","MGM",0.5,"red"
"5628",147897430,"A","A","MGM",0.5,"red"
"5629",147903927,"T","T","MGM",0.5,"red"
"5630",147919535,"G","G","MGM",0.5,"red"
"5631",148072044,"C","C","MGM",0.5,"red"
"5632",148080095,"A","A","MGM",0.5,"red"
"5633",148304293,"G","G","MGM",0.5,"red"
"5634",148355251,"C","C","MGM",0.5,"red"
"5635",148377342,"G","G","MGM",0.5,"red"
"5636",148470066,"C","C","MGM",0.5,"red"
"5637",148536132,"C","C","MGM",0.5,"red"
"5638",148558352,"C","C","MGM",0.5,"red"
"5639",148561332,"T","T","MGM",0.5,"red"
"5640",148567451,"T","T","MGM",0.5,"red"
"5641",148568272,"G","G","MGM",0.5,"red"
"5642",148576152,"T","T","MGM",0.5,"red"
"5643",148578727,"G","G","MGM",0.5,"red"
"5644",148582549,"A","A","MGM",0.5,"red"
"5645",148582892,"C","C","MGM",0.5,"red"
"5646",148588271,"A","A","MGM",0.5,"red"
"5647",148590467,"C","C","MGM",0.5,"red"
"5648",148599034,"T","T","MGM",0.5,"red"
"5649",148712152,"A","A","MGM",0.5,"red"
"5650",148715443,"T","T","MGM",0.5,"red"
"5651",148715676,"C","C","MGM",0.5,"red"
"5652",148734633,"T","T","MGM",0.5,"red"
"5653",148770191,"A","A","MGM",0.5,"red"
"5654",148791750,"A","A","MGM",0.5,"red"
"5655",148795848,"A","A","MGM",0.5,"red"
"5656",148797348,"T","T","MGM",0.5,"red"
"5657",148798670,"T","T","MGM",0.5,"red"
"5658",148837065,"G","G","MGM",0.5,"red"
"5659",148848730,"G","G","MGM",0.5,"red"
"5660",148882559,"T","T","MGM",0.5,"red"
"5661",148890965,"C","C","MGM",0.5,"red"
"5662",148977479,"C","C","MGM",0.5,"red"
"5663",149141532,"G","G","MGM",0.5,"red"
"5664",149276634,"T","T","MGM",0.5,"red"
"5665",149352610,"A","A","MGM",0.5,"red"
"5666",149374032,"T","T","MGM",0.5,"red"
"5667",149392061,"A","A","MGM",0.5,"red"
"5668",149494423,"A","A","MGM",0.5,"red"
"5669",149537834,"A","A","MGM",0.5,"red"
"5670",149539583,"T","T","MGM",0.5,"red"
"5671",149540314,"G","G","MGM",0.5,"red"
"5672",149541854,"C","C","MGM",0.5,"red"
"5673",149544089,"A","A","MGM",0.5,"red"
"5674",149547038,"T","T","MGM",0.5,"red"
"5675",149554263,"C","C","MGM",0.5,"red"
"5676",149560560,"G","G","MGM",0.5,"red"
"5677",149571602,"G","G","MGM",0.5,"red"
"5678",149575352,"G","G","MGM",0.5,"red"
"5679",149591398,"A","A","MGM",0.5,"red"
"5680",149597362,"C","C","MGM",0.5,"red"
"5681",149616197,"A","A","MGM",0.5,"red"
"5682",149623284,"G","G","MGM",0.5,"red"
"5683",149624093,"C","C","MGM",0.5,"red"
"5684",149627126,"G","G","MGM",0.5,"red"
"5685",149628916,"A","A","MGM",0.5,"red"
"5686",149636797,"T","T","MGM",0.5,"red"
"5687",149637653,"C","C","MGM",0.5,"red"
"5688",149642019,"G","G","MGM",0.5,"red"
"5689",149642855,"C","C","MGM",0.5,"red"
"5690",149643414,"G","G","MGM",0.5,"red"
"5691",149645967,"G","G","MGM",0.5,"red"
"5692",149647366,"T","T","MGM",0.5,"red"
"5693",149654794,"A","A","MGM",0.5,"red"
"5694",149655974,"T","T","MGM",0.5,"red"
"5695",149658876,"G","G","MGM",0.5,"red"
"5696",149658960,"C","C","MGM",0.5,"red"
"5697",149667275,"A","A","MGM",0.5,"red"
"5698",149667669,"A","A","MGM",0.5,"red"
"5699",149672945,"A","A","MGM",0.5,"red"
"5700",149676274,"G","G","MGM",0.5,"red"
"5701",149677235,"C","C","MGM",0.5,"red"
"5702",149680130,"T","T","MGM",0.5,"red"
"5703",149680554,"C","C","MGM",0.5,"red"
"5704",149681925,"T","T","MGM",0.5,"red"
"5705",149683972,"C","C","MGM",0.5,"red"
"5706",149685898,"A","A","MGM",0.5,"red"
"5707",149690085,"T","T","MGM",0.5,"red"
"5708",149693182,"C","C","MGM",0.5,"red"
"5709",149695287,"C","C","MGM",0.5,"red"
"5710",149697119,"T","T","MGM",0.5,"red"
"5711",149726533,"A","A","MGM",0.5,"red"
"5712",149760739,"G","G","MGM",0.5,"red"
"5713",149768497,"C","C","MGM",0.5,"red"
"5714",149784937,"T","T","MGM",0.5,"red"
"5715",149809173,"T","T","MGM",0.5,"red"
"5716",149820366,"G","G","MGM",0.5,"red"
"5717",149831526,"G","G","MGM",0.5,"red"
"5718",149834436,"T","T","MGM",0.5,"red"
"5719",149838814,"A","A","MGM",0.5,"red"
"5720",149844200,"T","T","MGM",0.5,"red"
"5721",149852387,"C","C","MGM",0.5,"red"
"5722",149869498,"G","G","MGM",0.5,"red"
"5723",149881852,"C","C","MGM",0.5,"red"
"5724",149887330,"C","C","MGM",0.5,"red"
"5725",149896926,"G","G","MGM",0.5,"red"
"5726",149900375,"G","G","MGM",0.5,"red"
"5727",149913184,"G","G","MGM",0.5,"red"
"5728",149926586,"G","G","MGM",0.5,"red"
"5729",149931106,"T","T","MGM",0.5,"red"
"5730",149932703,"A","A","MGM",0.5,"red"
"5731",149936103,"A","A","MGM",0.5,"red"
"5732",149937404,"T","T","MGM",0.5,"red"
"5733",149939342,"A","A","MGM",0.5,"red"
"5734",149952736,"T","T","MGM",0.5,"red"
"5735",149964629,"G","G","MGM",0.5,"red"
"5736",150058159,"A","A","MGM",0.5,"red"
"5737",150061755,"A","A","MGM",0.5,"red"
"5738",150068138,"T","T","MGM",0.5,"red"
"5739",150069780,"G","G","MGM",0.5,"red"
"5740",150073188,"T","T","MGM",0.5,"red"
"5741",150088786,"A","A","MGM",0.5,"red"
"5742",150094861,"T","T","MGM",0.5,"red"
"5743",150105149,"T","T","MGM",0.5,"red"
"5744",150105238,"T","T","MGM",0.5,"red"
"5745",150253009,"C","C","MGM",0.5,"red"
"5746",150255151,"C","C","MGM",0.5,"red"
"5747",150259585,"T","T","MGM",0.5,"red"
"5748",150259920,"A","A","MGM",0.5,"red"
"5749",150283902,"G","G","MGM",0.5,"red"
"5750",150296871,"C","C","MGM",0.5,"red"
"5751",150305644,"G","G","MGM",0.5,"red"
"5752",150314831,"G","G","MGM",0.5,"red"
"5753",150323413,"C","C","MGM",0.5,"red"
"5754",150326325,"A","A","MGM",0.5,"red"
"5755",150333137,"T","T","MGM",0.5,"red"
"5756",150335395,"A","A","MGM",0.5,"red"
"5757",150337243,"A","A","MGM",0.5,"red"
"5758",150344067,"T","T","MGM",0.5,"red"
"5759",150349649,"A","A","MGM",0.5,"red"
"5760",150350784,"T","T","MGM",0.5,"red"
"5761",150353526,"G","G","MGM",0.5,"red"
"5762",150354165,"G","G","MGM",0.5,"red"
"5763",150360780,"T","T","MGM",0.5,"red"
"5764",150382682,"A","A","MGM",0.5,"red"
"5765",150382944,"G","G","MGM",0.5,"red"
"5766",150391537,"C","C","MGM",0.5,"red"
"5767",150394512,"G","G","MGM",0.5,"red"
"5768",150396570,"A","A","MGM",0.5,"red"
"5769",150397539,"C","C","MGM",0.5,"red"
"5770",150398777,"A","A","MGM",0.5,"red"
"5771",150403679,"T","T","MGM",0.5,"red"
"5772",150404225,"G","G","MGM",0.5,"red"
"5773",150406455,"G","G","MGM",0.5,"red"
"5774",150411387,"T","T","MGM",0.5,"red"
"5775",150415449,"T","T","MGM",0.5,"red"
"5776",150415723,"A","A","MGM",0.5,"red"
"5777",150433808,"A","A","MGM",0.5,"red"
"5778",150435360,"C","C","MGM",0.5,"red"
"5779",150438543,"T","T","MGM",0.5,"red"
"5780",150439642,"T","T","MGM",0.5,"red"
"5781",150441556,"T","T","MGM",0.5,"red"
"5782",150446523,"T","T","MGM",0.5,"red"
"5783",150447273,"T","T","MGM",0.5,"red"
"5784",150452731,"T","T","MGM",0.5,"red"
"5785",150457333,"T","T","MGM",0.5,"red"
"5786",150467271,"A","A","MGM",0.5,"red"
"5787",150475954,"C","C","MGM",0.5,"red"
"5788",150483700,"G","G","MGM",0.5,"red"
"5789",150486296,"C","C","MGM",0.5,"red"
"5790",150486962,"C","C","MGM",0.5,"red"
"5791",150487986,"C","C","MGM",0.5,"red"
"5792",150488461,"G","G","MGM",0.5,"red"
"5793",150493345,"C","C","MGM",0.5,"red"
"5794",150494641,"G","G","MGM",0.5,"red"
"5795",150497978,"G","G","MGM",0.5,"red"
"5796",150870969,"T","T","MGM",0.5,"red"
"5797",150873651,"G","G","MGM",0.5,"red"
"5798",150874345,"C","C","MGM",0.5,"red"
"5799",150874632,"T","T","MGM",0.5,"red"
"5800",150894368,"C","C","MGM",0.5,"red"
"5801",150897112,"C","C","MGM",0.5,"red"
"5802",150901389,"G","G","MGM",0.5,"red"
"5803",150904076,"G","G","MGM",0.5,"red"
"5804",150919984,"A","A","MGM",0.5,"red"
"5805",150930790,"G","G","MGM",0.5,"red"
"5806",150940194,"G","G","MGM",0.5,"red"
"5807",150942360,"T","T","MGM",0.5,"red"
"5808",150952004,"G","G","MGM",0.5,"red"
"5809",150952240,"T","T","MGM",0.5,"red"
"5810",150952910,"C","C","MGM",0.5,"red"
"5811",150953650,"G","G","MGM",0.5,"red"
"5812",150960842,"T","T","MGM",0.5,"red"
"5813",150962950,"T","T","MGM",0.5,"red"
"5814",150964679,"C","C","MGM",0.5,"red"
"5815",150968662,"C","C","MGM",0.5,"red"
"5816",150995745,"T","T","MGM",0.5,"red"
"5817",150998498,"C","C","MGM",0.5,"red"
"5818",151016707,"G","G","MGM",0.5,"red"
"5819",151022363,"T","T","MGM",0.5,"red"
"5820",151022400,"C","C","MGM",0.5,"red"
"5821",151080854,"C","C","MGM",0.5,"red"
"5822",151093998,"G","G","MGM",0.5,"red"
"5823",151094798,"T","T","MGM",0.5,"red"
"5824",151097030,"A","A","MGM",0.5,"red"
"5825",151099106,"C","C","MGM",0.5,"red"
"5826",151102215,"T","T","MGM",0.5,"red"
"5827",151109069,"T","T","MGM",0.5,"red"
"5828",151111017,"G","G","MGM",0.5,"red"
"5829",151111678,"G","G","MGM",0.5,"red"
"5830",151122248,"T","T","MGM",0.5,"red"
"5831",151122772,"A","A","MGM",0.5,"red"
"5832",151141840,"A","A","MGM",0.5,"red"
"5833",151142207,"A","A","MGM",0.5,"red"
"5834",151142797,"T","T","MGM",0.5,"red"
"5835",151165575,"A","A","MGM",0.5,"red"
"5836",151180582,"A","A","MGM",0.5,"red"
"5837",151183825,"C","C","MGM",0.5,"red"
"5838",151194644,"C","C","MGM",0.5,"red"
"5839",151212011,"C","C","MGM",0.5,"red"
"5840",151239285,"G","G","MGM",0.5,"red"
"5841",151240615,"G","G","MGM",0.5,"red"
"5842",151245139,"T","T","MGM",0.5,"red"
"5843",151264071,"C","C","MGM",0.5,"red"
"5844",151278099,"T","T","MGM",0.5,"red"
"5845",151279454,"G","G","MGM",0.5,"red"
"5846",151282862,"G","G","MGM",0.5,"red"
"5847",151299634,"A","A","MGM",0.5,"red"
"5848",151304944,"T","T","MGM",0.5,"red"
"5849",151325212,"C","C","MGM",0.5,"red"
"5850",151328757,"C","C","MGM",0.5,"red"
"5851",151353167,"A","A","MGM",0.5,"red"
"5852",151359979,"T","T","MGM",0.5,"red"
"5853",151361569,"G","G","MGM",0.5,"red"
"5854",151364065,"C","C","MGM",0.5,"red"
"5855",151367512,"A","A","MGM",0.5,"red"
"5856",151377817,"G","G","MGM",0.5,"red"
"5857",151381780,"A","A","MGM",0.5,"red"
"5858",151391630,"A","A","MGM",0.5,"red"
"5859",151392434,"G","G","MGM",0.5,"red"
"5860",151413969,"G","G","MGM",0.5,"red"
"5861",151415874,"T","T","MGM",0.5,"red"
"5862",151426345,"A","A","MGM",0.5,"red"
"5863",151603258,"A","A","MGM",0.5,"red"
"5864",151606004,"T","T","MGM",0.5,"red"
"5865",151616708,"G","G","MGM",0.5,"red"
"5866",151680224,"T","T","MGM",0.5,"red"
"5867",151695811,"A","A","MGM",0.5,"red"
"5868",151721598,"G","G","MGM",0.5,"red"
"5869",151727856,"A","A","MGM",0.5,"red"
"5870",151738623,"T","T","MGM",0.5,"red"
"5871",151818008,"T","T","MGM",0.5,"red"
"5872",151824105,"C","C","MGM",0.5,"red"
"5873",151825889,"T","T","MGM",0.5,"red"
"5874",151829312,"G","G","MGM",0.5,"red"
"5875",151835830,"G","G","MGM",0.5,"red"
"5876",151908475,"T","T","MGM",0.5,"red"
"5877",151982649,"C","C","MGM",0.5,"red"
"5878",151982699,"T","T","MGM",0.5,"red"
"5879",151995563,"G","G","MGM",0.5,"red"
"5880",151995906,"C","C","MGM",0.5,"red"
"5881",151997273,"A","A","MGM",0.5,"red"
"5882",151998340,"T","T","MGM",0.5,"red"
"5883",152000605,"T","T","MGM",0.5,"red"
"5884",152003333,"T","T","MGM",0.5,"red"
"5885",152012351,"C","C","MGM",0.5,"red"
"5886",152014584,"C","C","MGM",0.5,"red"
"5887",152018547,"A","A","MGM",0.5,"red"
"5888",152024414,"C","C","MGM",0.5,"red"
"5889",152025052,"A","A","MGM",0.5,"red"
"5890",152035775,"A","A","MGM",0.5,"red"
"5891",152036631,"T","T","MGM",0.5,"red"
"5892",152037979,"G","G","MGM",0.5,"red"
"5893",152046871,"C","C","MGM",0.5,"red"
"5894",152047595,"G","G","MGM",0.5,"red"
"5895",152054731,"T","T","MGM",0.5,"red"
"5896",152058423,"T","T","MGM",0.5,"red"
"5897",152063246,"A","A","MGM",0.5,"red"
"5898",152067581,"G","G","MGM",0.5,"red"
"5899",152073373,"T","T","MGM",0.5,"red"
"5900",152078433,"C","C","MGM",0.5,"red"
"5901",152081027,"A","A","MGM",0.5,"red"
"5902",152091153,"C","C","MGM",0.5,"red"
"5903",152096010,"C","C","MGM",0.5,"red"
"5904",152100768,"G","G","MGM",0.5,"red"
"5905",152104492,"G","G","MGM",0.5,"red"
"5906",152158979,"C","C","MGM",0.5,"red"
"5907",152163329,"G","G","MGM",0.5,"red"
"5908",152171365,"A","A","MGM",0.5,"red"
"5909",152177878,"C","C","MGM",0.5,"red"
"5910",152201983,"A","A","MGM",0.5,"red"
"5911",152215504,"G","G","MGM",0.5,"red"
"5912",152225379,"A","A","MGM",0.5,"red"
"5913",152228361,"A","A","MGM",0.5,"red"
"5914",152513202,"A","A","MGM",0.5,"red"
"5915",152561365,"G","G","MGM",0.5,"red"
"5916",152567638,"C","C","MGM",0.5,"red"
"5917",152569678,"G","G","MGM",0.5,"red"
"5918",152576561,"A","A","MGM",0.5,"red"
"5919",152596189,"G","G","MGM",0.5,"red"
"5920",152609450,"T","T","MGM",0.5,"red"
"5921",152609668,"T","T","MGM",0.5,"red"
"5922",152610947,"T","T","MGM",0.5,"red"
"5923",152610985,"T","T","MGM",0.5,"red"
"5924",152659895,"T","T","MGM",0.5,"red"
"5925",152662024,"T","T","MGM",0.5,"red"
"5926",152678059,"T","T","MGM",0.5,"red"
"5927",152769754,"G","G","MGM",0.5,"red"
"5928",152770230,"G","G","MGM",0.5,"red"
"5929",152771509,"T","T","MGM",0.5,"red"
"5930",152772473,"C","C","MGM",0.5,"red"
"5931",152814373,"T","T","MGM",0.5,"red"
"5932",152818435,"A","A","MGM",0.5,"red"
"5933",152820305,"T","T","MGM",0.5,"red"
"5934",152828161,"C","C","MGM",0.5,"red"
"5935",152831048,"T","T","MGM",0.5,"red"
"5936",152834160,"A","A","MGM",0.5,"red"
"5937",152834467,"T","T","MGM",0.5,"red"
"5938",152834736,"C","C","MGM",0.5,"red"
"5939",152839469,"C","C","MGM",0.5,"red"
"5940",152839483,"T","T","MGM",0.5,"red"
"5941",152914603,"T","T","MGM",0.5,"red"
"5942",152932626,"C","C","MGM",0.5,"red"
"5943",152993453,"C","C","MGM",0.5,"red"
"5944",153004145,"C","C","MGM",0.5,"red"
"5945",153640406,"C","C","MGM",0.5,"red"
