"","position","paternal_allele","pgm_allele","source","plot_y","color"
"1",850780,"C","T","PGM",0.5,"red"
"2",866893,"T","C","PGM",0.5,"red"
"3",873558,"G","T","PGM",0.5,"red"
"4",882033,"A","G","PGM",0.5,"red"
"5",891945,"A","G","PGM",0.5,"red"
"6",903426,"T","C","PGM",0.5,"red"
"7",919855,"G","A","PGM",0.5,"red"
"8",1217011,"A","C","PGM",0.5,"red"
"9",1227249,"T","C","PGM",0.5,"red"
"10",1233941,"T","C","PGM",0.5,"red"
"11",1254436,"G","A","PGM",0.5,"red"
"12",1258246,"C","A","PGM",0.5,"red"
"13",1314015,"T","C","PGM",0.5,"red"
"14",1680219,"G","A","PGM",0.5,"red"
"15",1684472,"C","T","PGM",0.5,"red"
"16",1687625,"C","T","PGM",0.5,"red"
"17",1691050,"C","T","PGM",0.5,"red"
"18",1721479,"C","T","PGM",0.5,"red"
"19",1745726,"G","A","PGM",0.5,"red"
"20",1776269,"A","C","PGM",0.5,"red"
"21",1812521,"C","T","PGM",0.5,"red"
"22",1844046,"C","T","PGM",0.5,"red"
"23",1846765,"G","A","PGM",0.5,"red"
"24",1865298,"A","G","PGM",0.5,"red"
"25",2222583,"C","T","PGM",0.5,"red"
"26",2251160,"T","C","PGM",0.5,"red"
"27",2254910,"C","T","PGM",0.5,"red"
"28",2303566,"A","G","PGM",0.5,"red"
"29",2551900,"G","A","PGM",0.5,"red"
"30",2700372,"C","T","PGM",0.5,"red"
"31",3000465,"G","A","PGM",0.5,"red"
"32",3000924,"C","T","PGM",0.5,"red"
"33",3007039,"A","G","PGM",0.5,"red"
"34",3089849,"T","C","PGM",0.5,"red"
"35",3101762,"A","C","PGM",0.5,"red"
"36",3107386,"G","T","PGM",0.5,"red"
"37",3109151,"A","G","PGM",0.5,"red"
"38",3111119,"C","A","PGM",0.5,"red"
"39",3111669,"G","A","PGM",0.5,"red"
"40",3168280,"G","A","PGM",0.5,"red"
"41",3297638,"C","A","PGM",0.5,"red"
"42",3308034,"G","A","PGM",0.5,"red"
"43",3328659,"C","T","PGM",0.5,"red"
"44",3342530,"G","A","PGM",0.5,"red"
"45",3343802,"G","A","PGM",0.5,"red"
"46",3352541,"C","T","PGM",0.5,"red"
"47",3358036,"G","T","PGM",0.5,"red"
"48",3794273,"C","T","PGM",0.5,"red"
"49",3806358,"T","C","PGM",0.5,"red"
"50",3840878,"G","A","PGM",0.5,"red"
"51",3995906,"T","C","PGM",0.5,"red"
"52",4009855,"C","T","PGM",0.5,"red"
"53",4010743,"A","G","PGM",0.5,"red"
"54",4013954,"G","A","PGM",0.5,"red"
"55",4145615,"T","C","PGM",0.5,"red"
"56",4162415,"G","A","PGM",0.5,"red"
"57",4166814,"C","T","PGM",0.5,"red"
"58",4170048,"T","C","PGM",0.5,"red"
"59",4170249,"C","A","PGM",0.5,"red"
"60",4174116,"C","T","PGM",0.5,"red"
"61",4178852,"A","G","PGM",0.5,"red"
"62",4312205,"T","C","PGM",0.5,"red"
"63",4327417,"C","T","PGM",0.5,"red"
"64",4328476,"C","T","PGM",0.5,"red"
"65",4330287,"G","A","PGM",0.5,"red"
"66",4352710,"T","C","PGM",0.5,"red"
"67",4359166,"G","A","PGM",0.5,"red"
"68",4365471,"G","T","PGM",0.5,"red"
"69",4380518,"G","A","PGM",0.5,"red"
"70",4380629,"T","C","PGM",0.5,"red"
"71",4426085,"C","T","PGM",0.5,"red"
"72",4434324,"C","T","PGM",0.5,"red"
"73",4495678,"T","C","PGM",0.5,"red"
"74",4496256,"T","C","PGM",0.5,"red"
"75",4496659,"T","C","PGM",0.5,"red"
"76",4504094,"G","A","PGM",0.5,"red"
"77",4563129,"C","T","PGM",0.5,"red"
"78",4578495,"A","G","PGM",0.5,"red"
"79",4698559,"C","T","PGM",0.5,"red"
"80",4709054,"A","C","PGM",0.5,"red"
"81",4726454,"C","T","PGM",0.5,"red"
"82",4778232,"C","T","PGM",0.5,"red"
"83",4780750,"G","T","PGM",0.5,"red"
"84",4781259,"T","G","PGM",0.5,"red"
"85",4787119,"A","G","PGM",0.5,"red"
"86",4835893,"G","A","PGM",0.5,"red"
"87",5012038,"T","C","PGM",0.5,"red"
"88",5015844,"A","G","PGM",0.5,"red"
"89",5051232,"A","G","PGM",0.5,"red"
"90",5068210,"A","G","PGM",0.5,"red"
"91",5073658,"A","C","PGM",0.5,"red"
"92",5077552,"T","C","PGM",0.5,"red"
"93",5091827,"G","A","PGM",0.5,"red"
"94",5124859,"A","G","PGM",0.5,"red"
"95",5127543,"G","A","PGM",0.5,"red"
"96",5318552,"C","T","PGM",0.5,"red"
"97",5341232,"A","G","PGM",0.5,"red"
"98",5342295,"A","G","PGM",0.5,"red"
"99",5359498,"G","A","PGM",0.5,"red"
"100",5362345,"A","G","PGM",0.5,"red"
"101",5464296,"A","G","PGM",0.5,"red"
"102",5473983,"G","A","PGM",0.5,"red"
"103",5479861,"A","C","PGM",0.5,"red"
"104",5603850,"A","G","PGM",0.5,"red"
"105",5641064,"G","A","PGM",0.5,"red"
"106",5642511,"G","A","PGM",0.5,"red"
"107",5646357,"C","T","PGM",0.5,"red"
"108",5680808,"G","A","PGM",0.5,"red"
"109",5682463,"C","T","PGM",0.5,"red"
"110",5686915,"G","A","PGM",0.5,"red"
"111",5689702,"G","A","PGM",0.5,"red"
"112",6104002,"C","T","PGM",0.5,"red"
"113",6108165,"G","A","PGM",0.5,"red"
"114",6138942,"C","G","PGM",0.5,"red"
"115",6170353,"C","T","PGM",0.5,"red"
"116",6212870,"G","A","PGM",0.5,"red"
"117",6278414,"A","G","PGM",0.5,"red"
"118",6284680,"C","T","PGM",0.5,"red"
"119",6285458,"T","C","PGM",0.5,"red"
"120",6291810,"A","G","PGM",0.5,"red"
"121",6314822,"C","T","PGM",0.5,"red"
"122",6317983,"C","T","PGM",0.5,"red"
"123",6415611,"T","C","PGM",0.5,"red"
"124",7317541,"G","A","PGM",0.5,"red"
"125",7324323,"T","C","PGM",0.5,"red"
"126",7324468,"A","G","PGM",0.5,"red"
"127",7324503,"T","C","PGM",0.5,"red"
"128",7399629,"C","T","PGM",0.5,"red"
"129",7406010,"G","A","PGM",0.5,"red"
"130",7469780,"A","G","PGM",0.5,"red"
"131",7510062,"G","A","PGM",0.5,"red"
"132",7527308,"A","G","PGM",0.5,"red"
"133",7534464,"A","C","PGM",0.5,"red"
"134",7569602,"T","C","PGM",0.5,"red"
"135",7575435,"C","T","PGM",0.5,"red"
"136",7578333,"A","G","PGM",0.5,"red"
"137",7578776,"G","A","PGM",0.5,"red"
"138",7590448,"A","G","PGM",0.5,"red"
"139",7617484,"G","A","PGM",0.5,"red"
"140",7621589,"C","A","PGM",0.5,"red"
"141",7624855,"G","T","PGM",0.5,"red"
"142",7637979,"T","C","PGM",0.5,"red"
"143",7644802,"C","A","PGM",0.5,"red"
"144",7668346,"C","T","PGM",0.5,"red"
"145",7952427,"G","A","PGM",0.5,"red"
"146",7953944,"T","C","PGM",0.5,"red"
"147",7970075,"C","T","PGM",0.5,"red"
"148",7973170,"C","T","PGM",0.5,"red"
"149",8015560,"G","A","PGM",0.5,"red"
"150",8021973,"G","T","PGM",0.5,"red"
"151",8022197,"G","T","PGM",0.5,"red"
"152",8042736,"A","G","PGM",0.5,"red"
"153",8042826,"G","T","PGM",0.5,"red"
"154",8046672,"C","A","PGM",0.5,"red"
"155",8067504,"A","T","PGM",0.5,"red"
"156",8095500,"T","G","PGM",0.5,"red"
"157",8150638,"T","C","PGM",0.5,"red"
"158",8177564,"C","T","PGM",0.5,"red"
"159",8180210,"G","A","PGM",0.5,"red"
"160",8212425,"T","C","PGM",0.5,"red"
"161",8212903,"A","G","PGM",0.5,"red"
"162",8214803,"T","G","PGM",0.5,"red"
"163",8940960,"A","G","PGM",0.5,"red"
"164",9000882,"C","T","PGM",0.5,"red"
"165",9009406,"C","T","PGM",0.5,"red"
"166",9132520,"G","A","PGM",0.5,"red"
"167",9140078,"T","C","PGM",0.5,"red"
"168",9147856,"C","T","PGM",0.5,"red"
"169",9152080,"C","T","PGM",0.5,"red"
"170",9158997,"T","C","PGM",0.5,"red"
"171",9170878,"G","A","PGM",0.5,"red"
"172",9190254,"C","A","PGM",0.5,"red"
"173",9250991,"C","T","PGM",0.5,"red"
"174",9256200,"A","G","PGM",0.5,"red"
"175",9317873,"C","T","PGM",0.5,"red"
"176",9321241,"A","G","PGM",0.5,"red"
"177",9381504,"C","T","PGM",0.5,"red"
"178",9501492,"G","A","PGM",0.5,"red"
"179",9508955,"T","C","PGM",0.5,"red"
"180",9558167,"C","A","PGM",0.5,"red"
"181",9660299,"A","G","PGM",0.5,"red"
"182",9704925,"T","G","PGM",0.5,"red"
"183",9720496,"C","T","PGM",0.5,"red"
"184",9720526,"A","G","PGM",0.5,"red"
"185",9726705,"A","G","PGM",0.5,"red"
"186",9729599,"G","A","PGM",0.5,"red"
"187",9753162,"C","T","PGM",0.5,"red"
"188",9767817,"G","A","PGM",0.5,"red"
"189",10286176,"G","A","PGM",0.5,"red"
"190",10316729,"A","G","PGM",0.5,"red"
"191",10421878,"A","G","PGM",0.5,"red"
"192",10442867,"T","C","PGM",0.5,"red"
"193",10779039,"G","T","PGM",0.5,"red"
"194",10803450,"A","C","PGM",0.5,"red"
"195",10807830,"A","C","PGM",0.5,"red"
"196",10808587,"A","G","PGM",0.5,"red"
"197",10811672,"T","C","PGM",0.5,"red"
"198",10812417,"T","C","PGM",0.5,"red"
"199",10831218,"G","C","PGM",0.5,"red"
"200",10842386,"G","C","PGM",0.5,"red"
"201",10848699,"G","A","PGM",0.5,"red"
"202",10873382,"G","A","PGM",0.5,"red"
"203",10877740,"C","A","PGM",0.5,"red"
"204",10908412,"T","C","PGM",0.5,"red"
"205",10913457,"G","A","PGM",0.5,"red"
"206",10922467,"T","C","PGM",0.5,"red"
"207",10929928,"C","T","PGM",0.5,"red"
"208",10996382,"G","A","PGM",0.5,"red"
"209",11000276,"G","A","PGM",0.5,"red"
"210",11005417,"C","T","PGM",0.5,"red"
"211",11005495,"C","T","PGM",0.5,"red"
"212",11007159,"G","A","PGM",0.5,"red"
"213",11383314,"C","T","PGM",0.5,"red"
"214",11456027,"G","A","PGM",0.5,"red"
"215",11638084,"G","A","PGM",0.5,"red"
"216",11642800,"C","T","PGM",0.5,"red"
"217",11703843,"G","A","PGM",0.5,"red"
"218",11710561,"T","G","PGM",0.5,"red"
"219",11742074,"T","C","PGM",0.5,"red"
"220",11745459,"G","A","PGM",0.5,"red"
"221",11782506,"C","T","PGM",0.5,"red"
"222",11784118,"A","G","PGM",0.5,"red"
"223",11800478,"T","G","PGM",0.5,"red"
"224",11810973,"G","A","PGM",0.5,"red"
"225",11812127,"G","A","PGM",0.5,"red"
"226",12193032,"C","T","PGM",0.5,"red"
"227",12209208,"G","A","PGM",0.5,"red"
"228",12216488,"C","A","PGM",0.5,"red"
"229",12241991,"G","A","PGM",0.5,"red"
"230",12267464,"C","A","PGM",0.5,"red"
"231",12295188,"T","C","PGM",0.5,"red"
"232",12401868,"C","A","PGM",0.5,"red"
"233",12436898,"A","G","PGM",0.5,"red"
"234",12515591,"C","T","PGM",0.5,"red"
"235",12598434,"T","C","PGM",0.5,"red"
"236",12599575,"0","G","PGM",0.5,"red"
"237",12600396,"T","C","PGM",0.5,"red"
"238",12602979,"A","G","PGM",0.5,"red"
"239",12669341,"C","T","PGM",0.5,"red"
"240",12671229,"T","C","PGM",0.5,"red"
"241",12675699,"G","A","PGM",0.5,"red"
"242",12676205,"C","T","PGM",0.5,"red"
"243",12699337,"C","T","PGM",0.5,"red"
"244",12709554,"G","A","PGM",0.5,"red"
"245",13816121,"A","G","PGM",0.5,"red"
"246",13843438,"A","G","PGM",0.5,"red"
"247",13907789,"C","T","PGM",0.5,"red"
"248",13912977,"T","C","PGM",0.5,"red"
"249",13990291,"C","T","PGM",0.5,"red"
"250",14001018,"T","C","PGM",0.5,"red"
"251",14024728,"C","T","PGM",0.5,"red"
"252",14053474,"T","C","PGM",0.5,"red"
"253",14105298,"G","A","PGM",0.5,"red"
"254",14109114,"A","G","PGM",0.5,"red"
"255",14250674,"A","G","PGM",0.5,"red"
"256",14252372,"T","G","PGM",0.5,"red"
"257",14252577,"T","C","PGM",0.5,"red"
"258",14253821,"G","A","PGM",0.5,"red"
"259",14255847,"A","G","PGM",0.5,"red"
"260",14269713,"A","G","PGM",0.5,"red"
"261",14272338,"C","T","PGM",0.5,"red"
"262",14279513,"G","A","PGM",0.5,"red"
"263",14282745,"C","T","PGM",0.5,"red"
"264",14290847,"A","G","PGM",0.5,"red"
"265",14298014,"G","A","PGM",0.5,"red"
"266",14302142,"G","A","PGM",0.5,"red"
"267",14320502,"G","T","PGM",0.5,"red"
"268",14463067,"A","G","PGM",0.5,"red"
"269",14513609,"G","T","PGM",0.5,"red"
"270",14598055,"C","T","PGM",0.5,"red"
"271",14697489,"G","A","PGM",0.5,"red"
"272",14700829,"C","T","PGM",0.5,"red"
"273",14718957,"C","T","PGM",0.5,"red"
"274",14780811,"A","C","PGM",0.5,"red"
"275",14788274,"C","T","PGM",0.5,"red"
"276",14819757,"A","G","PGM",0.5,"red"
"277",14830866,"A","G","PGM",0.5,"red"
"278",14890046,"G","A","PGM",0.5,"red"
"279",14938803,"C","T","PGM",0.5,"red"
"280",14947920,"T","C","PGM",0.5,"red"
"281",14960173,"T","G","PGM",0.5,"red"
"282",14961083,"G","A","PGM",0.5,"red"
"283",14965581,"T","C","PGM",0.5,"red"
"284",15096607,"A","G","PGM",0.5,"red"
"285",15100939,"T","C","PGM",0.5,"red"
"286",15102854,"T","C","PGM",0.5,"red"
"287",15107523,"G","A","PGM",0.5,"red"
"288",15135086,"A","C","PGM",0.5,"red"
"289",15188019,"C","T","PGM",0.5,"red"
"290",15189693,"G","A","PGM",0.5,"red"
"291",15218331,"T","C","PGM",0.5,"red"
"292",15240917,"G","C","PGM",0.5,"red"
"293",15244761,"T","C","PGM",0.5,"red"
"294",15254559,"A","G","PGM",0.5,"red"
"295",15258425,"G","A","PGM",0.5,"red"
"296",15265404,"G","A","PGM",0.5,"red"
"297",15273097,"T","C","PGM",0.5,"red"
"298",15273115,"T","G","PGM",0.5,"red"
"299",15277710,"C","A","PGM",0.5,"red"
"300",15280823,"A","G","PGM",0.5,"red"
"301",15283217,"A","G","PGM",0.5,"red"
"302",15286805,"C","T","PGM",0.5,"red"
"303",15287947,"G","A","PGM",0.5,"red"
"304",15294031,"G","A","PGM",0.5,"red"
"305",15295333,"A","G","PGM",0.5,"red"
"306",15465487,"A","G","PGM",0.5,"red"
"307",15467263,"T","C","PGM",0.5,"red"
"308",15520583,"A","G","PGM",0.5,"red"
"309",15528487,"A","G","PGM",0.5,"red"
"310",15572354,"G","A","PGM",0.5,"red"
"311",15577022,"A","G","PGM",0.5,"red"
"312",15584079,"T","C","PGM",0.5,"red"
"313",15591929,"C","T","PGM",0.5,"red"
"314",15596286,"A","G","PGM",0.5,"red"
"315",15599160,"T","G","PGM",0.5,"red"
"316",15606453,"T","C","PGM",0.5,"red"
"317",15616139,"G","A","PGM",0.5,"red"
"318",15687059,"A","G","PGM",0.5,"red"
"319",15695611,"A","C","PGM",0.5,"red"
"320",15698556,"C","G","PGM",0.5,"red"
"321",15705072,"G","A","PGM",0.5,"red"
"322",16063560,"G","A","PGM",0.5,"red"
"323",16251571,"A","G","PGM",0.5,"red"
"324",16273995,"T","C","PGM",0.5,"red"
"325",16314726,"A","G","PGM",0.5,"red"
"326",16346507,"A","C","PGM",0.5,"red"
"327",16373124,"G","A","PGM",0.5,"red"
"328",16376831,"T","C","PGM",0.5,"red"
"329",16378215,"C","T","PGM",0.5,"red"
"330",16442847,"0","G","PGM",0.5,"red"
"331",16506092,"T","A","PGM",0.5,"red"
"332",16591072,"G","A","PGM",0.5,"red"
"333",16676078,"G","A","PGM",0.5,"red"
"334",16785564,"C","T","PGM",0.5,"red"
"335",17214180,"G","A","PGM",0.5,"red"
"336",17281003,"C","T","PGM",0.5,"red"
"337",17282425,"G","A","PGM",0.5,"red"
"338",17286210,"A","G","PGM",0.5,"red"
"339",17299727,"T","C","PGM",0.5,"red"
"340",17301672,"C","T","PGM",0.5,"red"
"341",17301780,"G","A","PGM",0.5,"red"
"342",17312592,"G","A","PGM",0.5,"red"
"343",17444769,"T","G","PGM",0.5,"red"
"344",17492147,"G","A","PGM",0.5,"red"
"345",17521274,"G","A","PGM",0.5,"red"
"346",17545283,"T","C","PGM",0.5,"red"
"347",17545548,"G","A","PGM",0.5,"red"
"348",17546590,"T","C","PGM",0.5,"red"
"349",17551943,"C","A","PGM",0.5,"red"
"350",17557039,"C","T","PGM",0.5,"red"
"351",17557133,"C","A","PGM",0.5,"red"
"352",17563967,"C","T","PGM",0.5,"red"
"353",17564990,"C","T","PGM",0.5,"red"
"354",17576328,"C","T","PGM",0.5,"red"
"355",17578750,"G","A","PGM",0.5,"red"
"356",17595811,"C","T","PGM",0.5,"red"
"357",17601083,"T","C","PGM",0.5,"red"
"358",17629004,"T","C","PGM",0.5,"red"
"359",18019957,"G","A","PGM",0.5,"red"
"360",18052645,"A","G","PGM",0.5,"red"
"361",18108448,"A","G","PGM",0.5,"red"
"362",18122009,"T","C","PGM",0.5,"red"
"363",18123957,"A","G","PGM",0.5,"red"
"364",18125179,"C","T","PGM",0.5,"red"
"365",18130923,"A","T","PGM",0.5,"red"
"366",18132765,"G","T","PGM",0.5,"red"
"367",18133256,"A","G","PGM",0.5,"red"
"368",18158156,"C","T","PGM",0.5,"red"
"369",18212230,"C","T","PGM",0.5,"red"
"370",18225521,"C","T","PGM",0.5,"red"
"371",18240000,"G","A","PGM",0.5,"red"
"372",18247287,"T","C","PGM",0.5,"red"
"373",18258305,"T","C","PGM",0.5,"red"
"374",18420144,"A","G","PGM",0.5,"red"
"375",18487716,"G","A","PGM",0.5,"red"
"376",18493076,"G","G","PGF",1.5,"blue"
"377",18705500,"C","C","PGF",1.5,"blue"
"378",18709741,"C","C","PGF",1.5,"blue"
"379",18733717,"G","G","PGF",1.5,"blue"
"380",19027239,"G","G","PGF",1.5,"blue"
"381",19029546,"G","G","PGF",1.5,"blue"
"382",19138295,"T","T","PGF",1.5,"blue"
"383",19145283,"C","C","PGF",1.5,"blue"
"384",19147761,"G","G","PGF",1.5,"blue"
"385",19149527,"C","C","PGF",1.5,"blue"
"386",19159657,"G","G","PGF",1.5,"blue"
"387",19170946,"G","G","PGF",1.5,"blue"
"388",19176908,"T","T","PGF",1.5,"blue"
"389",19179104,"T","T","PGF",1.5,"blue"
"390",19179824,"G","G","PGF",1.5,"blue"
"391",19360766,"A","A","PGF",1.5,"blue"
"392",19405237,"G","G","PGF",1.5,"blue"
"393",19408380,"C","C","PGF",1.5,"blue"
"394",19415304,"T","T","PGF",1.5,"blue"
"395",20287919,"C","C","PGF",1.5,"blue"
"396",20710543,"G","G","PGF",1.5,"blue"
"397",20732082,"G","G","PGF",1.5,"blue"
"398",20732420,"A","A","PGF",1.5,"blue"
"399",20733376,"C","C","PGF",1.5,"blue"
"400",20739723,"G","G","PGF",1.5,"blue"
"401",20762133,"A","A","PGF",1.5,"blue"
"402",20899016,"T","T","PGF",1.5,"blue"
"403",21625145,"T","T","PGF",1.5,"blue"
"404",21628927,"A","A","PGF",1.5,"blue"
"405",21639167,"A","A","PGF",1.5,"blue"
"406",21641522,"C","C","PGF",1.5,"blue"
"407",21657162,"G","G","PGF",1.5,"blue"
"408",21766453,"A","A","PGF",1.5,"blue"
"409",21786068,"T","T","PGF",1.5,"blue"
"410",21795388,"G","G","PGF",1.5,"blue"
"411",21820990,"G","G","PGF",1.5,"blue"
"412",21821757,"G","G","PGF",1.5,"blue"
"413",21869773,"G","G","PGF",1.5,"blue"
"414",21875916,"T","T","PGF",1.5,"blue"
"415",21877074,"C","C","PGF",1.5,"blue"
"416",21889340,"G","G","PGF",1.5,"blue"
"417",21890386,"A","A","PGF",1.5,"blue"
"418",21896767,"C","C","PGF",1.5,"blue"
"419",21904374,"A","A","PGF",1.5,"blue"
"420",22501628,"T","T","PGF",1.5,"blue"
"421",22547352,"T","T","PGF",1.5,"blue"
"422",22659375,"T","T","PGF",1.5,"blue"
"423",22665400,"A","A","PGF",1.5,"blue"
"424",22669656,"A","A","PGF",1.5,"blue"
"425",22683405,"C","C","PGF",1.5,"blue"
"426",22701924,"T","T","PGF",1.5,"blue"
"427",22718261,"C","C","PGF",1.5,"blue"
"428",23724183,"T","T","PGF",1.5,"blue"
"429",23734350,"C","C","PGF",1.5,"blue"
"430",23735241,"T","T","PGF",1.5,"blue"
"431",23756695,"G","G","PGF",1.5,"blue"
"432",23765472,"G","G","PGF",1.5,"blue"
"433",23766233,"T","T","PGF",1.5,"blue"
"434",23769359,"C","C","PGF",1.5,"blue"
"435",23778362,"T","T","PGF",1.5,"blue"
"436",23794914,"G","G","PGF",1.5,"blue"
"437",23824242,"C","C","PGF",1.5,"blue"
"438",23826786,"C","C","PGF",1.5,"blue"
"439",24881126,"T","T","PGF",1.5,"blue"
"440",24884460,"G","G","PGF",1.5,"blue"
"441",24891161,"G","G","PGF",1.5,"blue"
"442",24899530,"C","C","PGF",1.5,"blue"
"443",24901121,"C","C","PGF",1.5,"blue"
"444",24955492,"C","C","PGF",1.5,"blue"
"445",25224010,"G","G","PGF",1.5,"blue"
"446",25495966,"G","G","PGF",1.5,"blue"
"447",25884497,"G","G","PGF",1.5,"blue"
"448",26756209,"T","T","PGF",1.5,"blue"
"449",28211403,"A","A","PGF",1.5,"blue"
"450",28426001,"T","T","PGF",1.5,"blue"
"451",28461661,"T","T","PGF",1.5,"blue"
"452",28596084,"A","A","PGF",1.5,"blue"
"453",29190138,"A","A","PGF",1.5,"blue"
"454",29194901,"T","T","PGF",1.5,"blue"
"455",29200219,"C","C","PGF",1.5,"blue"
"456",29429004,"T","T","PGF",1.5,"blue"
"457",29464954,"A","A","PGF",1.5,"blue"
"458",29556158,"T","T","PGF",1.5,"blue"
"459",29719475,"G","G","PGF",1.5,"blue"
"460",29781221,"C","C","PGF",1.5,"blue"
"461",30285848,"G","G","PGF",1.5,"blue"
"462",30308744,"C","C","PGF",1.5,"blue"
"463",30328390,"A","A","PGF",1.5,"blue"
"464",30351529,"T","T","PGF",1.5,"blue"
"465",30369659,"T","T","PGF",1.5,"blue"
"466",30401563,"T","T","PGF",1.5,"blue"
"467",30430366,"G","G","PGF",1.5,"blue"
"468",30431560,"A","A","PGF",1.5,"blue"
"469",30433951,"C","C","PGF",1.5,"blue"
"470",30755532,"G","G","PGF",1.5,"blue"
"471",30758871,"C","C","PGF",1.5,"blue"
"472",30758928,"G","G","PGF",1.5,"blue"
"473",30761304,"G","G","PGF",1.5,"blue"
"474",30762830,"T","T","PGF",1.5,"blue"
"475",30787227,"G","G","PGF",1.5,"blue"
"476",30787475,"T","T","PGF",1.5,"blue"
"477",30788183,"T","T","PGF",1.5,"blue"
"478",30791525,"T","T","PGF",1.5,"blue"
"479",31221991,"A","A","PGF",1.5,"blue"
"480",31276562,"G","G","PGF",1.5,"blue"
"481",31286629,"T","T","PGF",1.5,"blue"
"482",31286796,"A","A","PGF",1.5,"blue"
"483",31291197,"C","C","PGF",1.5,"blue"
"484",31310422,"A","A","PGF",1.5,"blue"
"485",31313417,"G","G","PGF",1.5,"blue"
"486",33215380,"C","C","PGF",1.5,"blue"
"487",34042560,"0","A","PGM",0.5,"red"
"488",34042810,"G","G","PGF",1.5,"blue"
"489",34246222,"0","T","PGM",0.5,"red"
"490",34398141,"C","C","PGF",1.5,"blue"
"491",34581472,"G","G","PGF",1.5,"blue"
"492",34602870,"A","A","PGF",1.5,"blue"
"493",34613986,"T","T","PGF",1.5,"blue"
"494",34620986,"C","C","PGF",1.5,"blue"
"495",34734066,"G","G","PGF",1.5,"blue"
"496",34736287,"G","G","PGF",1.5,"blue"
"497",34790866,"T","T","PGF",1.5,"blue"
"498",34793830,"T","T","PGF",1.5,"blue"
"499",34937352,"G","G","PGF",1.5,"blue"
"500",35190138,"A","A","PGF",1.5,"blue"
"501",35198358,"T","T","PGF",1.5,"blue"
"502",36921371,"G","G","PGF",1.5,"blue"
"503",36976253,"A","A","PGF",1.5,"blue"
"504",36990036,"A","A","PGF",1.5,"blue"
"505",37000090,"C","C","PGF",1.5,"blue"
"506",37000226,"T","T","PGF",1.5,"blue"
"507",37001923,"T","T","PGF",1.5,"blue"
"508",37014811,"C","C","PGF",1.5,"blue"
"509",37017450,"T","T","PGF",1.5,"blue"
"510",37019556,"G","G","PGF",1.5,"blue"
"511",37957376,"A","A","PGF",1.5,"blue"
"512",37967774,"A","A","PGF",1.5,"blue"
"513",38028374,"T","T","PGF",1.5,"blue"
"514",38799283,"G","G","PGF",1.5,"blue"
"515",38805929,"T","T","PGF",1.5,"blue"
"516",38822492,"T","T","PGF",1.5,"blue"
"517",38847677,"C","C","PGF",1.5,"blue"
"518",38848996,"G","G","PGF",1.5,"blue"
"519",38858540,"G","G","PGF",1.5,"blue"
"520",38865601,"A","A","PGF",1.5,"blue"
"521",38908461,"C","C","PGF",1.5,"blue"
"522",39224652,"A","A","PGF",1.5,"blue"
"523",39224855,"C","C","PGF",1.5,"blue"
"524",40188113,"C","C","PGF",1.5,"blue"
"525",40207169,"T","T","PGF",1.5,"blue"
"526",40219280,"T","T","PGF",1.5,"blue"
"527",40221464,"T","T","PGF",1.5,"blue"
"528",40255872,"T","T","PGF",1.5,"blue"
"529",40775229,"G","G","PGF",1.5,"blue"
"530",41090250,"A","A","PGF",1.5,"blue"
"531",41263794,"C","C","PGF",1.5,"blue"
"532",41264012,"T","T","PGF",1.5,"blue"
"533",41267258,"C","C","PGF",1.5,"blue"
"534",41286353,"A","A","PGF",1.5,"blue"
"535",41420928,"G","G","PGF",1.5,"blue"
"536",41984584,"T","T","PGF",1.5,"blue"
"537",41984658,"C","C","PGF",1.5,"blue"
"538",42006005,"C","C","PGF",1.5,"blue"
"539",42021616,"A","A","PGF",1.5,"blue"
"540",42062084,"T","T","PGF",1.5,"blue"
"541",42071438,"T","T","PGF",1.5,"blue"
"542",42406518,"G","G","PGF",1.5,"blue"
"543",43271033,"T","T","PGF",1.5,"blue"
"544",43272246,"C","C","PGF",1.5,"blue"
"545",43296195,"C","C","PGF",1.5,"blue"
"546",43470348,"T","T","PGF",1.5,"blue"
"547",43490508,"C","C","PGF",1.5,"blue"
"548",43502932,"C","C","PGF",1.5,"blue"
"549",43504358,"G","G","PGF",1.5,"blue"
"550",43523932,"C","C","PGF",1.5,"blue"
"551",43827190,"C","A","PGM",0.5,"red"
"552",44728001,"G","A","PGM",0.5,"red"
"553",44859885,"A","G","PGM",0.5,"red"
"554",44860224,"G","A","PGM",0.5,"red"
"555",44923473,"A","G","PGM",0.5,"red"
"556",45196748,"C","T","PGM",0.5,"red"
"557",46499526,"A","G","PGM",0.5,"red"
"558",47226827,"T","G","PGM",0.5,"red"
"559",47228859,"C","T","PGM",0.5,"red"
"560",47237476,"C","T","PGM",0.5,"red"
"561",47481616,"A","G","PGM",0.5,"red"
"562",47489786,"T","C","PGM",0.5,"red"
"563",47645995,"T","C","PGM",0.5,"red"
"564",47713175,"G","A","PGM",0.5,"red"
"565",47726087,"T","C","PGM",0.5,"red"
"566",47767914,"G","A","PGM",0.5,"red"
"567",47806087,"G","A","PGM",0.5,"red"
"568",47842777,"T","C","PGM",0.5,"red"
"569",47870271,"G","A","PGM",0.5,"red"
"570",47873684,"T","C","PGM",0.5,"red"
"571",47879793,"T","C","PGM",0.5,"red"
"572",47891361,"C","T","PGM",0.5,"red"
"573",47893929,"T","C","PGM",0.5,"red"
"574",47924275,"C","T","PGM",0.5,"red"
"575",47933238,"G","T","PGM",0.5,"red"
"576",47936696,"T","C","PGM",0.5,"red"
"577",47938129,"T","C","PGM",0.5,"red"
"578",48002447,"A","G","PGM",0.5,"red"
"579",48102121,"C","T","PGM",0.5,"red"
"580",48103170,"G","A","PGM",0.5,"red"
"581",49021458,"A","C","PGM",0.5,"red"
"582",49033734,"A","C","PGM",0.5,"red"
"583",49036512,"A","G","PGM",0.5,"red"
"584",49040384,"C","T","PGM",0.5,"red"
"585",49043429,"A","C","PGM",0.5,"red"
"586",49051568,"C","T","PGM",0.5,"red"
"587",49067014,"T","C","PGM",0.5,"red"
"588",49076656,"C","A","PGM",0.5,"red"
"589",49081323,"G","A","PGM",0.5,"red"
"590",49083071,"C","T","PGM",0.5,"red"
"591",49086889,"A","G","PGM",0.5,"red"
"592",49106416,"G","A","PGM",0.5,"red"
"593",49121231,"A","G","PGM",0.5,"red"
"594",49129465,"T","C","PGM",0.5,"red"
"595",49139531,"T","C","PGM",0.5,"red"
"596",49145514,"G","T","PGM",0.5,"red"
"597",49151886,"A","G","PGM",0.5,"red"
"598",49178446,"C","A","PGM",0.5,"red"
"599",49185833,"G","T","PGM",0.5,"red"
"600",49188636,"G","C","PGM",0.5,"red"
"601",49196334,"C","T","PGM",0.5,"red"
"602",49197568,"A","G","PGM",0.5,"red"
"603",49385466,"A","G","PGM",0.5,"red"
"604",49403365,"C","T","PGM",0.5,"red"
"605",49407295,"A","G","PGM",0.5,"red"
"606",49419688,"C","T","PGM",0.5,"red"
"607",49890316,"G","A","PGM",0.5,"red"
"608",50049490,"C","T","PGM",0.5,"red"
"609",50620945,"A","G","PGM",0.5,"red"
"610",50993178,"T","C","PGM",0.5,"red"
"611",51906634,"C","T","PGM",0.5,"red"
"612",52075015,"T","C","PGM",0.5,"red"
"613",52097580,"A","G","PGM",0.5,"red"
"614",52105353,"G","T","PGM",0.5,"red"
"615",52135979,"T","C","PGM",0.5,"red"
"616",52181422,"A","C","PGM",0.5,"red"
"617",52253793,"C","T","PGM",0.5,"red"
"618",53469661,"C","T","PGM",0.5,"red"
"619",53542077,"T","C","PGM",0.5,"red"
"620",53544439,"A","G","PGM",0.5,"red"
"621",53557484,"C","T","PGM",0.5,"red"
"622",53567546,"G","A","PGM",0.5,"red"
"623",53567721,"T","C","PGM",0.5,"red"
"624",53601241,"A","G","PGM",0.5,"red"
"625",53605884,"C","T","PGM",0.5,"red"
"626",53631049,"T","C","PGM",0.5,"red"
"627",53846598,"G","A","PGM",0.5,"red"
"628",53880369,"T","C","PGM",0.5,"red"
"629",53883126,"G","A","PGM",0.5,"red"
"630",53901837,"T","C","PGM",0.5,"red"
"631",53913080,"C","T","PGM",0.5,"red"
"632",53936383,"G","A","PGM",0.5,"red"
"633",53942583,"A","G","PGM",0.5,"red"
"634",53958603,"C","T","PGM",0.5,"red"
"635",54007863,"T","C","PGM",0.5,"red"
"636",54009376,"G","A","PGM",0.5,"red"
"637",54035689,"C","T","PGM",0.5,"red"
"638",54314043,"C","T","PGM",0.5,"red"
"639",54320383,"T","G","PGM",0.5,"red"
"640",54354658,"T","G","PGM",0.5,"red"
"641",54361288,"T","C","PGM",0.5,"red"
"642",54368253,"C","A","PGM",0.5,"red"
"643",54745567,"T","C","PGM",0.5,"red"
"644",54821429,"C","T","PGM",0.5,"red"
"645",54830569,"A","C","PGM",0.5,"red"
"646",54834738,"T","C","PGM",0.5,"red"
"647",54889174,"C","T","PGM",0.5,"red"
"648",54907935,"G","T","PGM",0.5,"red"
"649",54917340,"G","A","PGM",0.5,"red"
"650",54928493,"G","A","PGM",0.5,"red"
"651",55012825,"G","A","PGM",0.5,"red"
"652",55033582,"C","T","PGM",0.5,"red"
"653",55115501,"T","G","PGM",0.5,"red"
"654",55119515,"T","G","PGM",0.5,"red"
"655",55132925,"T","C","PGM",0.5,"red"
"656",55136529,"T","C","PGM",0.5,"red"
"657",55138294,"G","A","PGM",0.5,"red"
"658",55496039,"T","C","PGM",0.5,"red"
"659",55706174,"G","A","PGM",0.5,"red"
"660",55712335,"T","C","PGM",0.5,"red"
"661",55775665,"G","A","PGM",0.5,"red"
"662",56005177,"C","T","PGM",0.5,"red"
"663",56038407,"C","T","PGM",0.5,"red"
"664",56069516,"C","T","PGM",0.5,"red"
"665",56240702,"C","T","PGM",0.5,"red"
"666",56771709,"T","C","PGM",0.5,"red"
"667",56797558,"T","C","PGM",0.5,"red"
"668",56797797,"G","A","PGM",0.5,"red"
"669",56979076,"G","A","PGM",0.5,"red"
"670",57007539,"T","C","PGM",0.5,"red"
"671",57012791,"T","C","PGM",0.5,"red"
"672",57016912,"A","C","PGM",0.5,"red"
"673",57088605,"C","T","PGM",0.5,"red"
"674",57109660,"C","T","PGM",0.5,"red"
"675",57270093,"G","A","PGM",0.5,"red"
"676",57275487,"T","C","PGM",0.5,"red"
"677",57302085,"T","A","PGM",0.5,"red"
"678",57304135,"G","T","PGM",0.5,"red"
"679",57340381,"A","G","PGM",0.5,"red"
"680",57362787,"C","T","PGM",0.5,"red"
"681",57483505,"C","T","PGM",0.5,"red"
"682",57525481,"A","G","PGM",0.5,"red"
"683",57555391,"A","G","PGM",0.5,"red"
"684",57568923,"G","A","PGM",0.5,"red"
"685",57572121,"T","G","PGM",0.5,"red"
"686",57575777,"T","C","PGM",0.5,"red"
"687",57584721,"A","G","PGM",0.5,"red"
"688",57585431,"C","T","PGM",0.5,"red"
"689",57591450,"G","A","PGM",0.5,"red"
"690",57612107,"T","G","PGM",0.5,"red"
"691",57625932,"T","C","PGM",0.5,"red"
"692",57643271,"C","T","PGM",0.5,"red"
"693",57672097,"A","C","PGM",0.5,"red"
"694",57684025,"C","T","PGM",0.5,"red"
"695",57737411,"G","A","PGM",0.5,"red"
"696",57741163,"T","C","PGM",0.5,"red"
"697",57744259,"T","G","PGM",0.5,"red"
"698",57749426,"C","T","PGM",0.5,"red"
"699",57756980,"T","G","PGM",0.5,"red"
"700",57776408,"A","G","PGM",0.5,"red"
"701",57778545,"A","G","PGM",0.5,"red"
"702",58129636,"G","A","PGM",0.5,"red"
"703",58131026,"G","A","PGM",0.5,"red"
"704",58139294,"T","C","PGM",0.5,"red"
"705",58160124,"A","G","PGM",0.5,"red"
"706",58162616,"G","A","PGM",0.5,"red"
"707",58194530,"A","G","PGM",0.5,"red"
"708",58247772,"C","T","PGM",0.5,"red"
"709",58346207,"C","A","PGM",0.5,"red"
"710",58801563,"T","C","PGM",0.5,"red"
"711",58807475,"T","G","PGM",0.5,"red"
"712",58809669,"A","C","PGM",0.5,"red"
"713",58810472,"G","T","PGM",0.5,"red"
"714",58810918,"A","C","PGM",0.5,"red"
"715",58824110,"A","C","PGM",0.5,"red"
"716",58826547,"T","G","PGM",0.5,"red"
"717",58829981,"A","C","PGM",0.5,"red"
"718",58835391,"C","T","PGM",0.5,"red"
"719",58860237,"T","C","PGM",0.5,"red"
"720",58860678,"C","T","PGM",0.5,"red"
"721",58865399,"A","G","PGM",0.5,"red"
"722",58873906,"T","G","PGM",0.5,"red"
"723",58874059,"C","A","PGM",0.5,"red"
"724",59024435,"A","G","PGM",0.5,"red"
"725",59040719,"T","C","PGM",0.5,"red"
"726",59047444,"T","C","PGM",0.5,"red"
"727",59057933,"T","C","PGM",0.5,"red"
"728",59062268,"T","C","PGM",0.5,"red"
"729",59146416,"T","C","PGM",0.5,"red"
"730",59646978,"C","T","PGM",0.5,"red"
"731",59669708,"C","T","PGM",0.5,"red"
"732",59841785,"T","C","PGM",0.5,"red"
"733",60059135,"A","G","PGM",0.5,"red"
"734",60099282,"G","A","PGM",0.5,"red"
"735",60463036,"G","A","PGM",0.5,"red"
"736",60466814,"T","C","PGM",0.5,"red"
"737",60474983,"A","G","PGM",0.5,"red"
"738",60476423,"G","T","PGM",0.5,"red"
"739",60505578,"G","A","PGM",0.5,"red"
"740",60557534,"C","A","PGM",0.5,"red"
"741",60585522,"A","G","PGM",0.5,"red"
"742",60589775,"C","T","PGM",0.5,"red"
"743",60597914,"G","A","PGM",0.5,"red"
"744",60599251,"T","G","PGM",0.5,"red"
"745",60660444,"C","G","PGM",0.5,"red"
"746",60804975,"A","G","PGM",0.5,"red"
"747",61659786,"C","A","PGM",0.5,"red"
"748",61662830,"T","C","PGM",0.5,"red"
"749",61759942,"A","G","PGM",0.5,"red"
"750",61776141,"T","G","PGM",0.5,"red"
"751",61791863,"A","G","PGM",0.5,"red"
"752",61803889,"A","G","PGM",0.5,"red"
"753",61815799,"T","A","PGM",0.5,"red"
"754",61816288,"T","G","PGM",0.5,"red"
"755",61826395,"C","T","PGM",0.5,"red"
"756",61831890,"T","C","PGM",0.5,"red"
"757",61836822,"C","A","PGM",0.5,"red"
"758",61954169,"C","T","PGM",0.5,"red"
"759",62126948,"C","T","PGM",0.5,"red"
"760",62342230,"C","T","PGM",0.5,"red"
"761",62363350,"C","T","PGM",0.5,"red"
"762",62441225,"A","G","PGM",0.5,"red"
"763",62674507,"0","T","PGM",0.5,"red"
"764",62760352,"A","C","PGM",0.5,"red"
"765",62761397,"G","A","PGM",0.5,"red"
"766",62765049,"C","T","PGM",0.5,"red"
"767",63474236,"G","A","PGM",0.5,"red"
"768",63832640,"A","C","PGM",0.5,"red"
"769",63842972,"G","A","PGM",0.5,"red"
"770",63956190,"T","C","PGM",0.5,"red"
"771",63991267,"T","C","PGM",0.5,"red"
"772",64002856,"G","A","PGM",0.5,"red"
"773",64217123,"T","C","PGM",0.5,"red"
"774",64231541,"A","G","PGM",0.5,"red"
"775",64238724,"C","A","PGM",0.5,"red"
"776",64245352,"A","G","PGM",0.5,"red"
"777",64247390,"C","T","PGM",0.5,"red"
"778",64249422,"G","A","PGM",0.5,"red"
"779",64256018,"C","T","PGM",0.5,"red"
"780",64560089,"T","C","PGM",0.5,"red"
"781",64596766,"T","C","PGM",0.5,"red"
"782",64612395,"C","A","PGM",0.5,"red"
"783",64614011,"T","C","PGM",0.5,"red"
"784",64616429,"A","G","PGM",0.5,"red"
"785",64656971,"A","G","PGM",0.5,"red"
"786",64680324,"G","T","PGM",0.5,"red"
"787",64709891,"A","G","PGM",0.5,"red"
"788",64725787,"A","G","PGM",0.5,"red"
"789",64747636,"G","A","PGM",0.5,"red"
"790",64755943,"G","A","PGM",0.5,"red"
"791",64784574,"T","C","PGM",0.5,"red"
"792",64790514,"A","G","PGM",0.5,"red"
"793",64813620,"C","T","PGM",0.5,"red"
"794",64951754,"G","A","PGM",0.5,"red"
"795",65869274,"C","T","PGM",0.5,"red"
"796",65869489,"T","C","PGM",0.5,"red"
"797",65869576,"A","G","PGM",0.5,"red"
"798",65874037,"T","C","PGM",0.5,"red"
"799",65879252,"A","G","PGM",0.5,"red"
"800",65885357,"A","G","PGM",0.5,"red"
"801",65887013,"A","C","PGM",0.5,"red"
"802",65979280,"T","C","PGM",0.5,"red"
"803",65993556,"T","C","PGM",0.5,"red"
"804",66033696,"T","G","PGM",0.5,"red"
"805",66043019,"C","A","PGM",0.5,"red"
"806",66341764,"C","T","PGM",0.5,"red"
"807",66712122,"G","A","PGM",0.5,"red"
"808",67007679,"A","G","PGM",0.5,"red"
"809",67011019,"C","T","PGM",0.5,"red"
"810",67209088,"G","A","PGM",0.5,"red"
"811",67216697,"G","A","PGM",0.5,"red"
"812",67222966,"A","G","PGM",0.5,"red"
"813",67777021,"G","T","PGM",0.5,"red"
"814",67972435,"A","C","PGM",0.5,"red"
"815",67990154,"G","T","PGM",0.5,"red"
"816",68083054,"G","A","PGM",0.5,"red"
"817",68084290,"A","G","PGM",0.5,"red"
"818",68090386,"G","A","PGM",0.5,"red"
"819",68487020,"A","G","PGM",0.5,"red"
"820",68567418,"G","A","PGM",0.5,"red"
"821",68634030,"C","T","PGM",0.5,"red"
"822",68634257,"A","G","PGM",0.5,"red"
"823",68635075,"T","C","PGM",0.5,"red"
"824",68635390,"T","C","PGM",0.5,"red"
"825",68636580,"C","A","PGM",0.5,"red"
"826",68648026,"G","A","PGM",0.5,"red"
"827",68658961,"T","C","PGM",0.5,"red"
"828",68663847,"A","G","PGM",0.5,"red"
"829",68665023,"T","C","PGM",0.5,"red"
"830",68921521,"A","G","PGM",0.5,"red"
"831",68927513,"T","C","PGM",0.5,"red"
"832",68930300,"G","T","PGM",0.5,"red"
"833",68930484,"C","T","PGM",0.5,"red"
"834",68974292,"A","G","PGM",0.5,"red"
"835",68994335,"A","C","PGM",0.5,"red"
"836",69003582,"T","C","PGM",0.5,"red"
"837",69516639,"A","G","PGM",0.5,"red"
"838",69518771,"T","C","PGM",0.5,"red"
"839",69597419,"T","G","PGM",0.5,"red"
"840",69624644,"G","A","PGM",0.5,"red"
"841",69632907,"A","C","PGM",0.5,"red"
"842",69904379,"A","G","PGM",0.5,"red"
"843",70272063,"A","G","PGM",0.5,"red"
"844",70279152,"T","C","PGM",0.5,"red"
"845",70329599,"A","G","PGM",0.5,"red"
"846",70355981,"A","G","PGM",0.5,"red"
"847",70419661,"C","T","PGM",0.5,"red"
"848",70459654,"A","G","PGM",0.5,"red"
"849",70780947,"T","C","PGM",0.5,"red"
"850",70887099,"A","G","PGM",0.5,"red"
"851",70897183,"G","T","PGM",0.5,"red"
"852",70992015,"C","T","PGM",0.5,"red"
"853",70993695,"C","T","PGM",0.5,"red"
"854",71003750,"A","G","PGM",0.5,"red"
"855",71014024,"G","T","PGM",0.5,"red"
"856",71018986,"T","C","PGM",0.5,"red"
"857",71019658,"T","C","PGM",0.5,"red"
"858",71023684,"C","T","PGM",0.5,"red"
"859",71028151,"A","G","PGM",0.5,"red"
"860",71028199,"A","G","PGM",0.5,"red"
"861",71034911,"T","G","PGM",0.5,"red"
"862",71154611,"A","C","PGM",0.5,"red"
"863",71229637,"G","T","PGM",0.5,"red"
"864",71316861,"A","G","PGM",0.5,"red"
"865",71321740,"C","T","PGM",0.5,"red"
"866",71334273,"A","T","PGM",0.5,"red"
"867",71338397,"C","A","PGM",0.5,"red"
"868",71339973,"C","A","PGM",0.5,"red"
"869",71348176,"A","G","PGM",0.5,"red"
"870",72312643,"C","T","PGM",0.5,"red"
"871",72346331,"A","C","PGM",0.5,"red"
"872",72352237,"G","A","PGM",0.5,"red"
"873",72375612,"T","C","PGM",0.5,"red"
"874",72385590,"A","G","PGM",0.5,"red"
"875",72444128,"A","G","PGM",0.5,"red"
"876",72458685,"C","T","PGM",0.5,"red"
"877",73938246,"T","C","PGM",0.5,"red"
"878",74157945,"G","A","PGM",0.5,"red"
"879",74184409,"T","C","PGM",0.5,"red"
"880",74200925,"G","A","PGM",0.5,"red"
"881",74220796,"A","G","PGM",0.5,"red"
"882",74235396,"T","C","PGM",0.5,"red"
"883",74241248,"C","T","PGM",0.5,"red"
"884",74249035,"T","C","PGM",0.5,"red"
"885",74264228,"A","G","PGM",0.5,"red"
"886",74333708,"C","T","PGM",0.5,"red"
"887",74364041,"G","T","PGM",0.5,"red"
"888",74453208,"T","C","PGM",0.5,"red"
"889",74858887,"A","C","PGM",0.5,"red"
"890",74994632,"G","A","PGM",0.5,"red"
"891",75006076,"A","G","PGM",0.5,"red"
"892",75007068,"G","A","PGM",0.5,"red"
"893",75362429,"G","T","PGM",0.5,"red"
"894",75461538,"T","C","PGM",0.5,"red"
"895",75488437,"C","A","PGM",0.5,"red"
"896",75520600,"A","G","PGM",0.5,"red"
"897",75544969,"C","T","PGM",0.5,"red"
"898",75841147,"A","G","PGM",0.5,"red"
"899",76092180,"T","C","PGM",0.5,"red"
"900",76268573,"G","A","PGM",0.5,"red"
"901",76392862,"T","C","PGM",0.5,"red"
"902",76420745,"T","C","PGM",0.5,"red"
"903",76443585,"A","G","PGM",0.5,"red"
"904",76445513,"A","G","PGM",0.5,"red"
"905",76456329,"T","C","PGM",0.5,"red"
"906",76469334,"A","G","PGM",0.5,"red"
"907",76477207,"A","C","PGM",0.5,"red"
"908",76480114,"C","T","PGM",0.5,"red"
"909",76497033,"C","T","PGM",0.5,"red"
"910",76500705,"C","A","PGM",0.5,"red"
"911",76504146,"C","T","PGM",0.5,"red"
"912",76570926,"A","G","PGM",0.5,"red"
"913",76598267,"G","A","PGM",0.5,"red"
"914",76608491,"T","C","PGM",0.5,"red"
"915",76608949,"G","A","PGM",0.5,"red"
"916",76610257,"G","A","PGM",0.5,"red"
"917",76610397,"T","C","PGM",0.5,"red"
"918",76613323,"C","T","PGM",0.5,"red"
"919",76617993,"A","G","PGM",0.5,"red"
"920",76626550,"A","G","PGM",0.5,"red"
"921",76637090,"C","A","PGM",0.5,"red"
"922",76665498,"C","T","PGM",0.5,"red"
"923",76680525,"T","C","PGM",0.5,"red"
"924",76685705,"T","C","PGM",0.5,"red"
"925",76690002,"A","G","PGM",0.5,"red"
"926",76724652,"C","T","PGM",0.5,"red"
"927",76725259,"A","G","PGM",0.5,"red"
"928",76998463,"T","G","PGM",0.5,"red"
"929",77012251,"C","T","PGM",0.5,"red"
"930",77017425,"G","A","PGM",0.5,"red"
"931",77214364,"C","T","PGM",0.5,"red"
"932",77233774,"T","C","PGM",0.5,"red"
"933",77238731,"A","G","PGM",0.5,"red"
"934",77461735,"A","G","PGM",0.5,"red"
"935",77896355,"T","C","PGM",0.5,"red"
"936",77918347,"A","G","PGM",0.5,"red"
"937",77932095,"C","T","PGM",0.5,"red"
"938",77939418,"G","A","PGM",0.5,"red"
"939",77947239,"A","G","PGM",0.5,"red"
"940",77954804,"A","G","PGM",0.5,"red"
"941",77958712,"G","A","PGM",0.5,"red"
"942",77988371,"G","T","PGM",0.5,"red"
"943",77992695,"G","A","PGM",0.5,"red"
"944",78025551,"T","C","PGM",0.5,"red"
"945",78027725,"T","C","PGM",0.5,"red"
"946",78045897,"C","T","PGM",0.5,"red"
"947",78083771,"C","T","PGM",0.5,"red"
"948",78184325,"A","G","PGM",0.5,"red"
"949",78214478,"G","T","PGM",0.5,"red"
"950",78254258,"C","T","PGM",0.5,"red"
"951",78284211,"G","A","PGM",0.5,"red"
"952",78359029,"C","T","PGM",0.5,"red"
"953",78366894,"G","A","PGM",0.5,"red"
"954",78396626,"C","T","PGM",0.5,"red"
"955",78432947,"G","A","PGM",0.5,"red"
"956",78492221,"C","T","PGM",0.5,"red"
"957",78762998,"G","A","PGM",0.5,"red"
"958",78991063,"A","G","PGM",0.5,"red"
"959",78998759,"T","C","PGM",0.5,"red"
"960",78999088,"C","T","PGM",0.5,"red"
"961",79065052,"G","A","PGM",0.5,"red"
"962",79109615,"C","T","PGM",0.5,"red"
"963",79111419,"G","T","PGM",0.5,"red"
"964",79144319,"T","C","PGM",0.5,"red"
"965",79211929,"T","C","PGM",0.5,"red"
"966",79227956,"T","C","PGM",0.5,"red"
"967",79246505,"A","G","PGM",0.5,"red"
"968",79274644,"T","G","PGM",0.5,"red"
"969",79458347,"A","C","PGM",0.5,"red"
"970",79484287,"A","G","PGM",0.5,"red"
"971",79495723,"A","G","PGM",0.5,"red"
"972",79503456,"A","G","PGM",0.5,"red"
"973",80012655,"T","C","PGM",0.5,"red"
"974",80760473,"A","G","PGM",0.5,"red"
"975",80879897,"A","G","PGM",0.5,"red"
"976",80892408,"C","T","PGM",0.5,"red"
"977",80912432,"T","C","PGM",0.5,"red"
"978",81156849,"T","C","PGM",0.5,"red"
"979",81159163,"T","C","PGM",0.5,"red"
"980",81227145,"C","T","PGM",0.5,"red"
"981",81230013,"T","C","PGM",0.5,"red"
"982",81266003,"A","C","PGM",0.5,"red"
"983",81271533,"C","A","PGM",0.5,"red"
"984",81278056,"A","G","PGM",0.5,"red"
"985",81322436,"A","C","PGM",0.5,"red"
"986",81329765,"A","G","PGM",0.5,"red"
"987",81470086,"G","A","PGM",0.5,"red"
"988",81492639,"G","A","PGM",0.5,"red"
"989",81516016,"G","A","PGM",0.5,"red"
"990",81516862,"A","G","PGM",0.5,"red"
"991",81518782,"C","A","PGM",0.5,"red"
"992",81528413,"A","G","PGM",0.5,"red"
"993",81563249,"G","A","PGM",0.5,"red"
"994",81566885,"C","T","PGM",0.5,"red"
"995",81587463,"G","T","PGM",0.5,"red"
"996",81595980,"C","A","PGM",0.5,"red"
"997",81617971,"G","A","PGM",0.5,"red"
"998",81688359,"A","G","PGM",0.5,"red"
"999",81694861,"A","G","PGM",0.5,"red"
"1000",81755537,"G","A","PGM",0.5,"red"
"1001",81837879,"G","T","PGM",0.5,"red"
"1002",81899178,"A","G","PGM",0.5,"red"
"1003",81900158,"T","C","PGM",0.5,"red"
"1004",81924106,"T","C","PGM",0.5,"red"
"1005",82138740,"A","G","PGM",0.5,"red"
"1006",82186939,"C","T","PGM",0.5,"red"
"1007",82228427,"T","C","PGM",0.5,"red"
"1008",82237323,"C","T","PGM",0.5,"red"
"1009",82583859,"A","G","PGM",0.5,"red"
"1010",82596582,"T","A","PGM",0.5,"red"
"1011",82627544,"C","T","PGM",0.5,"red"
"1012",82641369,"G","A","PGM",0.5,"red"
"1013",82675112,"G","T","PGM",0.5,"red"
"1014",82801007,"C","T","PGM",0.5,"red"
"1015",82829953,"C","T","PGM",0.5,"red"
"1016",82837212,"T","G","PGM",0.5,"red"
"1017",82850151,"T","C","PGM",0.5,"red"
"1018",83469240,"C","T","PGM",0.5,"red"
"1019",83528240,"A","G","PGM",0.5,"red"
"1020",83586063,"T","C","PGM",0.5,"red"
"1021",83701728,"A","G","PGM",0.5,"red"
"1022",83957951,"C","T","PGM",0.5,"red"
"1023",83958331,"A","G","PGM",0.5,"red"
"1024",83971236,"T","C","PGM",0.5,"red"
"1025",83992961,"T","C","PGM",0.5,"red"
"1026",84105145,"G","A","PGM",0.5,"red"
"1027",84427052,"A","C","PGM",0.5,"red"
"1028",84531117,"C","T","PGM",0.5,"red"
"1029",84582555,"A","G","PGM",0.5,"red"
"1030",84608438,"A","G","PGM",0.5,"red"
"1031",84659129,"A","G","PGM",0.5,"red"
"1032",84735327,"G","A","PGM",0.5,"red"
"1033",84735710,"A","G","PGM",0.5,"red"
"1034",84928793,"T","C","PGM",0.5,"red"
"1035",84933928,"T","C","PGM",0.5,"red"
"1036",84977773,"A","G","PGM",0.5,"red"
"1037",84996604,"T","C","PGM",0.5,"red"
"1038",85020637,"G","T","PGM",0.5,"red"
"1039",85038958,"G","A","PGM",0.5,"red"
"1040",85091557,"C","T","PGM",0.5,"red"
"1041",85095457,"G","A","PGM",0.5,"red"
"1042",85110325,"A","C","PGM",0.5,"red"
"1043",85126143,"T","C","PGM",0.5,"red"
"1044",85206774,"T","C","PGM",0.5,"red"
"1045",85219868,"G","A","PGM",0.5,"red"
"1046",85227586,"A","G","PGM",0.5,"red"
"1047",85290409,"T","C","PGM",0.5,"red"
"1048",85315353,"C","T","PGM",0.5,"red"
"1049",85356801,"A","G","PGM",0.5,"red"
"1050",85366164,"C","T","PGM",0.5,"red"
"1051",85591287,"T","A","PGM",0.5,"red"
"1052",85615649,"G","A","PGM",0.5,"red"
"1053",85633408,"G","A","PGM",0.5,"red"
"1054",86034864,"T","C","PGM",0.5,"red"
"1055",86064486,"G","A","PGM",0.5,"red"
"1056",86073045,"G","A","PGM",0.5,"red"
"1057",86074975,"A","G","PGM",0.5,"red"
"1058",86258949,"G","A","PGM",0.5,"red"
"1059",86259699,"G","A","PGM",0.5,"red"
"1060",86263583,"G","A","PGM",0.5,"red"
"1061",86758589,"G","A","PGM",0.5,"red"
"1062",86938706,"T","C","PGM",0.5,"red"
"1063",86954472,"T","C","PGM",0.5,"red"
"1064",86959173,"C","T","PGM",0.5,"red"
"1065",86959424,"A","C","PGM",0.5,"red"
"1066",87000484,"C","T","PGM",0.5,"red"
"1067",87032324,"G","A","PGM",0.5,"red"
"1068",87044583,"C","T","PGM",0.5,"red"
"1069",87573820,"T","C","PGM",0.5,"red"
"1070",87652146,"G","A","PGM",0.5,"red"
"1071",87708655,"G","A","PGM",0.5,"red"
"1072",87743047,"A","G","PGM",0.5,"red"
"1073",87828033,"G","A","PGM",0.5,"red"
"1074",87854436,"A","G","PGM",0.5,"red"
"1075",87921397,"C","T","PGM",0.5,"red"
"1076",88091734,"C","T","PGM",0.5,"red"
"1077",88100274,"T","G","PGM",0.5,"red"
"1078",88104575,"T","G","PGM",0.5,"red"
"1079",88107896,"T","C","PGM",0.5,"red"
"1080",88117638,"G","A","PGM",0.5,"red"
"1081",88118753,"G","C","PGM",0.5,"red"
"1082",88176059,"C","T","PGM",0.5,"red"
"1083",88176320,"A","G","PGM",0.5,"red"
"1084",88176714,"C","T","PGM",0.5,"red"
"1085",88177403,"A","G","PGM",0.5,"red"
"1086",88177437,"T","C","PGM",0.5,"red"
"1087",88179317,"T","C","PGM",0.5,"red"
"1088",88292560,"G","T","PGM",0.5,"red"
"1089",88313724,"C","T","PGM",0.5,"red"
"1090",88317228,"G","A","PGM",0.5,"red"
"1091",88327760,"A","G","PGM",0.5,"red"
"1092",88343418,"A","G","PGM",0.5,"red"
"1093",88345118,"T","G","PGM",0.5,"red"
"1094",88350912,"G","C","PGM",0.5,"red"
"1095",88361443,"T","C","PGM",0.5,"red"
"1096",88411099,"T","C","PGM",0.5,"red"
"1097",88446605,"T","C","PGM",0.5,"red"
"1098",88454332,"G","T","PGM",0.5,"red"
"1099",88467667,"G","A","PGM",0.5,"red"
"1100",88615308,"C","T","PGM",0.5,"red"
"1101",88843632,"C","T","PGM",0.5,"red"
"1102",88852610,"A","G","PGM",0.5,"red"
"1103",88860530,"T","C","PGM",0.5,"red"
"1104",88864082,"A","C","PGM",0.5,"red"
"1105",88938078,"A","G","PGM",0.5,"red"
"1106",89361686,"G","A","PGM",0.5,"red"
"1107",90370808,"A","G","PGM",0.5,"red"
"1108",90415481,"T","C","PGM",0.5,"red"
"1109",90532256,"A","C","PGM",0.5,"red"
"1110",90536797,"A","G","PGM",0.5,"red"
"1111",90816109,"A","C","PGM",0.5,"red"
"1112",90818872,"A","G","PGM",0.5,"red"
"1113",90819317,"T","C","PGM",0.5,"red"
"1114",90826932,"T","C","PGM",0.5,"red"
"1115",90836739,"C","A","PGM",0.5,"red"
"1116",90861006,"C","T","PGM",0.5,"red"
"1117",90910074,"A","G","PGM",0.5,"red"
"1118",90953104,"C","T","PGM",0.5,"red"
"1119",90996474,"C","T","PGM",0.5,"red"
"1120",91027083,"G","A","PGM",0.5,"red"
"1121",91061122,"A","G","PGM",0.5,"red"
"1122",91102694,"G","A","PGM",0.5,"red"
"1123",91113178,"C","T","PGM",0.5,"red"
"1124",91154551,"A","G","PGM",0.5,"red"
"1125",91165138,"C","T","PGM",0.5,"red"
"1126",91513968,"G","A","PGM",0.5,"red"
"1127",91536485,"T","C","PGM",0.5,"red"
"1128",91543079,"A","G","PGM",0.5,"red"
"1129",91627379,"A","C","PGM",0.5,"red"
"1130",91647150,"A","G","PGM",0.5,"red"
"1131",92101035,"A","G","PGM",0.5,"red"
"1132",92136366,"C","T","PGM",0.5,"red"
"1133",92144970,"C","T","PGM",0.5,"red"
"1134",92153974,"T","C","PGM",0.5,"red"
"1135",92155337,"T","C","PGM",0.5,"red"
"1136",92163174,"A","G","PGM",0.5,"red"
"1137",92391478,"C","T","PGM",0.5,"red"
"1138",92396114,"C","T","PGM",0.5,"red"
"1139",92428495,"A","C","PGM",0.5,"red"
"1140",94542770,"T","G","PGM",0.5,"red"
"1141",94549083,"C","T","PGM",0.5,"red"
"1142",94556894,"G","A","PGM",0.5,"red"
"1143",94635028,"G","A","PGM",0.5,"red"
"1144",94691240,"C","T","PGM",0.5,"red"
"1145",94738846,"G","A","PGM",0.5,"red"
"1146",94752469,"G","A","PGM",0.5,"red"
"1147",94807102,"A","C","PGM",0.5,"red"
"1148",94850443,"G","A","PGM",0.5,"red"
"1149",95023154,"T","A","PGM",0.5,"red"
"1150",95052267,"T","G","PGM",0.5,"red"
"1151",95070114,"T","C","PGM",0.5,"red"
"1152",95076153,"G","A","PGM",0.5,"red"
"1153",95081587,"A","C","PGM",0.5,"red"
"1154",95169671,"C","T","PGM",0.5,"red"
"1155",96148182,"A","G","PGM",0.5,"red"
"1156",96249028,"A","G","PGM",0.5,"red"
"1157",96269870,"G","A","PGM",0.5,"red"
"1158",96303910,"A","G","PGM",0.5,"red"
"1159",96309286,"A","G","PGM",0.5,"red"
"1160",96348691,"C","T","PGM",0.5,"red"
"1161",96361709,"C","A","PGM",0.5,"red"
"1162",96366808,"C","T","PGM",0.5,"red"
"1163",96458324,"C","T","PGM",0.5,"red"
"1164",96496399,"T","C","PGM",0.5,"red"
"1165",96504265,"A","G","PGM",0.5,"red"
"1166",96510531,"C","T","PGM",0.5,"red"
"1167",96587711,"C","A","PGM",0.5,"red"
"1168",96874164,"G","A","PGM",0.5,"red"
"1169",97086056,"A","G","PGM",0.5,"red"
"1170",97100867,"A","G","PGM",0.5,"red"
"1171",97102059,"A","G","PGM",0.5,"red"
"1172",97107005,"G","A","PGM",0.5,"red"
"1173",97435890,"G","A","PGM",0.5,"red"
"1174",97457893,"T","G","PGM",0.5,"red"
"1175",97488820,"A","G","PGM",0.5,"red"
"1176",97515670,"T","C","PGM",0.5,"red"
"1177",97535350,"T","C","PGM",0.5,"red"
"1178",97543632,"A","G","PGM",0.5,"red"
"1179",97564650,"C","T","PGM",0.5,"red"
"1180",97838887,"T","C","PGM",0.5,"red"
"1181",97843748,"A","G","PGM",0.5,"red"
"1182",97844979,"C","T","PGM",0.5,"red"
"1183",97849296,"G","A","PGM",0.5,"red"
"1184",97857761,"C","T","PGM",0.5,"red"
"1185",97869199,"C","T","PGM",0.5,"red"
"1186",97880883,"G","A","PGM",0.5,"red"
"1187",97989751,"C","T","PGM",0.5,"red"
"1188",98025817,"G","A","PGM",0.5,"red"
"1189",98085570,"C","A","PGM",0.5,"red"
"1190",98185700,"T","C","PGM",0.5,"red"
"1191",98209110,"T","C","PGM",0.5,"red"
"1192",98253405,"G","A","PGM",0.5,"red"
"1193",98274132,"C","T","PGM",0.5,"red"
"1194",98284940,"C","T","PGM",0.5,"red"
"1195",98290577,"T","C","PGM",0.5,"red"
"1196",98292937,"G","A","PGM",0.5,"red"
"1197",98586215,"G","A","PGM",0.5,"red"
"1198",98639563,"A","G","PGM",0.5,"red"
"1199",98647074,"A","G","PGM",0.5,"red"
"1200",98654113,"A","G","PGM",0.5,"red"
"1201",98657119,"T","G","PGM",0.5,"red"
"1202",98666125,"A","C","PGM",0.5,"red"
"1203",98667546,"G","A","PGM",0.5,"red"
"1204",98689392,"A","C","PGM",0.5,"red"
"1205",98694154,"A","G","PGM",0.5,"red"
"1206",98714112,"T","G","PGM",0.5,"red"
"1207",98727780,"C","A","PGM",0.5,"red"
"1208",98964063,"C","T","PGM",0.5,"red"
"1209",98964075,"T","C","PGM",0.5,"red"
"1210",98964541,"T","C","PGM",0.5,"red"
"1211",98965621,"A","G","PGM",0.5,"red"
"1212",98984799,"G","A","PGM",0.5,"red"
"1213",99160827,"C","T","PGM",0.5,"red"
"1214",99324312,"G","A","PGM",0.5,"red"
"1215",99415713,"G","A","PGM",0.5,"red"
"1216",99443516,"A","G","PGM",0.5,"red"
"1217",99453287,"T","C","PGM",0.5,"red"
"1218",99952060,"A","G","PGM",0.5,"red"
"1219",100795207,"A","C","PGM",0.5,"red"
"1220",100930254,"C","T","PGM",0.5,"red"
"1221",101199886,"A","G","PGM",0.5,"red"
"1222",101351661,"C","T","PGM",0.5,"red"
"1223",101540999,"T","C","PGM",0.5,"red"
"1224",101622960,"T","C","PGM",0.5,"red"
"1225",101751884,"G","T","PGM",0.5,"red"
"1226",101773410,"A","T","PGM",0.5,"red"
"1227",101775967,"A","G","PGM",0.5,"red"
"1228",101830625,"C","T","PGM",0.5,"red"
"1229",101843149,"G","T","PGM",0.5,"red"
"1230",102070592,"T","C","PGM",0.5,"red"
"1231",102085498,"G","A","PGM",0.5,"red"
"1232",102088142,"A","G","PGM",0.5,"red"
"1233",102101223,"A","G","PGM",0.5,"red"
"1234",102297845,"T","C","PGM",0.5,"red"
"1235",102297957,"A","G","PGM",0.5,"red"
"1236",102363318,"A","G","PGM",0.5,"red"
"1237",102378636,"G","T","PGM",0.5,"red"
"1238",102386104,"G","A","PGM",0.5,"red"
"1239",102387098,"T","G","PGM",0.5,"red"
"1240",103036149,"G","T","PGM",0.5,"red"
"1241",103763039,"G","A","PGM",0.5,"red"
"1242",104890086,"C","T","PGM",0.5,"red"
"1243",104890559,"T","C","PGM",0.5,"red"
"1244",104901525,"C","T","PGM",0.5,"red"
"1245",105663975,"A","G","PGM",0.5,"red"
"1246",105799204,"A","G","PGM",0.5,"red"
"1247",105830385,"A","G","PGM",0.5,"red"
"1248",105846616,"G","T","PGM",0.5,"red"
"1249",105847278,"C","T","PGM",0.5,"red"
"1250",105867836,"G","T","PGM",0.5,"red"
"1251",105986889,"T","G","PGM",0.5,"red"
"1252",106006480,"G","A","PGM",0.5,"red"
"1253",106011788,"C","T","PGM",0.5,"red"
"1254",106026464,"T","C","PGM",0.5,"red"
"1255",106037417,"G","A","PGM",0.5,"red"
"1256",106037628,"G","A","PGM",0.5,"red"
"1257",106079968,"A","G","PGM",0.5,"red"
"1258",106082557,"G","A","PGM",0.5,"red"
"1259",106085976,"C","T","PGM",0.5,"red"
"1260",106474028,"G","A","PGM",0.5,"red"
"1261",106518710,"G","A","PGM",0.5,"red"
"1262",107162694,"T","C","PGM",0.5,"red"
"1263",107488772,"G","A","PGM",0.5,"red"
"1264",107504932,"G","T","PGM",0.5,"red"
"1265",108011220,"G","A","PGM",0.5,"red"
"1266",108016331,"T","C","PGM",0.5,"red"
"1267",108017559,"T","C","PGM",0.5,"red"
"1268",108044081,"C","A","PGM",0.5,"red"
"1269",108070435,"T","C","PGM",0.5,"red"
"1270",108429934,"G","A","PGM",0.5,"red"
"1271",108554161,"A","G","PGM",0.5,"red"
"1272",108557705,"T","C","PGM",0.5,"red"
"1273",108614697,"A","G","PGM",0.5,"red"
"1274",108663295,"C","T","PGM",0.5,"red"
"1275",108728484,"T","C","PGM",0.5,"red"
"1276",108739104,"A","G","PGM",0.5,"red"
"1277",109394125,"A","G","PGM",0.5,"red"
"1278",109416225,"T","C","PGM",0.5,"red"
"1279",109455635,"T","G","PGM",0.5,"red"
"1280",109486196,"G","A","PGM",0.5,"red"
"1281",109490457,"C","T","PGM",0.5,"red"
"1282",109494147,"G","A","PGM",0.5,"red"
"1283",109500439,"G","A","PGM",0.5,"red"
"1284",109504912,"T","C","PGM",0.5,"red"
"1285",109613466,"C","A","PGM",0.5,"red"
"1286",109705022,"G","A","PGM",0.5,"red"
"1287",109743167,"A","C","PGM",0.5,"red"
"1288",109750411,"T","C","PGM",0.5,"red"
"1289",109912051,"A","G","PGM",0.5,"red"
"1290",110035159,"T","C","PGM",0.5,"red"
"1291",110047333,"G","A","PGM",0.5,"red"
"1292",110078434,"A","G","PGM",0.5,"red"
"1293",110313033,"A","G","PGM",0.5,"red"
"1294",110318572,"C","T","PGM",0.5,"red"
"1295",110325532,"T","C","PGM",0.5,"red"
"1296",110439480,"T","C","PGM",0.5,"red"
"1297",110441792,"G","A","PGM",0.5,"red"
"1298",110451043,"T","C","PGM",0.5,"red"
"1299",110451190,"G","A","PGM",0.5,"red"
"1300",110451690,"C","T","PGM",0.5,"red"
"1301",110478064,"T","C","PGM",0.5,"red"
"1302",110486839,"C","T","PGM",0.5,"red"
"1303",110503433,"G","A","PGM",0.5,"red"
"1304",110715768,"A","C","PGM",0.5,"red"
"1305",110750277,"A","G","PGM",0.5,"red"
"1306",110760189,"T","C","PGM",0.5,"red"
"1307",110770223,"G","T","PGM",0.5,"red"
"1308",110789107,"G","A","PGM",0.5,"red"
"1309",111181086,"C","T","PGM",0.5,"red"
"1310",111183367,"G","T","PGM",0.5,"red"
"1311",111218920,"T","C","PGM",0.5,"red"
"1312",111219344,"G","A","PGM",0.5,"red"
"1313",111229552,"G","A","PGM",0.5,"red"
"1314",111237685,"A","G","PGM",0.5,"red"
"1315",111622739,"A","G","PGM",0.5,"red"
"1316",111659501,"C","T","PGM",0.5,"red"
"1317",111664343,"A","G","PGM",0.5,"red"
"1318",111686054,"T","C","PGM",0.5,"red"
"1319",111723296,"G","T","PGM",0.5,"red"
"1320",111729325,"T","C","PGM",0.5,"red"
"1321",111737916,"T","C","PGM",0.5,"red"
"1322",111745393,"G","A","PGM",0.5,"red"
"1323",111752073,"A","C","PGM",0.5,"red"
"1324",111770423,"G","T","PGM",0.5,"red"
"1325",111778468,"G","A","PGM",0.5,"red"
"1326",111788779,"G","T","PGM",0.5,"red"
"1327",111854207,"C","T","PGM",0.5,"red"
"1328",111893958,"G","A","PGM",0.5,"red"
"1329",111895487,"T","C","PGM",0.5,"red"
"1330",111909604,"G","A","PGM",0.5,"red"
"1331",111909959,"A","G","PGM",0.5,"red"
"1332",111926153,"G","A","PGM",0.5,"red"
"1333",112021029,"A","G","PGM",0.5,"red"
"1334",112048264,"T","C","PGM",0.5,"red"
"1335",112056416,"T","C","PGM",0.5,"red"
"1336",112334474,"C","T","PGM",0.5,"red"
"1337",112442367,"G","A","PGM",0.5,"red"
"1338",112443281,"A","C","PGM",0.5,"red"
"1339",112450636,"C","T","PGM",0.5,"red"
"1340",112451681,"G","A","PGM",0.5,"red"
"1341",112496701,"T","G","PGM",0.5,"red"
"1342",112498250,"G","A","PGM",0.5,"red"
"1343",112499034,"G","A","PGM",0.5,"red"
"1344",112523095,"T","C","PGM",0.5,"red"
"1345",112525085,"G","A","PGM",0.5,"red"
"1346",112538239,"A","C","PGM",0.5,"red"
"1347",112549048,"G","C","PGM",0.5,"red"
"1348",112572509,"A","G","PGM",0.5,"red"
"1349",112575961,"G","A","PGM",0.5,"red"
"1350",113046395,"C","T","PGM",0.5,"red"
"1351",113278651,"T","C","PGM",0.5,"red"
"1352",113336905,"A","C","PGM",0.5,"red"
"1353",113344950,"T","C","PGM",0.5,"red"
"1354",113345279,"T","G","PGM",0.5,"red"
"1355",113348173,"G","A","PGM",0.5,"red"
"1356",113753809,"G","A","PGM",0.5,"red"
"1357",113762753,"C","A","PGM",0.5,"red"
"1358",113775761,"T","C","PGM",0.5,"red"
"1359",113789136,"T","C","PGM",0.5,"red"
"1360",113810964,"T","C","PGM",0.5,"red"
"1361",113819412,"T","C","PGM",0.5,"red"
"1362",113923375,"T","A","PGM",0.5,"red"
"1363",113931699,"A","G","PGM",0.5,"red"
"1364",114080011,"A","G","PGM",0.5,"red"
"1365",114134025,"A","G","PGM",0.5,"red"
"1366",114282287,"C","A","PGM",0.5,"red"
"1367",114312623,"C","T","PGM",0.5,"red"
"1368",114315493,"C","T","PGM",0.5,"red"
"1369",114417843,"A","G","PGM",0.5,"red"
"1370",114555118,"T","C","PGM",0.5,"red"
"1371",115045665,"T","C","PGM",0.5,"red"
"1372",115079658,"C","T","PGM",0.5,"red"
"1373",115168097,"T","C","PGM",0.5,"red"
"1374",115196166,"A","G","PGM",0.5,"red"
"1375",115655086,"T","C","PGM",0.5,"red"
"1376",115895741,"C","A","PGM",0.5,"red"
"1377",115941974,"C","T","PGM",0.5,"red"
"1378",115943077,"C","T","PGM",0.5,"red"
"1379",115994787,"A","C","PGM",0.5,"red"
"1380",116243868,"A","G","PGM",0.5,"red"
"1381",116374764,"C","T","PGM",0.5,"red"
"1382",116412561,"C","T","PGM",0.5,"red"
"1383",116426939,"C","T","PGM",0.5,"red"
"1384",116436143,"A","G","PGM",0.5,"red"
"1385",116469435,"G","A","PGM",0.5,"red"
"1386",116501174,"T","C","PGM",0.5,"red"
"1387",116523793,"A","G","PGM",0.5,"red"
"1388",116525672,"G","A","PGM",0.5,"red"
"1389",116711288,"T","C","PGM",0.5,"red"
"1390",117199884,"C","A","PGM",0.5,"red"
"1391",117212594,"A","G","PGM",0.5,"red"
"1392",117255079,"T","C","PGM",0.5,"red"
"1393",117300926,"G","A","PGM",0.5,"red"
"1394",117302613,"A","G","PGM",0.5,"red"
"1395",117307358,"T","C","PGM",0.5,"red"
"1396",117308238,"A","C","PGM",0.5,"red"
"1397",117311147,"C","A","PGM",0.5,"red"
"1398",117312119,"A","G","PGM",0.5,"red"
"1399",117318351,"A","G","PGM",0.5,"red"
"1400",117321205,"T","C","PGM",0.5,"red"
"1401",117326135,"C","A","PGM",0.5,"red"
"1402",117341809,"A","G","PGM",0.5,"red"
"1403",117442421,"C","T","PGM",0.5,"red"
"1404",117448282,"T","C","PGM",0.5,"red"
"1405",117458375,"G","A","PGM",0.5,"red"
"1406",117460934,"T","T","PGF",1.5,"blue"
"1407",117469781,"C","G","PGM",0.5,"red"
"1408",117482765,"T","C","PGM",0.5,"red"
"1409",117490261,"T","G","PGM",0.5,"red"
"1410",117494820,"C","T","PGM",0.5,"red"
"1411",117674749,"C","T","PGM",0.5,"red"
"1412",118116974,"T","G","PGM",0.5,"red"
"1413",118147675,"C","A","PGM",0.5,"red"
"1414",118178654,"G","T","PGM",0.5,"red"
"1415",118181704,"C","T","PGM",0.5,"red"
"1416",118182628,"A","C","PGM",0.5,"red"
"1417",118185332,"C","T","PGM",0.5,"red"
"1418",118195592,"A","G","PGM",0.5,"red"
"1419",118987888,"T","C","PGM",0.5,"red"
"1420",119224268,"C","A","PGM",0.5,"red"
"1421",119271206,"A","G","PGM",0.5,"red"
"1422",119292887,"A","C","PGM",0.5,"red"
"1423",119316263,"T","G","PGM",0.5,"red"
"1424",119348833,"G","T","PGM",0.5,"red"
"1425",119380513,"G","A","PGM",0.5,"red"
"1426",119383818,"T","C","PGM",0.5,"red"
"1427",119393540,"A","G","PGM",0.5,"red"
"1428",119409592,"T","C","PGM",0.5,"red"
"1429",119858685,"A","G","PGM",0.5,"red"
"1430",119864997,"T","G","PGM",0.5,"red"
"1431",120275602,"G","A","PGM",0.5,"red"
"1432",120293568,"G","A","PGM",0.5,"red"
"1433",120311041,"G","A","PGM",0.5,"red"
"1434",146803255,"T","C","PGM",0.5,"red"
"1435",147235595,"C","T","PGM",0.5,"red"
"1436",147236233,"C","T","PGM",0.5,"red"
"1437",147254569,"T","C","PGM",0.5,"red"
"1438",147285745,"T","C","PGM",0.5,"red"
"1439",149892872,"A","G","PGM",0.5,"red"
"1440",149906413,"T","C","PGM",0.5,"red"
"1441",150041405,"C","G","PGM",0.5,"red"
"1442",150125249,"A","G","PGM",0.5,"red"
"1443",151344150,"C","A","PGM",0.5,"red"
"1444",151344741,"T","G","PGM",0.5,"red"
"1445",151357333,"C","T","PGM",0.5,"red"
"1446",151374025,"T","C","PGM",0.5,"red"
"1447",151384711,"G","A","PGM",0.5,"red"
"1448",151395782,"C","T","PGM",0.5,"red"
"1449",151403948,"T","C","PGM",0.5,"red"
"1450",151413180,"A","G","PGM",0.5,"red"
"1451",151428605,"A","G","PGM",0.5,"red"
"1452",151430755,"T","C","PGM",0.5,"red"
"1453",151735576,"T","C","PGM",0.5,"red"
"1454",151737349,"A","T","PGM",0.5,"red"
"1455",151744168,"T","C","PGM",0.5,"red"
"1456",151770138,"C","T","PGM",0.5,"red"
"1457",151801951,"G","A","PGM",0.5,"red"
"1458",151805049,"A","G","PGM",0.5,"red"
"1459",152144260,"T","C","PGM",0.5,"red"
"1460",152146648,"C","G","PGM",0.5,"red"
"1461",152161735,"T","C","PGM",0.5,"red"
"1462",152165878,"T","C","PGM",0.5,"red"
"1463",152200472,"C","T","PGM",0.5,"red"
"1464",152259078,"A","G","PGM",0.5,"red"
"1465",152296863,"C","T","PGM",0.5,"red"
"1466",152300817,"G","A","PGM",0.5,"red"
"1467",152546889,"C","A","PGM",0.5,"red"
"1468",152722707,"G","A","PGM",0.5,"red"
"1469",153328347,"A","G","PGM",0.5,"red"
"1470",153411752,"C","T","PGM",0.5,"red"
"1471",153433696,"T","C","PGM",0.5,"red"
"1472",153456349,"G","A","PGM",0.5,"red"
"1473",153474243,"A","G","PGM",0.5,"red"
"1474",153583066,"G","A","PGM",0.5,"red"
"1475",153600778,"G","A","PGM",0.5,"red"
"1476",153631071,"G","A","PGM",0.5,"red"
"1477",153634058,"G","T","PGM",0.5,"red"
"1478",153635425,"G","A","PGM",0.5,"red"
"1479",153642909,"A","G","PGM",0.5,"red"
"1480",153672247,"G","T","PGM",0.5,"red"
"1481",153678097,"T","G","PGM",0.5,"red"
"1482",153774276,"C","T","PGM",0.5,"red"
"1483",153782011,"C","T","PGM",0.5,"red"
"1484",154141908,"G","A","PGM",0.5,"red"
"1485",154167116,"G","A","PGM",0.5,"red"
"1486",154179679,"C","T","PGM",0.5,"red"
"1487",154195753,"A","G","PGM",0.5,"red"
"1488",154225344,"C","T","PGM",0.5,"red"
"1489",154227239,"A","C","PGM",0.5,"red"
"1490",154238383,"A","G","PGM",0.5,"red"
"1491",154361126,"G","A","PGM",0.5,"red"
"1492",154401679,"G","A","PGM",0.5,"red"
"1493",154430092,"C","T","PGM",0.5,"red"
"1494",154432420,"T","C","PGM",0.5,"red"
"1495",154442960,"A","G","PGM",0.5,"red"
"1496",154451420,"G","A","PGM",0.5,"red"
"1497",154531910,"A","G","PGM",0.5,"red"
"1498",154538205,"C","T","PGM",0.5,"red"
"1499",154589628,"A","C","PGM",0.5,"red"
"1500",154700649,"T","C","PGM",0.5,"red"
"1501",154701218,"C","T","PGM",0.5,"red"
"1502",155201235,"G","A","PGM",0.5,"red"
"1503",155206341,"T","G","PGM",0.5,"red"
"1504",155971887,"T","C","PGM",0.5,"red"
"1505",156116488,"T","G","PGM",0.5,"red"
"1506",156117584,"T","G","PGM",0.5,"red"
"1507",156140932,"G","T","PGM",0.5,"red"
"1508",156169610,"A","G","PGM",0.5,"red"
"1509",156173082,"C","T","PGM",0.5,"red"
"1510",156202173,"A","G","PGM",0.5,"red"
"1511",156204047,"G","A","PGM",0.5,"red"
"1512",156206121,"G","A","PGM",0.5,"red"
"1513",156291026,"C","T","PGM",0.5,"red"
"1514",156627996,"T","C","PGM",0.5,"red"
"1515",156629437,"C","T","PGM",0.5,"red"
"1516",156700845,"C","A","PGM",0.5,"red"
"1517",156720382,"A","G","PGM",0.5,"red"
"1518",156728849,"T","C","PGM",0.5,"red"
"1519",156743173,"G","A","PGM",0.5,"red"
"1520",156774029,"T","C","PGM",0.5,"red"
"1521",156774196,"A","G","PGM",0.5,"red"
"1522",156841674,"G","A","PGM",0.5,"red"
"1523",157156851,"T","C","PGM",0.5,"red"
"1524",157168578,"T","C","PGM",0.5,"red"
"1525",157172247,"T","C","PGM",0.5,"red"
"1526",157176781,"A","G","PGM",0.5,"red"
"1527",157192251,"C","A","PGM",0.5,"red"
"1528",157237374,"C","A","PGM",0.5,"red"
"1529",157255396,"G","A","PGM",0.5,"red"
"1530",157259119,"A","G","PGM",0.5,"red"
"1531",157263272,"T","C","PGM",0.5,"red"
"1532",157272670,"C","T","PGM",0.5,"red"
"1533",157381033,"G","A","PGM",0.5,"red"
"1534",157386936,"G","A","PGM",0.5,"red"
"1535",157393023,"T","C","PGM",0.5,"red"
"1536",157393031,"T","C","PGM",0.5,"red"
"1537",157421821,"G","A","PGM",0.5,"red"
"1538",157442117,"G","A","PGM",0.5,"red"
"1539",157490710,"G","A","PGM",0.5,"red"
"1540",157513569,"G","A","PGM",0.5,"red"
"1541",157537530,"G","T","PGM",0.5,"red"
"1542",157542162,"G","A","PGM",0.5,"red"
"1543",157542216,"A","G","PGM",0.5,"red"
"1544",157543746,"T","C","PGM",0.5,"red"
"1545",157544850,"C","T","PGM",0.5,"red"
"1546",157557701,"G","A","PGM",0.5,"red"
"1547",157559122,"C","T","PGM",0.5,"red"
"1548",157569194,"G","A","PGM",0.5,"red"
"1549",157596390,"A","G","PGM",0.5,"red"
"1550",157607377,"C","T","PGM",0.5,"red"
"1551",157619889,"C","T","PGM",0.5,"red"
"1552",157625122,"A","G","PGM",0.5,"red"
"1553",157637964,"T","C","PGM",0.5,"red"
"1554",157641683,"T","C","PGM",0.5,"red"
"1555",157648098,"A","G","PGM",0.5,"red"
"1556",158026290,"0","G","PGM",0.5,"red"
"1557",158082681,"A","G","PGM",0.5,"red"
"1558",158145252,"T","C","PGM",0.5,"red"
"1559",158153526,"C","T","PGM",0.5,"red"
"1560",158256296,"T","C","PGM",0.5,"red"
"1561",158578865,"A","C","PGM",0.5,"red"
"1562",158701420,"G","A","PGM",0.5,"red"
"1563",158701762,"T","C","PGM",0.5,"red"
"1564",158735740,"G","A","PGM",0.5,"red"
"1565",158735892,"G","A","PGM",0.5,"red"
"1566",158957703,"C","T","PGM",0.5,"red"
"1567",158978596,"C","A","PGM",0.5,"red"
"1568",158979950,"A","G","PGM",0.5,"red"
"1569",158983285,"C","T","PGM",0.5,"red"
"1570",158986225,"C","T","PGM",0.5,"red"
"1571",158987241,"G","A","PGM",0.5,"red"
"1572",158987941,"G","A","PGM",0.5,"red"
"1573",158990412,"G","A","PGM",0.5,"red"
"1574",158998665,"G","A","PGM",0.5,"red"
"1575",159002222,"G","A","PGM",0.5,"red"
"1576",159028378,"T","C","PGM",0.5,"red"
"1577",159055656,"T","C","PGM",0.5,"red"
"1578",159060560,"C","T","PGM",0.5,"red"
"1579",159062436,"A","G","PGM",0.5,"red"
"1580",159069211,"C","T","PGM",0.5,"red"
"1581",159073725,"A","G","PGM",0.5,"red"
"1582",159093732,"C","A","PGM",0.5,"red"
"1583",159104085,"C","A","PGM",0.5,"red"
"1584",159116681,"C","T","PGM",0.5,"red"
"1585",159169463,"T","C","PGM",0.5,"red"
"1586",159175354,"A","G","PGM",0.5,"red"
"1587",159177748,"A","G","PGM",0.5,"red"
"1588",159336948,"T","C","PGM",0.5,"red"
"1589",159595682,"G","T","PGM",0.5,"red"
"1590",159717162,"G","A","PGM",0.5,"red"
"1591",159728127,"T","C","PGM",0.5,"red"
"1592",159732811,"T","G","PGM",0.5,"red"
"1593",159742091,"T","C","PGM",0.5,"red"
"1594",159886422,"A","G","PGM",0.5,"red"
"1595",159919986,"G","A","PGM",0.5,"red"
"1596",159923111,"G","T","PGM",0.5,"red"
"1597",159928059,"G","A","PGM",0.5,"red"
"1598",160011231,"T","C","PGM",0.5,"red"
"1599",160108803,"C","T","PGM",0.5,"red"
"1600",160470258,"T","C","PGM",0.5,"red"
"1601",160674460,"T","C","PGM",0.5,"red"
"1602",160680439,"G","A","PGM",0.5,"red"
"1603",160705619,"C","T","PGM",0.5,"red"
"1604",160733764,"C","T","PGM",0.5,"red"
"1605",160744961,"A","G","PGM",0.5,"red"
"1606",161183516,"C","T","PGM",0.5,"red"
"1607",161188936,"T","C","PGM",0.5,"red"
"1608",161200586,"T","G","PGM",0.5,"red"
"1609",161282384,"T","C","PGM",0.5,"red"
"1610",161388413,"C","A","PGM",0.5,"red"
"1611",161388960,"C","T","PGM",0.5,"red"
"1612",161479745,"A","G","PGM",0.5,"red"
"1613",161492587,"C","T","PGM",0.5,"red"
"1614",161500130,"G","A","PGM",0.5,"red"
"1615",161653708,"G","T","PGM",0.5,"red"
"1616",161673508,"C","T","PGM",0.5,"red"
"1617",161692154,"T","C","PGM",0.5,"red"
"1618",161709317,"C","T","PGM",0.5,"red"
"1619",162013475,"T","C","PGM",0.5,"red"
"1620",162021058,"T","C","PGM",0.5,"red"
"1621",162036479,"G","A","PGM",0.5,"red"
"1622",162039394,"G","T","PGM",0.5,"red"
"1623",162247738,"C","T","PGM",0.5,"red"
"1624",162263754,"C","A","PGM",0.5,"red"
"1625",162443785,"A","G","PGM",0.5,"red"
"1626",162444360,"G","A","PGM",0.5,"red"
"1627",162511529,"A","C","PGM",0.5,"red"
"1628",162537392,"A","G","PGM",0.5,"red"
"1629",162543172,"G","A","PGM",0.5,"red"
"1630",162570375,"A","G","PGM",0.5,"red"
"1631",162590262,"A","G","PGM",0.5,"red"
"1632",162619828,"T","C","PGM",0.5,"red"
"1633",162641516,"G","A","PGM",0.5,"red"
"1634",162654725,"A","G","PGM",0.5,"red"
"1635",162736463,"T","C","PGM",0.5,"red"
"1636",162783073,"C","T","PGM",0.5,"red"
"1637",162825258,"T","C","PGM",0.5,"red"
"1638",162827816,"T","C","PGM",0.5,"red"
"1639",162881307,"T","C","PGM",0.5,"red"
"1640",162883668,"C","A","PGM",0.5,"red"
"1641",162893276,"T","C","PGM",0.5,"red"
"1642",162893500,"G","T","PGM",0.5,"red"
"1643",163033511,"T","C","PGM",0.5,"red"
"1644",163033691,"C","T","PGM",0.5,"red"
"1645",163039777,"C","T","PGM",0.5,"red"
"1646",163040866,"G","T","PGM",0.5,"red"
"1647",163162441,"T","C","PGM",0.5,"red"
"1648",163188476,"A","G","PGM",0.5,"red"
"1649",163272010,"T","C","PGM",0.5,"red"
"1650",163473738,"C","T","PGM",0.5,"red"
"1651",163505727,"0","G","PGM",0.5,"red"
"1652",163586969,"T","C","PGM",0.5,"red"
"1653",163775335,"A","G","PGM",0.5,"red"
"1654",163813734,"C","G","PGM",0.5,"red"
"1655",164125695,"C","T","PGM",0.5,"red"
"1656",164213652,"G","A","PGM",0.5,"red"
"1657",164559536,"G","A","PGM",0.5,"red"
"1658",164573864,"G","A","PGM",0.5,"red"
"1659",164587689,"T","C","PGM",0.5,"red"
"1660",164666253,"G","A","PGM",0.5,"red"
"1661",164671255,"T","G","PGM",0.5,"red"
"1662",164691787,"A","G","PGM",0.5,"red"
"1663",164695090,"G","T","PGM",0.5,"red"
"1664",164702044,"T","G","PGM",0.5,"red"
"1665",164716168,"C","T","PGM",0.5,"red"
"1666",164746148,"G","A","PGM",0.5,"red"
"1667",164749002,"C","T","PGM",0.5,"red"
"1668",164772640,"C","T","PGM",0.5,"red"
"1669",164786245,"T","G","PGM",0.5,"red"
"1670",164788638,"C","T","PGM",0.5,"red"
"1671",164799811,"G","T","PGM",0.5,"red"
"1672",164955728,"G","A","PGM",0.5,"red"
"1673",165086665,"A","C","PGM",0.5,"red"
"1674",165095279,"C","T","PGM",0.5,"red"
"1675",165250429,"A","G","PGM",0.5,"red"
"1676",165256014,"T","C","PGM",0.5,"red"
"1677",165256640,"G","T","PGM",0.5,"red"
"1678",165430874,"A","C","PGM",0.5,"red"
"1679",165625023,"G","T","PGM",0.5,"red"
"1680",165644865,"T","C","PGM",0.5,"red"
"1681",165897797,"C","T","PGM",0.5,"red"
"1682",165906819,"T","G","PGM",0.5,"red"
"1683",165907256,"G","A","PGM",0.5,"red"
"1684",166003309,"A","G","PGM",0.5,"red"
"1685",166010221,"T","C","PGM",0.5,"red"
"1686",166028795,"C","T","PGM",0.5,"red"
"1687",166037909,"T","C","PGM",0.5,"red"
"1688",166169986,"T","C","PGM",0.5,"red"
"1689",166235714,"T","C","PGM",0.5,"red"
"1690",166493556,"A","C","PGM",0.5,"red"
"1691",166656798,"T","C","PGM",0.5,"red"
"1692",166782438,"C","T","PGM",0.5,"red"
"1693",166997021,"C","T","PGM",0.5,"red"
"1694",167045333,"A","G","PGM",0.5,"red"
"1695",167051092,"C","A","PGM",0.5,"red"
"1696",167251016,"A","G","PGM",0.5,"red"
"1697",167463906,"T","C","PGM",0.5,"red"
"1698",167463916,"A","C","PGM",0.5,"red"
"1699",168336393,"A","C","PGM",0.5,"red"
"1700",168336623,"C","A","PGM",0.5,"red"
"1701",168338962,"A","C","PGM",0.5,"red"
"1702",168372337,"C","G","PGM",0.5,"red"
"1703",168381150,"A","G","PGM",0.5,"red"
"1704",168389917,"G","A","PGM",0.5,"red"
"1705",168412113,"T","C","PGM",0.5,"red"
"1706",168618641,"G","A","PGM",0.5,"red"
"1707",168624767,"C","T","PGM",0.5,"red"
"1708",168625843,"A","G","PGM",0.5,"red"
"1709",168662352,"A","G","PGM",0.5,"red"
"1710",168695027,"A","G","PGM",0.5,"red"
"1711",168695609,"A","G","PGM",0.5,"red"
"1712",168772393,"G","T","PGM",0.5,"red"
"1713",168817001,"T","C","PGM",0.5,"red"
"1714",168837845,"C","T","PGM",0.5,"red"
"1715",168856283,"A","G","PGM",0.5,"red"
"1716",168892181,"T","C","PGM",0.5,"red"
"1717",168907072,"T","C","PGM",0.5,"red"
"1718",168918766,"G","T","PGM",0.5,"red"
"1719",168932500,"G","A","PGM",0.5,"red"
"1720",168994513,"T","C","PGM",0.5,"red"
"1721",169066351,"C","T","PGM",0.5,"red"
"1722",169068156,"A","G","PGM",0.5,"red"
"1723",169070332,"T","C","PGM",0.5,"red"
"1724",169070523,"A","C","PGM",0.5,"red"
"1725",169072731,"G","A","PGM",0.5,"red"
"1726",169073050,"A","C","PGM",0.5,"red"
"1727",169078572,"C","T","PGM",0.5,"red"
"1728",169129151,"T","C","PGM",0.5,"red"
"1729",169136833,"T","C","PGM",0.5,"red"
"1730",169176590,"T","C","PGM",0.5,"red"
"1731",169255020,"G","T","PGM",0.5,"red"
"1732",169276816,"T","C","PGM",0.5,"red"
"1733",169288770,"T","C","PGM",0.5,"red"
"1734",169291205,"G","A","PGM",0.5,"red"
"1735",169333826,"A","G","PGM",0.5,"red"
"1736",169527856,"T","C","PGM",0.5,"red"
"1737",169528580,"C","T","PGM",0.5,"red"
"1738",169529826,"C","A","PGM",0.5,"red"
"1739",169529973,"C","T","PGM",0.5,"red"
"1740",169530586,"T","C","PGM",0.5,"red"
"1741",169539348,"T","G","PGM",0.5,"red"
"1742",169565346,"C","A","PGM",0.5,"red"
"1743",169570848,"G","A","PGM",0.5,"red"
"1744",169599254,"T","C","PGM",0.5,"red"
"1745",169646861,"A","G","PGM",0.5,"red"
"1746",169660781,"A","G","PGM",0.5,"red"
"1747",169665632,"T","C","PGM",0.5,"red"
"1748",169846883,"T","C","PGM",0.5,"red"
"1749",169985796,"A","G","PGM",0.5,"red"
"1750",170067296,"G","A","PGM",0.5,"red"
"1751",170141722,"C","A","PGM",0.5,"red"
"1752",170217002,"G","A","PGM",0.5,"red"
"1753",170290129,"T","C","PGM",0.5,"red"
"1754",170372503,"C","A","PGM",0.5,"red"
"1755",170391041,"T","C","PGM",0.5,"red"
"1756",170519884,"T","C","PGM",0.5,"red"
"1757",170528547,"G","A","PGM",0.5,"red"
"1758",170553442,"T","G","PGM",0.5,"red"
"1759",171007053,"T","C","PGM",0.5,"red"
"1760",171034797,"A","G","PGM",0.5,"red"
"1761",171046434,"A","G","PGM",0.5,"red"
"1762",171050589,"C","T","PGM",0.5,"red"
"1763",171058946,"T","C","PGM",0.5,"red"
"1764",171080615,"G","C","PGM",0.5,"red"
"1765",171249084,"A","C","PGM",0.5,"red"
"1766",171405522,"T","A","PGM",0.5,"red"
"1767",171927696,"C","T","PGM",0.5,"red"
"1768",172039455,"C","T","PGM",0.5,"red"
"1769",172134682,"A","G","PGM",0.5,"red"
"1770",172171850,"A","G","PGM",0.5,"red"
"1771",172467044,"T","C","PGM",0.5,"red"
"1772",172467656,"C","T","PGM",0.5,"red"
"1773",172624226,"G","A","PGM",0.5,"red"
"1774",175283119,"A","G","PGM",0.5,"red"
"1775",175375469,"C","A","PGM",0.5,"red"
"1776",175624557,"A","G","PGM",0.5,"red"
"1777",175647041,"G","A","PGM",0.5,"red"
"1778",175647765,"G","A","PGM",0.5,"red"
"1779",175648464,"C","G","PGM",0.5,"red"
"1780",175657039,"C","T","PGM",0.5,"red"
"1781",175661819,"G","A","PGM",0.5,"red"
"1782",175739003,"C","T","PGM",0.5,"red"
"1783",177271313,"G","A","PGM",0.5,"red"
"1784",177280121,"C","T","PGM",0.5,"red"
"1785",177304312,"C","A","PGM",0.5,"red"
"1786",177413184,"C","T","PGM",0.5,"red"
"1787",177596059,"G","T","PGM",0.5,"red"
"1788",177651210,"A","G","PGM",0.5,"red"
"1789",177723089,"T","C","PGM",0.5,"red"
"1790",177772815,"A","G","PGM",0.5,"red"
"1791",177782904,"T","C","PGM",0.5,"red"
"1792",177784137,"T","C","PGM",0.5,"red"
"1793",177807335,"T","C","PGM",0.5,"red"
"1794",177814914,"G","A","PGM",0.5,"red"
"1795",177843620,"T","G","PGM",0.5,"red"
"1796",177898799,"T","C","PGM",0.5,"red"
"1797",178027683,"T","C","PGM",0.5,"red"
"1798",178028711,"C","T","PGM",0.5,"red"
"1799",178039670,"T","C","PGM",0.5,"red"
"1800",178106710,"T","C","PGM",0.5,"red"
"1801",178146736,"C","T","PGM",0.5,"red"
"1802",178163144,"T","G","PGM",0.5,"red"
"1803",178419417,"A","G","PGM",0.5,"red"
"1804",178454768,"G","A","PGM",0.5,"red"
"1805",178463591,"C","T","PGM",0.5,"red"
"1806",178782625,"A","G","PGM",0.5,"red"
"1807",178924427,"G","T","PGM",0.5,"red"
"1808",178928573,"C","T","PGM",0.5,"red"
"1809",178964604,"G","A","PGM",0.5,"red"
"1810",178974810,"T","C","PGM",0.5,"red"
"1811",179006462,"A","G","PGM",0.5,"red"
"1812",179045500,"A","C","PGM",0.5,"red"
"1813",179054692,"G","T","PGM",0.5,"red"
"1814",179311602,"G","T","PGM",0.5,"red"
"1815",179334984,"G","A","PGM",0.5,"red"
"1816",179339334,"A","G","PGM",0.5,"red"
"1817",179474053,"C","T","PGM",0.5,"red"
"1818",179479803,"A","G","PGM",0.5,"red"
"1819",179520151,"T","C","PGM",0.5,"red"
"1820",179529150,"C","T","PGM",0.5,"red"
"1821",179587050,"C","A","PGM",0.5,"red"
"1822",179640079,"A","G","PGM",0.5,"red"
"1823",179659325,"T","G","PGM",0.5,"red"
"1824",179813613,"C","T","PGM",0.5,"red"
"1825",179817654,"G","A","PGM",0.5,"red"
"1826",179847402,"G","T","PGM",0.5,"red"
"1827",179852074,"T","C","PGM",0.5,"red"
"1828",179861079,"C","T","PGM",0.5,"red"
"1829",179887788,"C","T","PGM",0.5,"red"
"1830",179900199,"C","A","PGM",0.5,"red"
"1831",179911891,"A","G","PGM",0.5,"red"
"1832",179987991,"T","C","PGM",0.5,"red"
"1833",180080115,"T","G","PGM",0.5,"red"
"1834",180085620,"A","G","PGM",0.5,"red"
"1835",180089858,"G","A","PGM",0.5,"red"
"1836",180095348,"C","A","PGM",0.5,"red"
"1837",180103851,"A","C","PGM",0.5,"red"
"1838",180114023,"T","C","PGM",0.5,"red"
"1839",180121480,"T","C","PGM",0.5,"red"
"1840",180178695,"T","G","PGM",0.5,"red"
"1841",180213267,"G","C","PGM",0.5,"red"
"1842",180227186,"G","A","PGM",0.5,"red"
"1843",181114794,"G","A","PGM",0.5,"red"
"1844",181147045,"G","A","PGM",0.5,"red"
"1845",181147756,"C","A","PGM",0.5,"red"
"1846",181147914,"A","G","PGM",0.5,"red"
"1847",181149074,"T","G","PGM",0.5,"red"
"1848",181473020,"T","C","PGM",0.5,"red"
"1849",181477525,"C","T","PGM",0.5,"red"
"1850",181483786,"G","A","PGM",0.5,"red"
"1851",181489802,"G","A","PGM",0.5,"red"
"1852",181494858,"G","A","PGM",0.5,"red"
"1853",181499238,"G","A","PGM",0.5,"red"
"1854",181503903,"T","C","PGM",0.5,"red"
"1855",181517638,"A","G","PGM",0.5,"red"
"1856",181519521,"A","G","PGM",0.5,"red"
"1857",181525766,"A","G","PGM",0.5,"red"
"1858",181787784,"0","A","PGM",0.5,"red"
"1859",182579035,"C","T","PGM",0.5,"red"
"1860",182624683,"A","C","PGM",0.5,"red"
"1861",182626738,"A","C","PGM",0.5,"red"
"1862",183765059,"C","T","PGM",0.5,"red"
"1863",183765806,"T","C","PGM",0.5,"red"
"1864",183781820,"G","A","PGM",0.5,"red"
"1865",183788570,"A","G","PGM",0.5,"red"
"1866",183886016,"A","G","PGM",0.5,"red"
"1867",183905073,"C","T","PGM",0.5,"red"
"1868",183907291,"G","A","PGM",0.5,"red"
"1869",183912784,"A","G","PGM",0.5,"red"
"1870",184287575,"C","T","PGM",0.5,"red"
"1871",184294167,"T","C","PGM",0.5,"red"
"1872",184324403,"C","T","PGM",0.5,"red"
"1873",185045003,"C","T","PGM",0.5,"red"
"1874",185497093,"A","T","PGM",0.5,"red"
"1875",185520600,"G","A","PGM",0.5,"red"
"1876",185522220,"T","C","PGM",0.5,"red"
"1877",185527738,"C","T","PGM",0.5,"red"
"1878",185533785,"T","C","PGM",0.5,"red"
"1879",185543344,"C","T","PGM",0.5,"red"
"1880",185545130,"T","G","PGM",0.5,"red"
"1881",185554904,"C","T","PGM",0.5,"red"
"1882",185618884,"G","A","PGM",0.5,"red"
"1883",185951134,"C","T","PGM",0.5,"red"
"1884",186036527,"G","A","PGM",0.5,"red"
"1885",186139951,"A","G","PGM",0.5,"red"
"1886",186179396,"C","T","PGM",0.5,"red"
"1887",186528392,"T","C","PGM",0.5,"red"
"1888",186557453,"A","G","PGM",0.5,"red"
"1889",186581005,"G","A","PGM",0.5,"red"
"1890",187443751,"G","A","PGM",0.5,"red"
"1891",187461719,"T","C","PGM",0.5,"red"
"1892",187476678,"G","A","PGM",0.5,"red"
"1893",187500338,"C","T","PGM",0.5,"red"
"1894",187832346,"T","C","PGM",0.5,"red"
"1895",188616743,"T","C","PGM",0.5,"red"
"1896",188617210,"C","A","PGM",0.5,"red"
"1897",188620942,"C","T","PGM",0.5,"red"
"1898",188671252,"G","A","PGM",0.5,"red"
"1899",188677169,"T","C","PGM",0.5,"red"
"1900",188787390,"G","T","PGM",0.5,"red"
"1901",188901145,"A","G","PGM",0.5,"red"
"1902",189147126,"A","G","PGM",0.5,"red"
"1903",189354212,"C","T","PGM",0.5,"red"
"1904",189551970,"C","T","PGM",0.5,"red"
"1905",189662859,"G","A","PGM",0.5,"red"
"1906",189855850,"A","G","PGM",0.5,"red"
"1907",190004990,"T","C","PGM",0.5,"red"
"1908",190005340,"C","T","PGM",0.5,"red"
"1909",190073382,"G","A","PGM",0.5,"red"
"1910",190086179,"A","G","PGM",0.5,"red"
"1911",190096421,"G","A","PGM",0.5,"red"
"1912",190099416,"A","G","PGM",0.5,"red"
"1913",190102031,"T","C","PGM",0.5,"red"
"1914",190107648,"A","G","PGM",0.5,"red"
"1915",190213532,"C","T","PGM",0.5,"red"
"1916",190385714,"T","C","PGM",0.5,"red"
"1917",190442971,"A","G","PGM",0.5,"red"
"1918",190503966,"C","T","PGM",0.5,"red"
"1919",190514183,"C","T","PGM",0.5,"red"
"1920",190533700,"G","A","PGM",0.5,"red"
"1921",190567035,"T","C","PGM",0.5,"red"
"1922",190608808,"A","G","PGM",0.5,"red"
"1923",191302417,"A","G","PGM",0.5,"red"
"1924",191362050,"T","C","PGM",0.5,"red"
"1925",191868313,"A","G","PGM",0.5,"red"
"1926",191923076,"C","T","PGM",0.5,"red"
"1927",191932822,"A","G","PGM",0.5,"red"
"1928",191934144,"G","A","PGM",0.5,"red"
"1929",191962527,"A","G","PGM",0.5,"red"
"1930",191983048,"A","G","PGM",0.5,"red"
"1931",192012070,"T","C","PGM",0.5,"red"
"1932",192033140,"T","C","PGM",0.5,"red"
"1933",192085298,"T","G","PGM",0.5,"red"
"1934",192170415,"T","C","PGM",0.5,"red"
"1935",192324175,"A","G","PGM",0.5,"red"
"1936",192556309,"0","A","PGM",0.5,"red"
"1937",192567674,"T","C","PGM",0.5,"red"
"1938",193054154,"G","A","PGM",0.5,"red"
"1939",193592394,"A","G","PGM",0.5,"red"
"1940",193625233,"G","C","PGM",0.5,"red"
"1941",193630577,"G","A","PGM",0.5,"red"
"1942",193702204,"C","T","PGM",0.5,"red"
"1943",193702274,"T","C","PGM",0.5,"red"
"1944",193709733,"T","C","PGM",0.5,"red"
"1945",193711172,"C","A","PGM",0.5,"red"
"1946",193721143,"G","T","PGM",0.5,"red"
"1947",193733125,"T","C","PGM",0.5,"red"
"1948",193749837,"C","T","PGM",0.5,"red"
"1949",193757853,"C","T","PGM",0.5,"red"
"1950",193764013,"G","A","PGM",0.5,"red"
"1951",193771311,"G","C","PGM",0.5,"red"
"1952",194783613,"G","A","PGM",0.5,"red"
"1953",194810589,"A","G","PGM",0.5,"red"
"1954",195019104,"C","T","PGM",0.5,"red"
"1955",195053488,"G","A","PGM",0.5,"red"
"1956",195569614,"C","T","PGM",0.5,"red"
"1957",195598014,"A","G","PGM",0.5,"red"
"1958",195938859,"G","T","PGM",0.5,"red"
"1959",197365105,"T","C","PGM",0.5,"red"
"1960",197406762,"A","G","PGM",0.5,"red"
"1961",197438606,"G","T","PGM",0.5,"red"
"1962",197938330,"T","C","PGM",0.5,"red"
"1963",197976444,"A","G","PGM",0.5,"red"
"1964",197977954,"A","G","PGM",0.5,"red"
"1965",197993448,"G","C","PGM",0.5,"red"
"1966",197998163,"C","A","PGM",0.5,"red"
"1967",198000253,"A","G","PGM",0.5,"red"
"1968",198503339,"G","T","PGM",0.5,"red"
"1969",198634625,"T","C","PGM",0.5,"red"
"1970",198974065,"A","G","PGM",0.5,"red"
"1971",199240239,"A","G","PGM",0.5,"red"
"1972",199315719,"G","A","PGM",0.5,"red"
"1973",199347080,"A","G","PGM",0.5,"red"
"1974",199354034,"C","T","PGM",0.5,"red"
"1975",199424523,"C","T","PGM",0.5,"red"
"1976",199434760,"G","T","PGM",0.5,"red"
"1977",199442312,"G","A","PGM",0.5,"red"
"1978",199457527,"A","G","PGM",0.5,"red"
"1979",199474027,"T","C","PGM",0.5,"red"
"1980",199519488,"T","C","PGM",0.5,"red"
"1981",199531025,"A","G","PGM",0.5,"red"
"1982",199647174,"T","G","PGM",0.5,"red"
"1983",199910916,"C","A","PGM",0.5,"red"
"1984",200090120,"G","A","PGM",0.5,"red"
"1985",200104370,"C","T","PGM",0.5,"red"
"1986",200526617,"C","T","PGM",0.5,"red"
"1987",200617533,"G","T","PGM",0.5,"red"
"1988",200863772,"C","T","PGM",0.5,"red"
"1989",200873159,"A","G","PGM",0.5,"red"
"1990",200881940,"C","T","PGM",0.5,"red"
"1991",200901416,"C","A","PGM",0.5,"red"
"1992",200938029,"G","A","PGM",0.5,"red"
"1993",201009011,"C","T","PGM",0.5,"red"
"1994",201020851,"T","C","PGM",0.5,"red"
"1995",201029431,"T","C","PGM",0.5,"red"
"1996",201031307,"A","C","PGM",0.5,"red"
"1997",201071539,"C","T","PGM",0.5,"red"
"1998",201079235,"C","T","PGM",0.5,"red"
"1999",201079344,"G","C","PGM",0.5,"red"
"2000",201100439,"G","A","PGM",0.5,"red"
"2001",201100482,"A","G","PGM",0.5,"red"
"2002",201105488,"G","A","PGM",0.5,"red"
"2003",201105708,"G","A","PGM",0.5,"red"
"2004",201108503,"G","A","PGM",0.5,"red"
"2005",201378488,"G","A","PGM",0.5,"red"
"2006",201388148,"T","C","PGM",0.5,"red"
"2007",201389299,"A","G","PGM",0.5,"red"
"2008",201465944,"G","A","PGM",0.5,"red"
"2009",201572071,"A","G","PGM",0.5,"red"
"2010",202032235,"G","T","PGM",0.5,"red"
"2011",202073147,"C","T","PGM",0.5,"red"
"2012",202106797,"A","G","PGM",0.5,"red"
"2013",202115945,"G","A","PGM",0.5,"red"
"2014",202122783,"C","A","PGM",0.5,"red"
"2015",202233116,"G","A","PGM",0.5,"red"
"2016",202390914,"C","T","PGM",0.5,"red"
"2017",202391743,"C","T","PGM",0.5,"red"
"2018",202595153,"A","G","PGM",0.5,"red"
"2019",202604386,"A","G","PGM",0.5,"red"
"2020",202983294,"G","A","PGM",0.5,"red"
"2021",202986314,"A","G","PGM",0.5,"red"
"2022",202997351,"A","G","PGM",0.5,"red"
"2023",203102632,"G","A","PGM",0.5,"red"
"2024",203119491,"C","T","PGM",0.5,"red"
"2025",203123258,"C","T","PGM",0.5,"red"
"2026",203130671,"G","A","PGM",0.5,"red"
"2027",203133042,"G","A","PGM",0.5,"red"
"2028",203311736,"T","C","PGM",0.5,"red"
"2029",203370193,"G","A","PGM",0.5,"red"
"2030",203372186,"A","G","PGM",0.5,"red"
"2031",203378754,"G","A","PGM",0.5,"red"
"2032",203388521,"G","A","PGM",0.5,"red"
"2033",203395863,"T","G","PGM",0.5,"red"
"2034",203402716,"G","A","PGM",0.5,"red"
"2035",203642721,"G","T","PGM",0.5,"red"
"2036",203675105,"C","T","PGM",0.5,"red"
"2037",203679934,"A","G","PGM",0.5,"red"
"2038",203680492,"A","G","PGM",0.5,"red"
"2039",203689314,"A","G","PGM",0.5,"red"
"2040",203695836,"G","A","PGM",0.5,"red"
"2041",203699716,"C","T","PGM",0.5,"red"
"2042",203766395,"C","T","PGM",0.5,"red"
"2043",203793652,"A","C","PGM",0.5,"red"
"2044",203800426,"G","A","PGM",0.5,"red"
"2045",203831261,"G","A","PGM",0.5,"red"
"2046",203925409,"A","C","PGM",0.5,"red"
"2047",204058458,"G","A","PGM",0.5,"red"
"2048",204076846,"G","T","PGM",0.5,"red"
"2049",204128854,"G","T","PGM",0.5,"red"
"2050",204876966,"T","G","PGM",0.5,"red"
"2051",204877670,"T","G","PGM",0.5,"red"
"2052",204905920,"G","A","PGM",0.5,"red"
"2053",204930143,"C","T","PGM",0.5,"red"
"2054",204943116,"G","A","PGM",0.5,"red"
"2055",204960930,"G","A","PGM",0.5,"red"
"2056",205037676,"G","T","PGM",0.5,"red"
"2057",205040835,"G","A","PGM",0.5,"red"
"2058",205041952,"T","C","PGM",0.5,"red"
"2059",205048383,"C","T","PGM",0.5,"red"
"2060",205052939,"A","G","PGM",0.5,"red"
"2061",205110929,"C","T","PGM",0.5,"red"
"2062",205130413,"G","A","PGM",0.5,"red"
"2063",205139804,"G","A","PGM",0.5,"red"
"2064",205160074,"A","G","PGM",0.5,"red"
"2065",205164650,"G","A","PGM",0.5,"red"
"2066",205209530,"G","A","PGM",0.5,"red"
"2067",205224758,"G","A","PGM",0.5,"red"
"2068",205237137,"C","T","PGM",0.5,"red"
"2069",205244953,"A","G","PGM",0.5,"red"
"2070",205245233,"G","A","PGM",0.5,"red"
"2071",205249450,"G","A","PGM",0.5,"red"
"2072",205269501,"G","A","PGM",0.5,"red"
"2073",205270815,"G","A","PGM",0.5,"red"
"2074",205275972,"A","G","PGM",0.5,"red"
"2075",205276025,"A","G","PGM",0.5,"red"
"2076",205456128,"C","A","PGM",0.5,"red"
"2077",205461250,"C","T","PGM",0.5,"red"
"2078",205464991,"A","G","PGM",0.5,"red"
"2079",205468612,"G","A","PGM",0.5,"red"
"2080",205543862,"A","G","PGM",0.5,"red"
"2081",205550898,"A","G","PGM",0.5,"red"
"2082",205563162,"T","C","PGM",0.5,"red"
"2083",205564044,"A","G","PGM",0.5,"red"
"2084",205568213,"C","T","PGM",0.5,"red"
"2085",205580316,"T","C","PGM",0.5,"red"
"2086",205588637,"C","T","PGM",0.5,"red"
"2087",205596870,"T","C","PGM",0.5,"red"
"2088",205609410,"A","G","PGM",0.5,"red"
"2089",206595069,"T","C","PGM",0.5,"red"
"2090",206708725,"C","T","PGM",0.5,"red"
"2091",206709535,"G","T","PGM",0.5,"red"
"2092",206720207,"A","G","PGM",0.5,"red"
"2093",206738586,"G","A","PGM",0.5,"red"
"2094",206744191,"T","C","PGM",0.5,"red"
"2095",206748424,"T","C","PGM",0.5,"red"
"2096",206775390,"G","A","PGM",0.5,"red"
"2097",206939904,"G","A","PGM",0.5,"red"
"2098",206943968,"C","A","PGM",0.5,"red"
"2099",206957092,"A","C","PGM",0.5,"red"
"2100",207289436,"A","G","PGM",0.5,"red"
"2101",207293496,"G","A","PGM",0.5,"red"
"2102",207296448,"G","A","PGM",0.5,"red"
"2103",207681685,"C","T","PGM",0.5,"red"
"2104",207684519,"A","G","PGM",0.5,"red"
"2105",207747984,"A","G","PGM",0.5,"red"
"2106",207748793,"A","G","PGM",0.5,"red"
"2107",207757515,"A","G","PGM",0.5,"red"
"2108",207762358,"G","A","PGM",0.5,"red"
"2109",207762674,"G","A","PGM",0.5,"red"
"2110",207772154,"T","C","PGM",0.5,"red"
"2111",207781995,"A","G","PGM",0.5,"red"
"2112",207789269,"G","A","PGM",0.5,"red"
"2113",207789471,"C","T","PGM",0.5,"red"
"2114",207841934,"T","C","PGM",0.5,"red"
"2115",208323140,"T","G","PGM",0.5,"red"
"2116",208375738,"T","C","PGM",0.5,"red"
"2117",208376078,"G","T","PGM",0.5,"red"
"2118",208382156,"C","T","PGM",0.5,"red"
"2119",208390469,"C","T","PGM",0.5,"red"
"2120",208393548,"C","A","PGM",0.5,"red"
"2121",208505326,"C","T","PGM",0.5,"red"
"2122",208520568,"G","A","PGM",0.5,"red"
"2123",208527191,"G","A","PGM",0.5,"red"
"2124",208529031,"G","A","PGM",0.5,"red"
"2125",208558547,"T","C","PGM",0.5,"red"
"2126",208590432,"G","A","PGM",0.5,"red"
"2127",208623475,"T","G","PGM",0.5,"red"
"2128",208761593,"T","C","PGM",0.5,"red"
"2129",208804925,"T","G","PGM",0.5,"red"
"2130",208806940,"T","C","PGM",0.5,"red"
"2131",208996828,"C","T","PGM",0.5,"red"
"2132",208998375,"G","A","PGM",0.5,"red"
"2133",209064416,"G","A","PGM",0.5,"red"
"2134",209079535,"C","T","PGM",0.5,"red"
"2135",209723420,"G","T","PGM",0.5,"red"
"2136",209736577,"C","T","PGM",0.5,"red"
"2137",209741946,"T","C","PGM",0.5,"red"
"2138",209968684,"A","C","PGM",0.5,"red"
"2139",209977111,"G","A","PGM",0.5,"red"
"2140",209989270,"G","A","PGM",0.5,"red"
"2141",210311800,"T","C","PGM",0.5,"red"
"2142",210312760,"G","A","PGM",0.5,"red"
"2143",210331585,"C","T","PGM",0.5,"red"
"2144",210386892,"C","T","PGM",0.5,"red"
"2145",210397552,"T","C","PGM",0.5,"red"
"2146",210421631,"A","C","PGM",0.5,"red"
"2147",210436110,"G","A","PGM",0.5,"red"
"2148",210443546,"C","T","PGM",0.5,"red"
"2149",210461311,"G","A","PGM",0.5,"red"
"2150",210475254,"G","A","PGM",0.5,"red"
"2151",210494973,"A","G","PGM",0.5,"red"
"2152",210500594,"G","A","PGM",0.5,"red"
"2153",210528907,"A","G","PGM",0.5,"red"
"2154",210536025,"C","T","PGM",0.5,"red"
"2155",210607991,"C","T","PGM",0.5,"red"
"2156",210665583,"C","T","PGM",0.5,"red"
"2157",210674209,"C","T","PGM",0.5,"red"
"2158",210679612,"G","A","PGM",0.5,"red"
"2159",210688180,"G","T","PGM",0.5,"red"
"2160",210694001,"G","T","PGM",0.5,"red"
"2161",210775113,"A","C","PGM",0.5,"red"
"2162",211038333,"G","T","PGM",0.5,"red"
"2163",211081403,"A","G","PGM",0.5,"red"
"2164",211085683,"C","T","PGM",0.5,"red"
"2165",211135613,"A","G","PGM",0.5,"red"
"2166",211201592,"G","A","PGM",0.5,"red"
"2167",211202705,"G","A","PGM",0.5,"red"
"2168",211340355,"G","A","PGM",0.5,"red"
"2169",211351594,"T","C","PGM",0.5,"red"
"2170",211357154,"T","C","PGM",0.5,"red"
"2171",211718203,"T","C","PGM",0.5,"red"
"2172",211723157,"T","C","PGM",0.5,"red"
"2173",211835786,"G","A","PGM",0.5,"red"
"2174",211922355,"C","T","PGM",0.5,"red"
"2175",212079778,"A","G","PGM",0.5,"red"
"2176",212332294,"T","C","PGM",0.5,"red"
"2177",212379399,"G","A","PGM",0.5,"red"
"2178",212610755,"T","C","PGM",0.5,"red"
"2179",212619339,"T","C","PGM",0.5,"red"
"2180",212620938,"A","G","PGM",0.5,"red"
"2181",212634583,"A","G","PGM",0.5,"red"
"2182",212764085,"A","G","PGM",0.5,"red"
"2183",212767840,"T","C","PGM",0.5,"red"
"2184",212771881,"A","C","PGM",0.5,"red"
"2185",212776328,"C","T","PGM",0.5,"red"
"2186",212778286,"G","A","PGM",0.5,"red"
"2187",212841934,"T","C","PGM",0.5,"red"
"2188",212845034,"A","G","PGM",0.5,"red"
"2189",212866530,"C","A","PGM",0.5,"red"
"2190",212985840,"G","A","PGM",0.5,"red"
"2191",213038375,"A","G","PGM",0.5,"red"
"2192",213069783,"G","A","PGM",0.5,"red"
"2193",213080601,"T","C","PGM",0.5,"red"
"2194",213094034,"A","G","PGM",0.5,"red"
"2195",213096114,"C","A","PGM",0.5,"red"
"2196",213097217,"C","A","PGM",0.5,"red"
"2197",213628615,"G","A","PGM",0.5,"red"
"2198",213961900,"G","A","PGM",0.5,"red"
"2199",213966887,"T","C","PGM",0.5,"red"
"2200",213967677,"C","T","PGM",0.5,"red"
"2201",214021214,"C","A","PGM",0.5,"red"
"2202",214023872,"T","G","PGM",0.5,"red"
"2203",214414728,"A","G","PGM",0.5,"red"
"2204",214420058,"C","T","PGM",0.5,"red"
"2205",214443493,"A","C","PGM",0.5,"red"
"2206",214576482,"C","T","PGM",0.5,"red"
"2207",214842590,"C","T","PGM",0.5,"red"
"2208",214888381,"T","C","PGM",0.5,"red"
"2209",214941018,"G","T","PGM",0.5,"red"
"2210",214950361,"A","G","PGM",0.5,"red"
"2211",215024396,"C","T","PGM",0.5,"red"
"2212",215031151,"T","C","PGM",0.5,"red"
"2213",215034909,"T","C","PGM",0.5,"red"
"2214",215068688,"C","T","PGM",0.5,"red"
"2215",215113661,"G","A","PGM",0.5,"red"
"2216",215124414,"A","G","PGM",0.5,"red"
"2217",215863578,"G","A","PGM",0.5,"red"
"2218",215880177,"G","A","PGM",0.5,"red"
"2219",215893303,"A","G","PGM",0.5,"red"
"2220",215893818,"G","A","PGM",0.5,"red"
"2221",215897099,"T","G","PGM",0.5,"red"
"2222",215901492,"C","T","PGM",0.5,"red"
"2223",215904873,"A","G","PGM",0.5,"red"
"2224",215921679,"T","C","PGM",0.5,"red"
"2225",215928321,"T","C","PGM",0.5,"red"
"2226",215928483,"T","C","PGM",0.5,"red"
"2227",215929795,"G","A","PGM",0.5,"red"
"2228",215931928,"T","A","PGM",0.5,"red"
"2229",215933460,"T","C","PGM",0.5,"red"
"2230",215935660,"T","C","PGM",0.5,"red"
"2231",215936900,"G","A","PGM",0.5,"red"
"2232",215963374,"G","A","PGM",0.5,"red"
"2233",216160633,"C","T","PGM",0.5,"red"
"2234",216179808,"A","G","PGM",0.5,"red"
"2235",216188698,"T","G","PGM",0.5,"red"
"2236",216199599,"G","T","PGM",0.5,"red"
"2237",216206768,"G","A","PGM",0.5,"red"
"2238",216219781,"G","A","PGM",0.5,"red"
"2239",216236311,"T","C","PGM",0.5,"red"
"2240",216657259,"G","T","PGM",0.5,"red"
"2241",216657848,"0","A","PGM",0.5,"red"
"2242",216665455,"A","G","PGM",0.5,"red"
"2243",216674316,"T","A","PGM",0.5,"red"
"2244",216729267,"A","G","PGM",0.5,"red"
"2245",216836576,"A","G","PGM",0.5,"red"
"2246",216844423,"T","C","PGM",0.5,"red"
"2247",216877492,"C","A","PGM",0.5,"red"
"2248",216905611,"C","T","PGM",0.5,"red"
"2249",216913261,"A","G","PGM",0.5,"red"
"2250",216919617,"A","G","PGM",0.5,"red"
"2251",216922364,"A","G","PGM",0.5,"red"
"2252",216942781,"A","C","PGM",0.5,"red"
"2253",217084292,"C","T","PGM",0.5,"red"
"2254",217102061,"A","G","PGM",0.5,"red"
"2255",217104778,"T","G","PGM",0.5,"red"
"2256",217108951,"A","G","PGM",0.5,"red"
"2257",217190815,"G","T","PGM",0.5,"red"
"2258",217194760,"A","G","PGM",0.5,"red"
"2259",217217013,"A","G","PGM",0.5,"red"
"2260",217227540,"A","G","PGM",0.5,"red"
"2261",217279717,"T","C","PGM",0.5,"red"
"2262",217355319,"T","C","PGM",0.5,"red"
"2263",217356401,"C","T","PGM",0.5,"red"
"2264",217393640,"G","A","PGM",0.5,"red"
"2265",217399399,"G","A","PGM",0.5,"red"
"2266",217403683,"T","G","PGM",0.5,"red"
"2267",217417838,"G","A","PGM",0.5,"red"
"2268",217424810,"T","C","PGM",0.5,"red"
"2269",217429135,"T","C","PGM",0.5,"red"
"2270",217471995,"T","C","PGM",0.5,"red"
"2271",217473967,"A","G","PGM",0.5,"red"
"2272",217493110,"C","A","PGM",0.5,"red"
"2273",217507258,"C","T","PGM",0.5,"red"
"2274",217507450,"A","C","PGM",0.5,"red"
"2275",217958024,"A","G","PGM",0.5,"red"
"2276",218101178,"G","A","PGM",0.5,"red"
"2277",218125630,"T","G","PGM",0.5,"red"
"2278",218146855,"A","G","PGM",0.5,"red"
"2279",218148677,"A","G","PGM",0.5,"red"
"2280",218149826,"A","G","PGM",0.5,"red"
"2281",218156176,"C","A","PGM",0.5,"red"
"2282",218253106,"A","G","PGM",0.5,"red"
"2283",218267766,"C","T","PGM",0.5,"red"
"2284",218268137,"A","C","PGM",0.5,"red"
"2285",218280693,"G","A","PGM",0.5,"red"
"2286",218284122,"C","T","PGM",0.5,"red"
"2287",218362082,"T","C","PGM",0.5,"red"
"2288",218380871,"A","C","PGM",0.5,"red"
"2289",218393022,"A","G","PGM",0.5,"red"
"2290",218492121,"C","T","PGM",0.5,"red"
"2291",218524632,"G","A","PGM",0.5,"red"
"2292",218556297,"C","T","PGM",0.5,"red"
"2293",218558327,"A","C","PGM",0.5,"red"
"2294",218558588,"A","G","PGM",0.5,"red"
"2295",218596461,"A","G","PGM",0.5,"red"
"2296",218598410,"G","T","PGM",0.5,"red"
"2297",218598469,"A","T","PGM",0.5,"red"
"2298",218604678,"G","A","PGM",0.5,"red"
"2299",218604709,"C","T","PGM",0.5,"red"
"2300",218609702,"A","G","PGM",0.5,"red"
"2301",218622319,"G","A","PGM",0.5,"red"
"2302",218632368,"C","A","PGM",0.5,"red"
"2303",218748958,"G","A","PGM",0.5,"red"
"2304",218758712,"G","A","PGM",0.5,"red"
"2305",218761681,"C","T","PGM",0.5,"red"
"2306",218827855,"C","T","PGM",0.5,"red"
"2307",218832257,"C","T","PGM",0.5,"red"
"2308",218893849,"A","G","PGM",0.5,"red"
"2309",218920738,"A","G","PGM",0.5,"red"
"2310",218975475,"G","A","PGM",0.5,"red"
"2311",218988754,"T","C","PGM",0.5,"red"
"2312",219001663,"T","C","PGM",0.5,"red"
"2313",219009835,"G","A","PGM",0.5,"red"
"2314",219040605,"C","T","PGM",0.5,"red"
"2315",219062526,"G","A","PGM",0.5,"red"
"2316",219071000,"A","G","PGM",0.5,"red"
"2317",219072116,"G","A","PGM",0.5,"red"
"2318",219104226,"0","T","PGM",0.5,"red"
"2319",219125623,"T","C","PGM",0.5,"red"
"2320",219486485,"G","T","PGM",0.5,"red"
"2321",219490301,"C","T","PGM",0.5,"red"
"2322",219590047,"G","A","PGM",0.5,"red"
"2323",219619465,"G","A","PGM",0.5,"red"
"2324",219619538,"A","G","PGM",0.5,"red"
"2325",219742768,"A","G","PGM",0.5,"red"
"2326",219751388,"A","G","PGM",0.5,"red"
"2327",219805224,"A","C","PGM",0.5,"red"
"2328",219842739,"G","A","PGM",0.5,"red"
"2329",219938201,"C","T","PGM",0.5,"red"
"2330",220187143,"G","A","PGM",0.5,"red"
"2331",220489544,"T","C","PGM",0.5,"red"
"2332",220535456,"C","T","PGM",0.5,"red"
"2333",220613513,"C","T","PGM",0.5,"red"
"2334",220658234,"C","T","PGM",0.5,"red"
"2335",220658704,"C","A","PGM",0.5,"red"
"2336",220974174,"C","T","PGM",0.5,"red"
"2337",220974218,"A","G","PGM",0.5,"red"
"2338",220974391,"C","A","PGM",0.5,"red"
"2339",221126914,"A","G","PGM",0.5,"red"
"2340",221129355,"G","A","PGM",0.5,"red"
"2341",221136672,"C","T","PGM",0.5,"red"
"2342",221927143,"T","C","PGM",0.5,"red"
"2343",222245258,"G","A","PGM",0.5,"red"
"2344",222270724,"T","C","PGM",0.5,"red"
"2345",222271325,"C","T","PGM",0.5,"red"
"2346",222271767,"T","C","PGM",0.5,"red"
"2347",222280229,"C","A","PGM",0.5,"red"
"2348",222358676,"T","C","PGM",0.5,"red"
"2349",222362840,"G","A","PGM",0.5,"red"
"2350",222426667,"A","G","PGM",0.5,"red"
"2351",222437868,"C","T","PGM",0.5,"red"
"2352",222472825,"T","G","PGM",0.5,"red"
"2353",222484745,"C","T","PGM",0.5,"red"
"2354",222513180,"C","T","PGM",0.5,"red"
"2355",222553902,"G","T","PGM",0.5,"red"
"2356",222617706,"G","A","PGM",0.5,"red"
"2357",222619902,"T","C","PGM",0.5,"red"
"2358",222982059,"T","C","PGM",0.5,"red"
"2359",222986816,"C","T","PGM",0.5,"red"
"2360",223096578,"A","G","PGM",0.5,"red"
"2361",223104829,"A","G","PGM",0.5,"red"
"2362",223116472,"G","A","PGM",0.5,"red"
"2363",223123348,"G","A","PGM",0.5,"red"
"2364",223124916,"T","G","PGM",0.5,"red"
"2365",223130319,"G","A","PGM",0.5,"red"
"2366",223141268,"C","T","PGM",0.5,"red"
"2367",223148727,"C","T","PGM",0.5,"red"
"2368",223159380,"A","G","PGM",0.5,"red"
"2369",223162746,"A","G","PGM",0.5,"red"
"2370",223180844,"C","T","PGM",0.5,"red"
"2371",223184459,"T","G","PGM",0.5,"red"
"2372",223310048,"G","A","PGM",0.5,"red"
"2373",223551284,"T","C","PGM",0.5,"red"
"2374",223639469,"G","A","PGM",0.5,"red"
"2375",223649032,"A","G","PGM",0.5,"red"
"2376",223649878,"T","C","PGM",0.5,"red"
"2377",223695145,"G","A","PGM",0.5,"red"
"2378",223832277,"A","G","PGM",0.5,"red"
"2379",223839376,"A","C","PGM",0.5,"red"
"2380",223850733,"G","A","PGM",0.5,"red"
"2381",223859188,"G","A","PGM",0.5,"red"
"2382",223872051,"T","C","PGM",0.5,"red"
"2383",223905532,"A","G","PGM",0.5,"red"
"2384",223906421,"G","A","PGM",0.5,"red"
"2385",223924236,"T","G","PGM",0.5,"red"
"2386",223938818,"G","A","PGM",0.5,"red"
"2387",223953470,"G","A","PGM",0.5,"red"
"2388",223958547,"A","G","PGM",0.5,"red"
"2389",223960536,"A","G","PGM",0.5,"red"
"2390",223962929,"G","A","PGM",0.5,"red"
"2391",223979244,"C","T","PGM",0.5,"red"
"2392",224026137,"T","C","PGM",0.5,"red"
"2393",224287634,"T","C","PGM",0.5,"red"
"2394",225061429,"G","A","PGM",0.5,"red"
"2395",225679697,"G","A","PGM",0.5,"red"
"2396",225853826,"T","G","PGM",0.5,"red"
"2397",225859141,"T","G","PGM",0.5,"red"
"2398",225941944,"C","T","PGM",0.5,"red"
"2399",225973777,"C","T","PGM",0.5,"red"
"2400",226192279,"G","A","PGM",0.5,"red"
"2401",226285575,"A","C","PGM",0.5,"red"
"2402",226544420,"C","T","PGM",0.5,"red"
"2403",226550191,"C","T","PGM",0.5,"red"
"2404",226564691,"C","T","PGM",0.5,"red"
"2405",226576296,"G","A","PGM",0.5,"red"
"2406",226612949,"G","A","PGM",0.5,"red"
"2407",226624910,"A","G","PGM",0.5,"red"
"2408",226629656,"G","A","PGM",0.5,"red"
"2409",226636060,"T","G","PGM",0.5,"red"
"2410",226665284,"A","G","PGM",0.5,"red"
"2411",226670999,"C","T","PGM",0.5,"red"
"2412",226677818,"A","G","PGM",0.5,"red"
"2413",226694739,"C","T","PGM",0.5,"red"
"2414",226704542,"C","T","PGM",0.5,"red"
"2415",226708481,"C","T","PGM",0.5,"red"
"2416",226729492,"C","A","PGM",0.5,"red"
"2417",226763678,"A","G","PGM",0.5,"red"
"2418",226784188,"C","T","PGM",0.5,"red"
"2419",226790621,"C","T","PGM",0.5,"red"
"2420",226794525,"G","A","PGM",0.5,"red"
"2421",226917898,"G","A","PGM",0.5,"red"
"2422",226928864,"A","G","PGM",0.5,"red"
"2423",226933722,"A","G","PGM",0.5,"red"
"2424",226960025,"C","T","PGM",0.5,"red"
"2425",226972422,"A","G","PGM",0.5,"red"
"2426",226983063,"A","G","PGM",0.5,"red"
"2427",227067656,"G","A","PGM",0.5,"red"
"2428",227090500,"A","G","PGM",0.5,"red"
"2429",227098588,"A","G","PGM",0.5,"red"
"2430",227103413,"A","G","PGM",0.5,"red"
"2431",227107625,"C","G","PGM",0.5,"red"
"2432",227558822,"G","A","PGM",0.5,"red"
"2433",227566134,"G","T","PGM",0.5,"red"
"2434",227603016,"C","T","PGM",0.5,"red"
"2435",227622222,"T","C","PGM",0.5,"red"
"2436",227750413,"G","A","PGM",0.5,"red"
"2437",228106921,"G","A","PGM",0.5,"red"
"2438",228149816,"T","C","PGM",0.5,"red"
"2439",228174528,"T","C","PGM",0.5,"red"
"2440",228204326,"G","A","PGM",0.5,"red"
"2441",228227477,"A","C","PGM",0.5,"red"
"2442",228559994,"C","T","PGM",0.5,"red"
"2443",228924938,"T","C","PGM",0.5,"red"
"2444",228927898,"A","G","PGM",0.5,"red"
"2445",228937821,"C","T","PGM",0.5,"red"
"2446",228939870,"C","T","PGM",0.5,"red"
"2447",228949608,"A","C","PGM",0.5,"red"
"2448",228970036,"A","C","PGM",0.5,"red"
"2449",228989201,"C","T","PGM",0.5,"red"
"2450",228997835,"T","G","PGM",0.5,"red"
"2451",229112223,"C","T","PGM",0.5,"red"
"2452",229124114,"T","G","PGM",0.5,"red"
"2453",229137459,"T","G","PGM",0.5,"red"
"2454",229141933,"G","A","PGM",0.5,"red"
"2455",229144461,"G","A","PGM",0.5,"red"
"2456",229149737,"G","A","PGM",0.5,"red"
"2457",229230304,"T","C","PGM",0.5,"red"
"2458",229230805,"C","T","PGM",0.5,"red"
"2459",229241587,"A","G","PGM",0.5,"red"
"2460",229258937,"T","C","PGM",0.5,"red"
"2461",229281204,"C","T","PGM",0.5,"red"
"2462",229291651,"T","G","PGM",0.5,"red"
"2463",229302836,"A","G","PGM",0.5,"red"
"2464",229305602,"C","T","PGM",0.5,"red"
"2465",229316554,"C","T","PGM",0.5,"red"
"2466",229319552,"A","G","PGM",0.5,"red"
"2467",229431916,"T","C","PGM",0.5,"red"
"2468",229464621,"G","A","PGM",0.5,"red"
"2469",229566362,"A","G","PGM",0.5,"red"
"2470",229619516,"T","C","PGM",0.5,"red"
"2471",229666990,"C","T","PGM",0.5,"red"
"2472",229738236,"A","G","PGM",0.5,"red"
"2473",229793082,"C","T","PGM",0.5,"red"
"2474",229795070,"T","G","PGM",0.5,"red"
"2475",229798874,"C","T","PGM",0.5,"red"
"2476",229803654,"C","T","PGM",0.5,"red"
"2477",229850656,"C","T","PGM",0.5,"red"
"2478",229874672,"A","G","PGM",0.5,"red"
"2479",229984950,"G","A","PGM",0.5,"red"
"2480",230228980,"T","G","PGM",0.5,"red"
"2481",230251823,"A","G","PGM",0.5,"red"
"2482",230263844,"C","T","PGM",0.5,"red"
"2483",230272063,"C","T","PGM",0.5,"red"
"2484",230410162,"C","T","PGM",0.5,"red"
"2485",230421722,"G","A","PGM",0.5,"red"
"2486",230436577,"A","G","PGM",0.5,"red"
"2487",230575433,"A","C","PGM",0.5,"red"
"2488",230621314,"T","C","PGM",0.5,"red"
"2489",230885713,"A","G","PGM",0.5,"red"
"2490",230889449,"A","G","PGM",0.5,"red"
"2491",230928351,"C","T","PGM",0.5,"red"
"2492",230929310,"G","A","PGM",0.5,"red"
"2493",231156029,"A","G","PGM",0.5,"red"
"2494",231189818,"A","G","PGM",0.5,"red"
"2495",231195342,"G","T","PGM",0.5,"red"
"2496",231911976,"C","T","PGM",0.5,"red"
"2497",231954682,"C","T","PGM",0.5,"red"
"2498",231982597,"T","C","PGM",0.5,"red"
"2499",232051185,"T","G","PGM",0.5,"red"
"2500",232055249,"A","G","PGM",0.5,"red"
"2501",232059805,"T","G","PGM",0.5,"red"
"2502",232067057,"T","G","PGM",0.5,"red"
"2503",232073128,"A","G","PGM",0.5,"red"
"2504",232200012,"T","C","PGM",0.5,"red"
"2505",232418458,"T","G","PGM",0.5,"red"
"2506",232692293,"G","A","PGM",0.5,"red"
"2507",232724509,"A","C","PGM",0.5,"red"
"2508",232727151,"C","T","PGM",0.5,"red"
"2509",232731841,"G","A","PGM",0.5,"red"
"2510",232735234,"G","A","PGM",0.5,"red"
"2511",232751245,"C","A","PGM",0.5,"red"
"2512",232768148,"G","A","PGM",0.5,"red"
"2513",232779187,"C","T","PGM",0.5,"red"
"2514",232783851,"C","A","PGM",0.5,"red"
"2515",232785687,"A","G","PGM",0.5,"red"
"2516",232806859,"C","T","PGM",0.5,"red"
"2517",232841914,"C","T","PGM",0.5,"red"
"2518",232876993,"G","A","PGM",0.5,"red"
"2519",232901272,"A","C","PGM",0.5,"red"
"2520",232953612,"A","G","PGM",0.5,"red"
"2521",233148271,"T","C","PGM",0.5,"red"
"2522",233509581,"G","A","PGM",0.5,"red"
"2523",233515413,"G","A","PGM",0.5,"red"
"2524",233619908,"A","G","PGM",0.5,"red"
"2525",233766695,"T","C","PGM",0.5,"red"
"2526",233771619,"T","C","PGM",0.5,"red"
"2527",233815034,"G","A","PGM",0.5,"red"
"2528",233858751,"G","A","PGM",0.5,"red"
"2529",233859026,"T","C","PGM",0.5,"red"
"2530",233967660,"C","G","PGM",0.5,"red"
"2531",233991001,"A","G","PGM",0.5,"red"
"2532",233998067,"T","C","PGM",0.5,"red"
"2533",233999944,"T","G","PGM",0.5,"red"
"2534",234039857,"T","C","PGM",0.5,"red"
"2535",234046681,"C","T","PGM",0.5,"red"
"2536",234348402,"A","G","PGM",0.5,"red"
"2537",234348990,"G","A","PGM",0.5,"red"
"2538",234352808,"A","G","PGM",0.5,"red"
"2539",234352899,"A","G","PGM",0.5,"red"
"2540",234364285,"C","A","PGM",0.5,"red"
"2541",234370879,"G","A","PGM",0.5,"red"
"2542",234382599,"T","C","PGM",0.5,"red"
"2543",234385050,"G","A","PGM",0.5,"red"
"2544",234395171,"G","A","PGM",0.5,"red"
"2545",234449994,"G","A","PGM",0.5,"red"
"2546",234499381,"T","C","PGM",0.5,"red"
"2547",234537992,"G","A","PGM",0.5,"red"
"2548",234540466,"C","T","PGM",0.5,"red"
"2549",234552011,"C","T","PGM",0.5,"red"
"2550",234653716,"A","G","PGM",0.5,"red"
"2551",234656183,"A","G","PGM",0.5,"red"
"2552",234656596,"C","T","PGM",0.5,"red"
"2553",234658886,"T","C","PGM",0.5,"red"
"2554",234660129,"C","T","PGM",0.5,"red"
"2555",234662389,"C","T","PGM",0.5,"red"
"2556",234664631,"A","G","PGM",0.5,"red"
"2557",234704046,"T","C","PGM",0.5,"red"
"2558",234716593,"C","A","PGM",0.5,"red"
"2559",234838084,"C","T","PGM",0.5,"red"
"2560",234898271,"G","A","PGM",0.5,"red"
"2561",234908088,"C","T","PGM",0.5,"red"
"2562",235018206,"C","T","PGM",0.5,"red"
"2563",235112899,"C","A","PGM",0.5,"red"
"2564",235117291,"A","G","PGM",0.5,"red"
"2565",235145989,"C","A","PGM",0.5,"red"
"2566",235760817,"C","T","PGM",0.5,"red"
"2567",235764497,"A","G","PGM",0.5,"red"
"2568",235766062,"C","T","PGM",0.5,"red"
"2569",235987737,"A","G","PGM",0.5,"red"
"2570",235988566,"C","T","PGM",0.5,"red"
"2571",236051207,"A","C","PGM",0.5,"red"
"2572",236065239,"A","C","PGM",0.5,"red"
"2573",236264213,"G","A","PGM",0.5,"red"
"2574",236274926,"C","T","PGM",0.5,"red"
"2575",236276131,"A","G","PGM",0.5,"red"
"2576",236336829,"T","C","PGM",0.5,"red"
"2577",236626578,"G","A","PGM",0.5,"red"
"2578",236634875,"C","A","PGM",0.5,"red"
"2579",236635341,"A","G","PGM",0.5,"red"
"2580",236653341,"G","A","PGM",0.5,"red"
"2581",236658679,"T","C","PGM",0.5,"red"
"2582",236680253,"A","G","PGM",0.5,"red"
"2583",236681719,"T","C","PGM",0.5,"red"
"2584",236785514,"G","A","PGM",0.5,"red"
"2585",236996390,"G","A","PGM",0.5,"red"
"2586",237106237,"C","T","PGM",0.5,"red"
"2587",237129217,"T","C","PGM",0.5,"red"
"2588",237177572,"T","C","PGM",0.5,"red"
"2589",237271632,"G","A","PGM",0.5,"red"
"2590",237379105,"T","G","PGM",0.5,"red"
"2591",237501239,"T","G","PGM",0.5,"red"
"2592",237504759,"T","C","PGM",0.5,"red"
"2593",237561361,"C","T","PGM",0.5,"red"
"2594",237575989,"G","A","PGM",0.5,"red"
"2595",237576019,"C","T","PGM",0.5,"red"
"2596",237578555,"A","G","PGM",0.5,"red"
"2597",237599446,"A","G","PGM",0.5,"red"
"2598",237674327,"G","A","PGM",0.5,"red"
"2599",237762445,"C","T","PGM",0.5,"red"
"2600",237862587,"A","G","PGM",0.5,"red"
"2601",237869704,"A","C","PGM",0.5,"red"
"2602",237875887,"G","A","PGM",0.5,"red"
"2603",237886146,"C","A","PGM",0.5,"red"
"2604",237888855,"A","T","PGM",0.5,"red"
"2605",238133736,"T","C","PGM",0.5,"red"
"2606",238154347,"A","C","PGM",0.5,"red"
"2607",238162015,"T","C","PGM",0.5,"red"
"2608",238163813,"C","A","PGM",0.5,"red"
"2609",238172623,"A","G","PGM",0.5,"red"
"2610",238179820,"G","A","PGM",0.5,"red"
"2611",238339110,"A","G","PGM",0.5,"red"
"2612",238351005,"G","A","PGM",0.5,"red"
"2613",238368369,"T","G","PGM",0.5,"red"
"2614",238375280,"C","T","PGM",0.5,"red"
"2615",238376059,"T","C","PGM",0.5,"red"
"2616",238386642,"T","G","PGM",0.5,"red"
"2617",238395155,"A","G","PGM",0.5,"red"
"2618",238397598,"C","T","PGM",0.5,"red"
"2619",238418978,"A","G","PGM",0.5,"red"
"2620",238429670,"G","A","PGM",0.5,"red"
"2621",238432884,"T","C","PGM",0.5,"red"
"2622",238432940,"T","G","PGM",0.5,"red"
"2623",238434116,"C","T","PGM",0.5,"red"
"2624",238441600,"C","T","PGM",0.5,"red"
"2625",238446854,"T","C","PGM",0.5,"red"
"2626",238463077,"C","T","PGM",0.5,"red"
"2627",238515541,"C","G","PGM",0.5,"red"
"2628",238522082,"T","G","PGM",0.5,"red"
"2629",238571415,"T","C","PGM",0.5,"red"
"2630",238576412,"G","T","PGM",0.5,"red"
"2631",238654555,"C","T","PGM",0.5,"red"
"2632",238696844,"C","A","PGM",0.5,"red"
"2633",238762517,"C","T","PGM",0.5,"red"
"2634",238947387,"A","G","PGM",0.5,"red"
"2635",239070768,"T","C","PGM",0.5,"red"
"2636",239177621,"A","G","PGM",0.5,"red"
"2637",239222504,"G","A","PGM",0.5,"red"
"2638",239343503,"G","A","PGM",0.5,"red"
"2639",239343728,"G","A","PGM",0.5,"red"
"2640",239383418,"A","G","PGM",0.5,"red"
"2641",239421974,"T","A","PGM",0.5,"red"
"2642",239469734,"T","G","PGM",0.5,"red"
"2643",239473965,"G","T","PGM",0.5,"red"
"2644",239530602,"T","C","PGM",0.5,"red"
"2645",239530742,"A","G","PGM",0.5,"red"
"2646",240107121,"T","C","PGM",0.5,"red"
"2647",240212041,"G","A","PGM",0.5,"red"
"2648",240280566,"T","C","PGM",0.5,"red"
"2649",240287470,"A","G","PGM",0.5,"red"
"2650",240294563,"A","G","PGM",0.5,"red"
"2651",240303322,"C","T","PGM",0.5,"red"
"2652",240373569,"C","T","PGM",0.5,"red"
"2653",240424857,"T","C","PGM",0.5,"red"
"2654",240435787,"T","C","PGM",0.5,"red"
"2655",240461785,"C","G","PGM",0.5,"red"
"2656",240547720,"C","T","PGM",0.5,"red"
"2657",240563367,"G","A","PGM",0.5,"red"
"2658",240610842,"G","A","PGM",0.5,"red"
"2659",240611614,"A","G","PGM",0.5,"red"
"2660",240612857,"C","T","PGM",0.5,"red"
"2661",240613707,"A","G","PGM",0.5,"red"
"2662",240626698,"A","G","PGM",0.5,"red"
"2663",240716710,"G","A","PGM",0.5,"red"
"2664",240819499,"A","G","PGM",0.5,"red"
"2665",241199956,"T","C","PGM",0.5,"red"
"2666",241199995,"C","T","PGM",0.5,"red"
"2667",241201934,"G","A","PGM",0.5,"red"
"2668",241202525,"C","T","PGM",0.5,"red"
"2669",241210468,"A","G","PGM",0.5,"red"
"2670",241210870,"C","T","PGM",0.5,"red"
"2671",241367721,"T","C","PGM",0.5,"red"
"2672",241819408,"G","A","PGM",0.5,"red"
"2673",241849779,"G","A","PGM",0.5,"red"
"2674",241878547,"T","G","PGM",0.5,"red"
"2675",242035382,"C","T","PGM",0.5,"red"
"2676",242080853,"A","G","PGM",0.5,"red"
"2677",242086319,"T","G","PGM",0.5,"red"
"2678",242087644,"T","C","PGM",0.5,"red"
"2679",242106296,"G","A","PGM",0.5,"red"
"2680",242180196,"G","A","PGM",0.5,"red"
"2681",242565280,"G","A","PGM",0.5,"red"
"2682",242697031,"A","G","PGM",0.5,"red"
"2683",242890160,"G","T","PGM",0.5,"red"
"2684",242901577,"G","T","PGM",0.5,"red"
"2685",242907976,"C","T","PGM",0.5,"red"
"2686",242914468,"G","A","PGM",0.5,"red"
"2687",242928876,"T","C","PGM",0.5,"red"
"2688",242931513,"G","A","PGM",0.5,"red"
"2689",242941556,"C","T","PGM",0.5,"red"
"2690",242946169,"T","C","PGM",0.5,"red"
"2691",242948290,"C","G","PGM",0.5,"red"
"2692",242965985,"C","T","PGM",0.5,"red"
"2693",242970996,"T","C","PGM",0.5,"red"
"2694",242977333,"T","C","PGM",0.5,"red"
"2695",243028780,"G","T","PGM",0.5,"red"
"2696",243032812,"G","T","PGM",0.5,"red"
"2697",243033446,"G","A","PGM",0.5,"red"
"2698",243034750,"A","G","PGM",0.5,"red"
"2699",243040970,"T","C","PGM",0.5,"red"
"2700",243102869,"T","C","PGM",0.5,"red"
"2701",243181599,"T","G","PGM",0.5,"red"
"2702",243397782,"C","T","PGM",0.5,"red"
"2703",243483368,"C","T","PGM",0.5,"red"
"2704",243503764,"A","T","PGM",0.5,"red"
"2705",243522906,"G","A","PGM",0.5,"red"
"2706",243609927,"C","T","PGM",0.5,"red"
"2707",244147535,"A","G","PGM",0.5,"red"
"2708",244212866,"C","T","PGM",0.5,"red"
"2709",244244542,"C","T","PGM",0.5,"red"
"2710",244246053,"G","A","PGM",0.5,"red"
"2711",244250317,"T","C","PGM",0.5,"red"
"2712",244254617,"T","G","PGM",0.5,"red"
"2713",244497186,"A","G","PGM",0.5,"red"
"2714",244499769,"A","C","PGM",0.5,"red"
"2715",244579519,"T","C","PGM",0.5,"red"
"2716",244601152,"T","C","PGM",0.5,"red"
"2717",244661477,"C","T","PGM",0.5,"red"
"2718",244689029,"G","A","PGM",0.5,"red"
"2719",244708904,"C","T","PGM",0.5,"red"
"2720",244709205,"C","A","PGM",0.5,"red"
"2721",244722867,"G","A","PGM",0.5,"red"
"2722",244909440,"G","A","PGM",0.5,"red"
"2723",244930726,"A","G","PGM",0.5,"red"
"2724",245042312,"G","A","PGM",0.5,"red"
"2725",245051886,"G","A","PGM",0.5,"red"
"2726",245054094,"A","G","PGM",0.5,"red"
"2727",245170495,"C","T","PGM",0.5,"red"
"2728",245304764,"G","A","PGM",0.5,"red"
"2729",245336796,"A","G","PGM",0.5,"red"
"2730",245431939,"A","G","PGM",0.5,"red"
"2731",245446721,"T","C","PGM",0.5,"red"
"2732",245456075,"T","C","PGM",0.5,"red"
"2733",245461981,"G","A","PGM",0.5,"red"
"2734",245508007,"T","C","PGM",0.5,"red"
"2735",245511315,"G","A","PGM",0.5,"red"
"2736",245511851,"G","A","PGM",0.5,"red"
"2737",245513422,"G","A","PGM",0.5,"red"
"2738",245594168,"G","A","PGM",0.5,"red"
"2739",245751177,"C","A","PGM",0.5,"red"
"2740",245762071,"C","T","PGM",0.5,"red"
"2741",245766651,"A","G","PGM",0.5,"red"
"2742",245804664,"A","G","PGM",0.5,"red"
"2743",245806669,"A","G","PGM",0.5,"red"
"2744",245808095,"A","G","PGM",0.5,"red"
"2745",245816347,"T","C","PGM",0.5,"red"
"2746",245822899,"A","G","PGM",0.5,"red"
"2747",245840409,"C","A","PGM",0.5,"red"
"2748",246430633,"T","C","PGM",0.5,"red"
"2749",246441421,"G","A","PGM",0.5,"red"
"2750",246443263,"T","C","PGM",0.5,"red"
"2751",246483863,"G","A","PGM",0.5,"red"
"2752",246495633,"A","G","PGM",0.5,"red"
"2753",246546617,"A","G","PGM",0.5,"red"
"2754",246625120,"T","C","PGM",0.5,"red"
"2755",246645797,"G","A","PGM",0.5,"red"
"2756",246701819,"G","A","PGM",0.5,"red"
"2757",246815596,"G","T","PGM",0.5,"red"
"2758",246821599,"A","G","PGM",0.5,"red"
"2759",246823857,"G","A","PGM",0.5,"red"
"2760",246841405,"T","C","PGM",0.5,"red"
"2761",246843070,"C","T","PGM",0.5,"red"
"2762",246843315,"A","G","PGM",0.5,"red"
"2763",246846313,"G","C","PGM",0.5,"red"
"2764",246859182,"G","T","PGM",0.5,"red"
"2765",246993684,"T","G","PGM",0.5,"red"
"2766",247223881,"C","T","PGM",0.5,"red"
"2767",247338764,"A","G","PGM",0.5,"red"
"2768",247340756,"G","T","PGM",0.5,"red"
"2769",247346189,"T","C","PGM",0.5,"red"
"2770",247455049,"G","A","PGM",0.5,"red"
"2771",247601595,"C","T","PGM",0.5,"red"
"2772",247605599,"T","C","PGM",0.5,"red"
"2773",247609328,"C","T","PGM",0.5,"red"
"2774",247622621,"T","C","PGM",0.5,"red"
"2775",247713606,"T","C","PGM",0.5,"red"
"2776",247865309,"C","T","PGM",0.5,"red"
"2777",247865773,"T","C","PGM",0.5,"red"
"2778",247868113,"T","C","PGM",0.5,"red"
"2779",247910283,"A","G","PGM",0.5,"red"
"2780",247918781,"C","A","PGM",0.5,"red"
"2781",247925763,"T","C","PGM",0.5,"red"
"2782",247929510,"C","T","PGM",0.5,"red"
"2783",248059476,"C","A","PGM",0.5,"red"
"2784",248060780,"T","C","PGM",0.5,"red"
"2785",248060894,"C","A","PGM",0.5,"red"
