"","position","paternal_allele","pgm_allele","source","plot_y","color"
"1",305203,"T","C","PGM",0.5,"red"
"2",333665,"T","G","PGM",0.5,"red"
"3",433274,"A","G","PGM",0.5,"red"
"4",467148,"G","A","PGM",0.5,"red"
"5",471514,"G","A","PGM",0.5,"red"
"6",601905,"G","T","PGM",0.5,"red"
"7",608411,"T","G","PGM",0.5,"red"
"8",651641,"C","A","PGM",0.5,"red"
"9",661645,"G","A","PGM",0.5,"red"
"10",674963,"A","G","PGM",0.5,"red"
"11",681739,"A","G","PGM",0.5,"red"
"12",686675,"T","G","PGM",0.5,"red"
"13",992661,"T","C","PGM",0.5,"red"
"14",1001060,"A","G","PGM",0.5,"red"
"15",1014757,"G","A","PGM",0.5,"red"
"16",1014837,"G","A","PGM",0.5,"red"
"17",1311157,"C","T","PGM",0.5,"red"
"18",1400608,"G","C","PGM",0.5,"red"
"19",1401781,"C","T","PGM",0.5,"red"
"20",1404495,"C","T","PGM",0.5,"red"
"21",1407815,"C","T","PGM",0.5,"red"
"22",1417199,"G","A","PGM",0.5,"red"
"23",1426346,"G","T","PGM",0.5,"red"
"24",1426621,"G","A","PGM",0.5,"red"
"25",1431590,"C","T","PGM",0.5,"red"
"26",1437410,"T","C","PGM",0.5,"red"
"27",1441178,"G","A","PGM",0.5,"red"
"28",1444433,"C","T","PGM",0.5,"red"
"29",2027348,"T","C","PGM",0.5,"red"
"30",2128585,"C","T","PGM",0.5,"red"
"31",2231372,"G","T","PGM",0.5,"red"
"32",2354885,"C","T","PGM",0.5,"red"
"33",2633388,"G","A","PGM",0.5,"red"
"34",2654542,"A","G","PGM",0.5,"red"
"35",2714308,"G","A","PGM",0.5,"red"
"36",2720083,"A","G","PGM",0.5,"red"
"37",2722295,"G","A","PGM",0.5,"red"
"38",2732877,"C","T","PGM",0.5,"red"
"39",2742629,"C","T","PGM",0.5,"red"
"40",2763051,"G","A","PGM",0.5,"red"
"41",2775695,"G","A","PGM",0.5,"red"
"42",2795866,"A","G","PGM",0.5,"red"
"43",2829349,"T","C","PGM",0.5,"red"
"44",2831484,"T","C","PGM",0.5,"red"
"45",2832206,"T","C","PGM",0.5,"red"
"46",2964695,"G","A","PGM",0.5,"red"
"47",3006197,"C","T","PGM",0.5,"red"
"48",3012316,"T","C","PGM",0.5,"red"
"49",3029042,"G","A","PGM",0.5,"red"
"50",3057007,"T","C","PGM",0.5,"red"
"51",3101073,"T","C","PGM",0.5,"red"
"52",3107942,"G","T","PGM",0.5,"red"
"53",3313543,"T","C","PGM",0.5,"red"
"54",3469506,"T","C","PGM",0.5,"red"
"55",3472358,"G","A","PGM",0.5,"red"
"56",3479959,"T","C","PGM",0.5,"red"
"57",3489932,"A","G","PGM",0.5,"red"
"58",3660856,"G","A","PGM",0.5,"red"
"59",3794896,"G","A","PGM",0.5,"red"
"60",3914128,"C","T","PGM",0.5,"red"
"61",4046308,"G","A","PGM",0.5,"red"
"62",4136145,"A","G","PGM",0.5,"red"
"63",4142259,"C","T","PGM",0.5,"red"
"64",4323683,"C","T","PGM",0.5,"red"
"65",4325172,"C","T","PGM",0.5,"red"
"66",4327339,"T","C","PGM",0.5,"red"
"67",4441520,"C","T","PGM",0.5,"red"
"68",4456055,"A","G","PGM",0.5,"red"
"69",4705220,"G","A","PGM",0.5,"red"
"70",4761261,"C","T","PGM",0.5,"red"
"71",4825542,"C","T","PGM",0.5,"red"
"72",4833848,"T","C","PGM",0.5,"red"
"73",4840214,"T","C","PGM",0.5,"red"
"74",4875297,"G","A","PGM",0.5,"red"
"75",4882122,"C","T","PGM",0.5,"red"
"76",4887124,"G","A","PGM",0.5,"red"
"77",4897117,"A","G","PGM",0.5,"red"
"78",4907067,"T","C","PGM",0.5,"red"
"79",4916939,"G","A","PGM",0.5,"red"
"80",4917761,"A","G","PGM",0.5,"red"
"81",4925630,"T","C","PGM",0.5,"red"
"82",4933355,"A","G","PGM",0.5,"red"
"83",4950170,"G","T","PGM",0.5,"red"
"84",4951850,"C","T","PGM",0.5,"red"
"85",4952545,"A","G","PGM",0.5,"red"
"86",4958832,"C","T","PGM",0.5,"red"
"87",4964465,"C","T","PGM",0.5,"red"
"88",4965676,"G","A","PGM",0.5,"red"
"89",4967202,"C","T","PGM",0.5,"red"
"90",4974780,"G","A","PGM",0.5,"red"
"91",4985980,"C","T","PGM",0.5,"red"
"92",4986983,"G","T","PGM",0.5,"red"
"93",4992822,"C","T","PGM",0.5,"red"
"94",4997180,"T","C","PGM",0.5,"red"
"95",4997979,"A","G","PGM",0.5,"red"
"96",5196902,"C","T","PGM",0.5,"red"
"97",5226989,"A","G","PGM",0.5,"red"
"98",5269823,"A","G","PGM",0.5,"red"
"99",5345732,"G","A","PGM",0.5,"red"
"100",5464904,"C","T","PGM",0.5,"red"
"101",5529462,"A","G","PGM",0.5,"red"
"102",5531532,"G","A","PGM",0.5,"red"
"103",5535233,"T","C","PGM",0.5,"red"
"104",5540419,"T","C","PGM",0.5,"red"
"105",5542127,"A","G","PGM",0.5,"red"
"106",5546290,"A","G","PGM",0.5,"red"
"107",5674344,"G","T","PGM",0.5,"red"
"108",5747177,"T","G","PGM",0.5,"red"
"109",5814042,"C","T","PGM",0.5,"red"
"110",5870941,"C","T","PGM",0.5,"red"
"111",5891097,"A","G","PGM",0.5,"red"
"112",5898727,"C","T","PGM",0.5,"red"
"113",5901174,"C","T","PGM",0.5,"red"
"114",5908151,"G","A","PGM",0.5,"red"
"115",5917248,"G","A","PGM",0.5,"red"
"116",5928093,"T","C","PGM",0.5,"red"
"117",5930323,"C","T","PGM",0.5,"red"
"118",5946313,"G","A","PGM",0.5,"red"
"119",6009946,"C","A","PGM",0.5,"red"
"120",6052751,"A","G","PGM",0.5,"red"
"121",6141286,"T","C","PGM",0.5,"red"
"122",6146154,"G","T","PGM",0.5,"red"
"123",6160127,"C","T","PGM",0.5,"red"
"124",6245934,"G","A","PGM",0.5,"red"
"125",6450771,"T","C","PGM",0.5,"red"
"126",6451210,"G","A","PGM",0.5,"red"
"127",6466163,"G","A","PGM",0.5,"red"
"128",6478838,"A","G","PGM",0.5,"red"
"129",6485953,"G","A","PGM",0.5,"red"
"130",6523425,"G","A","PGM",0.5,"red"
"131",6523994,"G","A","PGM",0.5,"red"
"132",6533291,"T","C","PGM",0.5,"red"
"133",6536892,"G","A","PGM",0.5,"red"
"134",6594973,"T","C","PGM",0.5,"red"
"135",6596413,"T","G","PGM",0.5,"red"
"136",6597269,"A","G","PGM",0.5,"red"
"137",6600177,"T","C","PGM",0.5,"red"
"138",6611401,"G","T","PGM",0.5,"red"
"139",6612830,"G","A","PGM",0.5,"red"
"140",6629597,"T","C","PGM",0.5,"red"
"141",6630118,"T","C","PGM",0.5,"red"
"142",6641549,"T","G","PGM",0.5,"red"
"143",6643733,"A","G","PGM",0.5,"red"
"144",6654622,"G","A","PGM",0.5,"red"
"145",6675543,"T","C","PGM",0.5,"red"
"146",6694519,"C","T","PGM",0.5,"red"
"147",6697088,"C","T","PGM",0.5,"red"
"148",6700873,"G","A","PGM",0.5,"red"
"149",6729707,"C","A","PGM",0.5,"red"
"150",6745044,"C","T","PGM",0.5,"red"
"151",6746052,"A","C","PGM",0.5,"red"
"152",6777829,"C","A","PGM",0.5,"red"
"153",6790038,"C","T","PGM",0.5,"red"
"154",6914714,"A","G","PGM",0.5,"red"
"155",6935239,"C","T","PGM",0.5,"red"
"156",6937310,"T","C","PGM",0.5,"red"
"157",6937744,"T","C","PGM",0.5,"red"
"158",6937849,"T","C","PGM",0.5,"red"
"159",6939346,"G","A","PGM",0.5,"red"
"160",6941288,"A","C","PGM",0.5,"red"
"161",7048009,"T","C","PGM",0.5,"red"
"162",7075439,"A","G","PGM",0.5,"red"
"163",7107455,"G","A","PGM",0.5,"red"
"164",7382776,"G","A","PGM",0.5,"red"
"165",7383183,"G","T","PGM",0.5,"red"
"166",7387447,"T","C","PGM",0.5,"red"
"167",7406992,"C","T","PGM",0.5,"red"
"168",7427278,"T","C","PGM",0.5,"red"
"169",7474207,"A","G","PGM",0.5,"red"
"170",7564293,"T","G","PGM",0.5,"red"
"171",7584668,"G","A","PGM",0.5,"red"
"172",7614263,"A","G","PGM",0.5,"red"
"173",7656440,"T","C","PGM",0.5,"red"
"174",7659087,"G","A","PGM",0.5,"red"
"175",7665560,"T","C","PGM",0.5,"red"
"176",7685284,"T","C","PGM",0.5,"red"
"177",8101004,"A","G","PGM",0.5,"red"
"178",8177464,"G","T","PGM",0.5,"red"
"179",8178222,"G","A","PGM",0.5,"red"
"180",8290719,"C","T","PGM",0.5,"red"
"181",8311011,"T","G","PGM",0.5,"red"
"182",8332477,"G","A","PGM",0.5,"red"
"183",8400895,"C","T","PGM",0.5,"red"
"184",8412068,"T","C","PGM",0.5,"red"
"185",8643865,"T","G","PGM",0.5,"red"
"186",8719699,"C","T","PGM",0.5,"red"
"187",8722448,"T","C","PGM",0.5,"red"
"188",8724302,"T","C","PGM",0.5,"red"
"189",8724337,"T","G","PGM",0.5,"red"
"190",8733076,"0","C","PGM",0.5,"red"
"191",8750103,"G","A","PGM",0.5,"red"
"192",8886770,"A","G","PGM",0.5,"red"
"193",9620747,"A","C","PGM",0.5,"red"
"194",9712160,"T","G","PGM",0.5,"red"
"195",9736066,"A","G","PGM",0.5,"red"
"196",9754439,"T","C","PGM",0.5,"red"
"197",9758621,"C","T","PGM",0.5,"red"
"198",9796791,"A","G","PGM",0.5,"red"
"199",9909114,"T","C","PGM",0.5,"red"
"200",9914751,"T","C","PGM",0.5,"red"
"201",9924387,"G","A","PGM",0.5,"red"
"202",9932019,"C","T","PGM",0.5,"red"
"203",9949464,"A","G","PGM",0.5,"red"
"204",9953949,"G","A","PGM",0.5,"red"
"205",9958771,"T","C","PGM",0.5,"red"
"206",9991867,"G","A","PGM",0.5,"red"
"207",10033277,"A","G","PGM",0.5,"red"
"208",10047496,"G","A","PGM",0.5,"red"
"209",10060980,"A","G","PGM",0.5,"red"
"210",10061592,"C","T","PGM",0.5,"red"
"211",10148525,"G","A","PGM",0.5,"red"
"212",10162037,"A","G","PGM",0.5,"red"
"213",10163328,"C","T","PGM",0.5,"red"
"214",10200316,"G","A","PGM",0.5,"red"
"215",10213497,"G","A","PGM",0.5,"red"
"216",10216549,"A","C","PGM",0.5,"red"
"217",10223003,"C","T","PGM",0.5,"red"
"218",10521126,"A","G","PGM",0.5,"red"
"219",10574296,"C","T","PGM",0.5,"red"
"220",10621810,"G","A","PGM",0.5,"red"
"221",10665979,"C","T","PGM",0.5,"red"
"222",10908159,"A","G","PGM",0.5,"red"
"223",10915752,"A","G","PGM",0.5,"red"
"224",10916670,"G","A","PGM",0.5,"red"
"225",11015807,"C","G","PGM",0.5,"red"
"226",11075754,"A","G","PGM",0.5,"red"
"227",11180113,"A","C","PGM",0.5,"red"
"228",11182136,"G","A","PGM",0.5,"red"
"229",11241186,"G","T","PGM",0.5,"red"
"230",11307110,"C","T","PGM",0.5,"red"
"231",11317226,"C","T","PGM",0.5,"red"
"232",11382829,"C","T","PGM",0.5,"red"
"233",11411483,"T","C","PGM",0.5,"red"
"234",11494852,"G","A","PGM",0.5,"red"
"235",11499032,"C","T","PGM",0.5,"red"
"236",11522391,"G","A","PGM",0.5,"red"
"237",11535523,"T","G","PGM",0.5,"red"
"238",11692664,"A","C","PGM",0.5,"red"
"239",11710716,"G","A","PGM",0.5,"red"
"240",11717429,"G","A","PGM",0.5,"red"
"241",11727087,"G","T","PGM",0.5,"red"
"242",11996330,"G","A","PGM",0.5,"red"
"243",12008798,"G","A","PGM",0.5,"red"
"244",12068261,"C","T","PGM",0.5,"red"
"245",12069382,"T","G","PGM",0.5,"red"
"246",12081764,"C","T","PGM",0.5,"red"
"247",12114178,"T","C","PGM",0.5,"red"
"248",12124162,"T","G","PGM",0.5,"red"
"249",12134346,"C","T","PGM",0.5,"red"
"250",12159788,"A","G","PGM",0.5,"red"
"251",12162113,"T","C","PGM",0.5,"red"
"252",12168075,"C","T","PGM",0.5,"red"
"253",12180914,"A","G","PGM",0.5,"red"
"254",12185325,"A","G","PGM",0.5,"red"
"255",12186432,"G","A","PGM",0.5,"red"
"256",12251984,"C","T","PGM",0.5,"red"
"257",12266205,"G","A","PGM",0.5,"red"
"258",12272949,"G","A","PGM",0.5,"red"
"259",12499715,"T","C","PGM",0.5,"red"
"260",12529340,"T","C","PGM",0.5,"red"
"261",12618597,"C","A","PGM",0.5,"red"
"262",12625033,"C","A","PGM",0.5,"red"
"263",12640920,"G","A","PGM",0.5,"red"
"264",12674125,"G","A","PGM",0.5,"red"
"265",12676426,"G","A","PGM",0.5,"red"
"266",13998923,"A","G","PGM",0.5,"red"
"267",14029748,"G","C","PGM",0.5,"red"
"268",14034822,"T","C","PGM",0.5,"red"
"269",14040663,"G","A","PGM",0.5,"red"
"270",14082251,"G","T","PGM",0.5,"red"
"271",14137805,"T","C","PGM",0.5,"red"
"272",14168709,"A","G","PGM",0.5,"red"
"273",14235849,"C","T","PGM",0.5,"red"
"274",14238220,"T","C","PGM",0.5,"red"
"275",14247375,"C","T","PGM",0.5,"red"
"276",14255029,"A","C","PGM",0.5,"red"
"277",14282894,"T","G","PGM",0.5,"red"
"278",14286717,"T","G","PGM",0.5,"red"
"279",14303639,"G","T","PGM",0.5,"red"
"280",14303716,"C","T","PGM",0.5,"red"
"281",15162318,"G","A","PGM",0.5,"red"
"282",15181133,"T","C","PGM",0.5,"red"
"283",15200653,"A","G","PGM",0.5,"red"
"284",15210653,"C","T","PGM",0.5,"red"
"285",15211321,"A","G","PGM",0.5,"red"
"286",15212093,"G","A","PGM",0.5,"red"
"287",15214955,"T","C","PGM",0.5,"red"
"288",15227430,"G","A","PGM",0.5,"red"
"289",15303754,"T","C","PGM",0.5,"red"
"290",15305407,"C","T","PGM",0.5,"red"
"291",15305738,"T","C","PGM",0.5,"red"
"292",15311954,"A","G","PGM",0.5,"red"
"293",15353916,"A","C","PGM",0.5,"red"
"294",15372731,"T","G","PGM",0.5,"red"
"295",15385484,"C","T","PGM",0.5,"red"
"296",15410130,"A","G","PGM",0.5,"red"
"297",15413179,"G","A","PGM",0.5,"red"
"298",15434967,"T","C","PGM",0.5,"red"
"299",15455991,"C","T","PGM",0.5,"red"
"300",15472019,"T","C","PGM",0.5,"red"
"301",15827634,"T","C","PGM",0.5,"red"
"302",15833184,"G","A","PGM",0.5,"red"
"303",15839424,"A","G","PGM",0.5,"red"
"304",15842835,"C","A","PGM",0.5,"red"
"305",15847172,"A","G","PGM",0.5,"red"
"306",15852847,"T","C","PGM",0.5,"red"
"307",15880014,"C","A","PGM",0.5,"red"
"308",15885286,"C","T","PGM",0.5,"red"
"309",15898212,"C","A","PGM",0.5,"red"
"310",15900480,"A","G","PGM",0.5,"red"
"311",16111304,"C","T","PGM",0.5,"red"
"312",16169350,"C","T","PGM",0.5,"red"
"313",16216995,"G","A","PGM",0.5,"red"
"314",16244463,"G","A","PGM",0.5,"red"
"315",16246931,"G","A","PGM",0.5,"red"
"316",16417425,"G","A","PGM",0.5,"red"
"317",16419751,"G","A","PGM",0.5,"red"
"318",16485114,"C","T","PGM",0.5,"red"
"319",16598521,"A","C","PGM",0.5,"red"
"320",16600041,"C","T","PGM",0.5,"red"
"321",16605110,"A","G","PGM",0.5,"red"
"322",16606596,"G","A","PGM",0.5,"red"
"323",16609693,"G","A","PGM",0.5,"red"
"324",16617781,"C","T","PGM",0.5,"red"
"325",16620803,"G","A","PGM",0.5,"red"
"326",16630784,"C","T","PGM",0.5,"red"
"327",16648888,"A","G","PGM",0.5,"red"
"328",16668723,"C","T","PGM",0.5,"red"
"329",16686128,"G","A","PGM",0.5,"red"
"330",16688759,"T","G","PGM",0.5,"red"
"331",16838500,"G","A","PGM",0.5,"red"
"332",16838966,"A","C","PGM",0.5,"red"
"333",16847447,"C","T","PGM",0.5,"red"
"334",17132189,"T","C","PGM",0.5,"red"
"335",17367723,"C","T","PGM",0.5,"red"
"336",17453968,"T","G","PGM",0.5,"red"
"337",17466012,"T","C","PGM",0.5,"red"
"338",17486497,"T","C","PGM",0.5,"red"
"339",17518050,"C","T","PGM",0.5,"red"
"340",17720922,"G","A","PGM",0.5,"red"
"341",17771276,"C","T","PGM",0.5,"red"
"342",17969424,"G","A","PGM",0.5,"red"
"343",18096500,"T","C","PGM",0.5,"red"
"344",18099832,"C","T","PGM",0.5,"red"
"345",18113508,"G","A","PGM",0.5,"red"
"346",18116319,"C","T","PGM",0.5,"red"
"347",18135019,"C","T","PGM",0.5,"red"
"348",18275250,"C","A","PGM",0.5,"red"
"349",18276905,"C","T","PGM",0.5,"red"
"350",18280088,"C","T","PGM",0.5,"red"
"351",18336652,"A","G","PGM",0.5,"red"
"352",18350916,"A","C","PGM",0.5,"red"
"353",18361177,"A","G","PGM",0.5,"red"
"354",18371951,"G","A","PGM",0.5,"red"
"355",18381993,"T","C","PGM",0.5,"red"
"356",18394347,"C","T","PGM",0.5,"red"
"357",18404520,"C","T","PGM",0.5,"red"
"358",18441064,"G","A","PGM",0.5,"red"
"359",18486802,"A","G","PGM",0.5,"red"
"360",18498682,"G","A","PGM",0.5,"red"
"361",18516059,"C","T","PGM",0.5,"red"
"362",18537483,"C","T","PGM",0.5,"red"
"363",18621953,"T","C","PGM",0.5,"red"
"364",18647868,"C","T","PGM",0.5,"red"
"365",18742258,"T","C","PGM",0.5,"red"
"366",18924471,"A","G","PGM",0.5,"red"
"367",18993027,"C","T","PGM",0.5,"red"
"368",19277788,"C","T","PGM",0.5,"red"
"369",19286097,"G","A","PGM",0.5,"red"
"370",19286943,"G","A","PGM",0.5,"red"
"371",19298727,"T","C","PGM",0.5,"red"
"372",19302441,"T","C","PGM",0.5,"red"
"373",19311718,"C","T","PGM",0.5,"red"
"374",19320803,"T","C","PGM",0.5,"red"
"375",19334372,"A","C","PGM",0.5,"red"
"376",19580534,"A","C","PGM",0.5,"red"
"377",19597832,"A","G","PGM",0.5,"red"
"378",19604309,"T","C","PGM",0.5,"red"
"379",19730845,"A","G","PGM",0.5,"red"
"380",19749554,"A","G","PGM",0.5,"red"
"381",19826777,"G","A","PGM",0.5,"red"
"382",19870341,"C","T","PGM",0.5,"red"
"383",19883495,"A","G","PGM",0.5,"red"
"384",19885907,"A","G","PGM",0.5,"red"
"385",19942473,"G","A","PGM",0.5,"red"
"386",19945577,"C","T","PGM",0.5,"red"
"387",19952381,"G","A","PGM",0.5,"red"
"388",19974697,"A","G","PGM",0.5,"red"
"389",19979755,"T","C","PGM",0.5,"red"
"390",20067295,"A","G","PGM",0.5,"red"
"391",20082891,"T","C","PGM",0.5,"red"
"392",20090739,"G","A","PGM",0.5,"red"
"393",20199089,"A","G","PGM",0.5,"red"
"394",20204054,"C","T","PGM",0.5,"red"
"395",20208412,"G","A","PGM",0.5,"red"
"396",20215979,"A","G","PGM",0.5,"red"
"397",20218658,"G","T","PGM",0.5,"red"
"398",20227258,"A","G","PGM",0.5,"red"
"399",20236330,"C","T","PGM",0.5,"red"
"400",20242416,"T","C","PGM",0.5,"red"
"401",20253754,"C","T","PGM",0.5,"red"
"402",20270027,"A","G","PGM",0.5,"red"
"403",20293299,"C","A","PGM",0.5,"red"
"404",20312438,"C","A","PGM",0.5,"red"
"405",20335709,"G","A","PGM",0.5,"red"
"406",20346312,"C","T","PGM",0.5,"red"
"407",20347824,"G","A","PGM",0.5,"red"
"408",20356606,"G","T","PGM",0.5,"red"
"409",20400430,"A","G","PGM",0.5,"red"
"410",20452868,"G","A","PGM",0.5,"red"
"411",20648211,"G","T","PGM",0.5,"red"
"412",20876386,"G","A","PGM",0.5,"red"
"413",20883953,"C","T","PGM",0.5,"red"
"414",20889714,"C","T","PGM",0.5,"red"
"415",20889754,"C","T","PGM",0.5,"red"
"416",20891799,"A","G","PGM",0.5,"red"
"417",20897345,"T","C","PGM",0.5,"red"
"418",20905045,"T","C","PGM",0.5,"red"
"419",20928051,"T","C","PGM",0.5,"red"
"420",20936516,"G","A","PGM",0.5,"red"
"421",20962670,"C","T","PGM",0.5,"red"
"422",20963950,"T","C","PGM",0.5,"red"
"423",21133883,"G","A","PGM",0.5,"red"
"424",21135577,"G","A","PGM",0.5,"red"
"425",21196112,"G","A","PGM",0.5,"red"
"426",21460827,"C","T","PGM",0.5,"red"
"427",21579130,"T","C","PGM",0.5,"red"
"428",21923546,"G","T","PGM",0.5,"red"
"429",21943231,"C","T","PGM",0.5,"red"
"430",22341567,"A","C","PGM",0.5,"red"
"431",23114577,"C","A","PGM",0.5,"red"
"432",23115536,"C","T","PGM",0.5,"red"
"433",23117181,"A","G","PGM",0.5,"red"
"434",23149442,"T","C","PGM",0.5,"red"
"435",23155213,"T","C","PGM",0.5,"red"
"436",23155862,"A","G","PGM",0.5,"red"
"437",23166176,"G","A","PGM",0.5,"red"
"438",23173111,"A","G","PGM",0.5,"red"
"439",23617377,"A","G","PGM",0.5,"red"
"440",23627416,"G","A","PGM",0.5,"red"
"441",23792601,"G","A","PGM",0.5,"red"
"442",23798079,"T","G","PGM",0.5,"red"
"443",23806335,"C","T","PGM",0.5,"red"
"444",23829145,"A","G","PGM",0.5,"red"
"445",23854896,"G","A","PGM",0.5,"red"
"446",23860732,"T","C","PGM",0.5,"red"
"447",25329898,"T","C","PGM",0.5,"red"
"448",25432277,"T","C","PGM",0.5,"red"
"449",25448050,"A","G","PGM",0.5,"red"
"450",25587851,"T","C","PGM",0.5,"red"
"451",25597681,"A","G","PGM",0.5,"red"
"452",25821689,"C","T","PGM",0.5,"red"
"453",25837156,"C","T","PGM",0.5,"red"
"454",25867203,"T","G","PGM",0.5,"red"
"455",25871847,"C","T","PGM",0.5,"red"
"456",25943974,"A","G","PGM",0.5,"red"
"457",25997511,"G","A","PGM",0.5,"red"
"458",26020466,"C","T","PGM",0.5,"red"
"459",26235800,"G","A","PGM",0.5,"red"
"460",26281239,"A","G","PGM",0.5,"red"
"461",26322040,"A","G","PGM",0.5,"red"
"462",26385849,"G","A","PGM",0.5,"red"
"463",26413368,"C","A","PGM",0.5,"red"
"464",26498222,"G","A","PGM",0.5,"red"
"465",26507076,"A","T","PGM",0.5,"red"
"466",26541158,"A","G","PGM",0.5,"red"
"467",26640781,"A","G","PGM",0.5,"red"
"468",26655745,"T","C","PGM",0.5,"red"
"469",26676395,"G","T","PGM",0.5,"red"
"470",26940234,"C","T","PGM",0.5,"red"
"471",26942256,"G","A","PGM",0.5,"red"
"472",26953354,"G","T","PGM",0.5,"red"
"473",27024478,"A","G","PGM",0.5,"red"
"474",27028992,"C","T","PGM",0.5,"red"
"475",28479472,"A","G","PGM",0.5,"red"
"476",28505951,"C","T","PGM",0.5,"red"
"477",28571021,"A","G","PGM",0.5,"red"
"478",28577854,"A","G","PGM",0.5,"red"
"479",28655153,"C","T","PGM",0.5,"red"
"480",28661201,"C","T","PGM",0.5,"red"
"481",28662228,"G","A","PGM",0.5,"red"
"482",28662264,"A","G","PGM",0.5,"red"
"483",28690957,"C","T","PGM",0.5,"red"
"484",28779228,"C","T","PGM",0.5,"red"
"485",28807899,"C","T","PGM",0.5,"red"
"486",28816948,"T","C","PGM",0.5,"red"
"487",28819603,"T","C","PGM",0.5,"red"
"488",28856220,"G","A","PGM",0.5,"red"
"489",28901313,"C","T","PGM",0.5,"red"
"490",28906644,"G","A","PGM",0.5,"red"
"491",29217896,"T","C","PGM",0.5,"red"
"492",29218411,"G","A","PGM",0.5,"red"
"493",29229806,"C","T","PGM",0.5,"red"
"494",29245933,"G","A","PGM",0.5,"red"
"495",29246044,"T","C","PGM",0.5,"red"
"496",29251134,"C","T","PGM",0.5,"red"
"497",29455824,"A","C","PGM",0.5,"red"
"498",29990267,"A","G","PGM",0.5,"red"
"499",30541084,"C","T","PGM",0.5,"red"
"500",30563934,"G","C","PGM",0.5,"red"
"501",31016084,"T","G","PGM",0.5,"red"
"502",31062348,"G","A","PGM",0.5,"red"
"503",31093502,"A","G","PGM",0.5,"red"
"504",31101646,"C","A","PGM",0.5,"red"
"505",31107154,"A","G","PGM",0.5,"red"
"506",31107181,"T","C","PGM",0.5,"red"
"507",31109504,"T","C","PGM",0.5,"red"
"508",31146497,"G","T","PGM",0.5,"red"
"509",31154708,"G","A","PGM",0.5,"red"
"510",31173824,"G","A","PGM",0.5,"red"
"511",31549662,"G","A","PGM",0.5,"red"
"512",31549757,"T","C","PGM",0.5,"red"
"513",31563797,"G","A","PGM",0.5,"red"
"514",31567929,"A","G","PGM",0.5,"red"
"515",31570376,"C","T","PGM",0.5,"red"
"516",31570689,"A","G","PGM",0.5,"red"
"517",31571786,"G","A","PGM",0.5,"red"
"518",31575315,"C","A","PGM",0.5,"red"
"519",31578969,"C","A","PGM",0.5,"red"
"520",31584035,"C","T","PGM",0.5,"red"
"521",31590917,"T","C","PGM",0.5,"red"
"522",31593265,"T","C","PGM",0.5,"red"
"523",31594789,"A","C","PGM",0.5,"red"
"524",31598917,"C","T","PGM",0.5,"red"
"525",31933896,"C","T","PGM",0.5,"red"
"526",32502495,"C","T","PGM",0.5,"red"
"527",32510072,"T","G","PGM",0.5,"red"
"528",32579759,"C","T","PGM",0.5,"red"
"529",32611512,"C","T","PGM",0.5,"red"
"530",32637864,"C","A","PGM",0.5,"red"
"531",32661543,"C","A","PGM",0.5,"red"
"532",32666137,"T","C","PGM",0.5,"red"
"533",32691400,"G","T","PGM",0.5,"red"
"534",32758353,"C","A","PGM",0.5,"red"
"535",32808804,"C","T","PGM",0.5,"red"
"536",32849207,"A","G","PGM",0.5,"red"
"537",32865521,"G","C","PGM",0.5,"red"
"538",32897147,"G","T","PGM",0.5,"red"
"539",32927863,"G","A","PGM",0.5,"red"
"540",32933095,"T","G","PGM",0.5,"red"
"541",32968121,"C","T","PGM",0.5,"red"
"542",32969116,"T","C","PGM",0.5,"red"
"543",32975282,"T","C","PGM",0.5,"red"
"544",33031358,"A","G","PGM",0.5,"red"
"545",33128288,"G","A","PGM",0.5,"red"
"546",33206458,"A","C","PGM",0.5,"red"
"547",33216941,"G","C","PGM",0.5,"red"
"548",33218037,"A","G","PGM",0.5,"red"
"549",33228292,"A","G","PGM",0.5,"red"
"550",33263671,"A","G","PGM",0.5,"red"
"551",33289577,"C","T","PGM",0.5,"red"
"552",33326959,"G","C","PGM",0.5,"red"
"553",33358079,"C","A","PGM",0.5,"red"
"554",33360338,"G","A","PGM",0.5,"red"
"555",33361425,"G","A","PGM",0.5,"red"
"556",33366104,"A","G","PGM",0.5,"red"
"557",33418586,"C","G","PGM",0.5,"red"
"558",33660964,"T","G","PGM",0.5,"red"
"559",33723510,"C","T","PGM",0.5,"red"
"560",33726610,"C","T","PGM",0.5,"red"
"561",33969387,"G","A","PGM",0.5,"red"
"562",34036427,"A","G","PGM",0.5,"red"
"563",34068392,"G","T","PGM",0.5,"red"
"564",34256774,"G","A","PGM",0.5,"red"
"565",34283170,"G","A","PGM",0.5,"red"
"566",34403856,"C","T","PGM",0.5,"red"
"567",34410240,"T","G","PGM",0.5,"red"
"568",34424794,"A","G","PGM",0.5,"red"
"569",34427633,"G","A","PGM",0.5,"red"
"570",34445953,"G","A","PGM",0.5,"red"
"571",34453722,"T","C","PGM",0.5,"red"
"572",34455103,"C","T","PGM",0.5,"red"
"573",34466523,"T","C","PGM",0.5,"red"
"574",34477438,"A","G","PGM",0.5,"red"
"575",34480075,"T","G","PGM",0.5,"red"
"576",34499299,"T","C","PGM",0.5,"red"
"577",34519779,"A","G","PGM",0.5,"red"
"578",34589009,"A","G","PGM",0.5,"red"
"579",34601890,"A","G","PGM",0.5,"red"
"580",34616306,"A","G","PGM",0.5,"red"
"581",34617403,"C","A","PGM",0.5,"red"
"582",34631032,"G","C","PGM",0.5,"red"
"583",34760573,"A","G","PGM",0.5,"red"
"584",34761659,"A","G","PGM",0.5,"red"
"585",34911909,"T","C","PGM",0.5,"red"
"586",34948430,"C","T","PGM",0.5,"red"
"587",35049995,"C","T","PGM",0.5,"red"
"588",35095511,"G","T","PGM",0.5,"red"
"589",35104389,"A","G","PGM",0.5,"red"
"590",35427540,"A","G","PGM",0.5,"red"
"591",35694973,"C","T","PGM",0.5,"red"
"592",35949516,"T","C","PGM",0.5,"red"
"593",36004453,"T","C","PGM",0.5,"red"
"594",36026347,"G","T","PGM",0.5,"red"
"595",36026530,"C","T","PGM",0.5,"red"
"596",36675530,"G","A","PGM",0.5,"red"
"597",36680848,"G","A","PGM",0.5,"red"
"598",36728019,"A","G","PGM",0.5,"red"
"599",36834707,"A","G","PGM",0.5,"red"
"600",36835678,"G","A","PGM",0.5,"red"
"601",36838600,"T","C","PGM",0.5,"red"
"602",36841425,"T","C","PGM",0.5,"red"
"603",36851901,"C","T","PGM",0.5,"red"
"604",36854548,"T","C","PGM",0.5,"red"
"605",36859748,"G","A","PGM",0.5,"red"
"606",36860037,"C","T","PGM",0.5,"red"
"607",36863270,"A","C","PGM",0.5,"red"
"608",36874250,"T","C","PGM",0.5,"red"
"609",36884473,"A","C","PGM",0.5,"red"
"610",36910855,"T","C","PGM",0.5,"red"
"611",36919337,"G","A","PGM",0.5,"red"
"612",36927283,"T","C","PGM",0.5,"red"
"613",36935406,"T","C","PGM",0.5,"red"
"614",36937778,"T","C","PGM",0.5,"red"
"615",36938368,"T","C","PGM",0.5,"red"
"616",36939159,"C","A","PGM",0.5,"red"
"617",36941925,"T","C","PGM",0.5,"red"
"618",36946433,"A","G","PGM",0.5,"red"
"619",36947218,"A","G","PGM",0.5,"red"
"620",36948760,"C","T","PGM",0.5,"red"
"621",37177258,"G","A","PGM",0.5,"red"
"622",37285840,"T","C","PGM",0.5,"red"
"623",37311339,"T","C","PGM",0.5,"red"
"624",37327244,"G","A","PGM",0.5,"red"
"625",37336720,"G","A","PGM",0.5,"red"
"626",37473585,"T","C","PGM",0.5,"red"
"627",37489877,"G","A","PGM",0.5,"red"
"628",37505105,"T","G","PGM",0.5,"red"
"629",37527164,"A","G","PGM",0.5,"red"
"630",37530724,"A","G","PGM",0.5,"red"
"631",37590284,"G","A","PGM",0.5,"red"
"632",37619469,"A","G","PGM",0.5,"red"
"633",37670926,"C","A","PGM",0.5,"red"
"634",37685248,"T","C","PGM",0.5,"red"
"635",37703223,"T","C","PGM",0.5,"red"
"636",37704066,"A","G","PGM",0.5,"red"
"637",37706548,"A","G","PGM",0.5,"red"
"638",37829977,"T","C","PGM",0.5,"red"
"639",37831162,"C","T","PGM",0.5,"red"
"640",37834333,"T","G","PGM",0.5,"red"
"641",37843019,"C","T","PGM",0.5,"red"
"642",37851667,"G","A","PGM",0.5,"red"
"643",37855055,"G","A","PGM",0.5,"red"
"644",37855437,"G","A","PGM",0.5,"red"
"645",37888961,"C","T","PGM",0.5,"red"
"646",37893397,"T","C","PGM",0.5,"red"
"647",37895663,"G","A","PGM",0.5,"red"
"648",37895784,"C","A","PGM",0.5,"red"
"649",37897230,"C","T","PGM",0.5,"red"
"650",37903298,"C","G","PGM",0.5,"red"
"651",38326907,"G","A","PGM",0.5,"red"
"652",38336180,"T","G","PGM",0.5,"red"
"653",38521273,"T","C","PGM",0.5,"red"
"654",38687351,"A","G","PGM",0.5,"red"
"655",38687498,"C","A","PGM",0.5,"red"
"656",38703619,"C","T","PGM",0.5,"red"
"657",38892207,"A","G","PGM",0.5,"red"
"658",38893660,"G","A","PGM",0.5,"red"
"659",38897810,"C","T","PGM",0.5,"red"
"660",39069293,"C","T","PGM",0.5,"red"
"661",39601889,"G","T","PGM",0.5,"red"
"662",39867657,"G","A","PGM",0.5,"red"
"663",39868986,"A","G","PGM",0.5,"red"
"664",39884712,"G","A","PGM",0.5,"red"
"665",39899435,"A","G","PGM",0.5,"red"
"666",39905856,"A","C","PGM",0.5,"red"
"667",39911151,"T","C","PGM",0.5,"red"
"668",39914192,"G","A","PGM",0.5,"red"
"669",39914681,"A","G","PGM",0.5,"red"
"670",39919736,"A","G","PGM",0.5,"red"
"671",39944055,"G","A","PGM",0.5,"red"
"672",39959060,"A","C","PGM",0.5,"red"
"673",39972721,"C","T","PGM",0.5,"red"
"674",39976810,"A","G","PGM",0.5,"red"
"675",39985742,"C","T","PGM",0.5,"red"
"676",39997694,"C","T","PGM",0.5,"red"
"677",40002032,"G","T","PGM",0.5,"red"
"678",40005290,"C","T","PGM",0.5,"red"
"679",40021197,"C","T","PGM",0.5,"red"
"680",40024218,"G","T","PGM",0.5,"red"
"681",40027569,"C","T","PGM",0.5,"red"
"682",40033717,"G","T","PGM",0.5,"red"
"683",40046658,"G","A","PGM",0.5,"red"
"684",40051216,"A","G","PGM",0.5,"red"
"685",40060581,"A","G","PGM",0.5,"red"
"686",40181517,"G","A","PGM",0.5,"red"
"687",40207338,"C","T","PGM",0.5,"red"
"688",40218136,"C","T","PGM",0.5,"red"
"689",40222206,"T","C","PGM",0.5,"red"
"690",40225253,"C","T","PGM",0.5,"red"
"691",40229096,"T","C","PGM",0.5,"red"
"692",40241868,"G","A","PGM",0.5,"red"
"693",40246973,"C","T","PGM",0.5,"red"
"694",40267991,"C","T","PGM",0.5,"red"
"695",40273670,"T","G","PGM",0.5,"red"
"696",40275533,"G","T","PGM",0.5,"red"
"697",40286924,"T","C","PGM",0.5,"red"
"698",40297772,"T","C","PGM",0.5,"red"
"699",40315899,"T","G","PGM",0.5,"red"
"700",40324846,"A","G","PGM",0.5,"red"
"701",40326142,"T","C","PGM",0.5,"red"
"702",40329105,"T","G","PGM",0.5,"red"
"703",40509154,"T","C","PGM",0.5,"red"
"704",40511165,"G","A","PGM",0.5,"red"
"705",40527128,"T","G","PGM",0.5,"red"
"706",40527665,"G","A","PGM",0.5,"red"
"707",40531939,"T","C","PGM",0.5,"red"
"708",40535933,"C","T","PGM",0.5,"red"
"709",40538968,"A","G","PGM",0.5,"red"
"710",40547186,"A","G","PGM",0.5,"red"
"711",40555733,"A","G","PGM",0.5,"red"
"712",40574269,"A","G","PGM",0.5,"red"
"713",40793292,"G","A","PGM",0.5,"red"
"714",40882419,"C","C","PGF",1.5,"blue"
"715",41391252,"C","T","PGM",0.5,"red"
"716",41408226,"T","C","PGM",0.5,"red"
"717",41410837,"C","T","PGM",0.5,"red"
"718",41424692,"T","C","PGM",0.5,"red"
"719",41431085,"T","C","PGM",0.5,"red"
"720",41502545,"T","C","PGM",0.5,"red"
"721",41961894,"T","A","PGM",0.5,"red"
"722",41976547,"A","C","PGM",0.5,"red"
"723",41991409,"A","G","PGM",0.5,"red"
"724",42000564,"G","A","PGM",0.5,"red"
"725",42003498,"G","T","PGM",0.5,"red"
"726",42004730,"G","C","PGM",0.5,"red"
"727",42004997,"A","G","PGM",0.5,"red"
"728",42160388,"G","A","PGM",0.5,"red"
"729",42337408,"G","A","PGM",0.5,"red"
"730",42337614,"A","G","PGM",0.5,"red"
"731",42708267,"T","C","PGM",0.5,"red"
"732",42712932,"G","A","PGM",0.5,"red"
"733",42717015,"A","C","PGM",0.5,"red"
"734",43040577,"C","A","PGM",0.5,"red"
"735",43043308,"T","G","PGM",0.5,"red"
"736",43050311,"C","T","PGM",0.5,"red"
"737",43074225,"T","C","PGM",0.5,"red"
"738",43076226,"C","A","PGM",0.5,"red"
"739",43143587,"T","G","PGM",0.5,"red"
"740",43144956,"T","C","PGM",0.5,"red"
"741",43151319,"G","A","PGM",0.5,"red"
"742",43184504,"T","C","PGM",0.5,"red"
"743",43187097,"C","G","PGM",0.5,"red"
"744",43190388,"A","G","PGM",0.5,"red"
"745",43197221,"G","C","PGM",0.5,"red"
"746",43239425,"T","C","PGM",0.5,"red"
"747",43247073,"T","C","PGM",0.5,"red"
"748",43252691,"C","T","PGM",0.5,"red"
"749",43267121,"A","G","PGM",0.5,"red"
"750",43325570,"A","G","PGM",0.5,"red"
"751",43330109,"C","A","PGM",0.5,"red"
"752",43330140,"C","T","PGM",0.5,"red"
"753",43351007,"A","G","PGM",0.5,"red"
"754",43353389,"G","A","PGM",0.5,"red"
"755",43419886,"A","G","PGM",0.5,"red"
"756",43543555,"C","A","PGM",0.5,"red"
"757",43641627,"A","G","PGM",0.5,"red"
"758",44065090,"G","A","PGM",0.5,"red"
"759",44066247,"G","C","PGM",0.5,"red"
"760",44073656,"T","C","PGM",0.5,"red"
"761",44074000,"G","A","PGM",0.5,"red"
"762",44075483,"T","C","PGM",0.5,"red"
"763",44079310,"C","A","PGM",0.5,"red"
"764",44080324,"A","G","PGM",0.5,"red"
"765",44337791,"T","C","PGM",0.5,"red"
"766",44358504,"A","C","PGM",0.5,"red"
"767",44690514,"A","C","PGM",0.5,"red"
"768",44894336,"G","A","PGM",0.5,"red"
"769",44993487,"C","T","PGM",0.5,"red"
"770",45013725,"T","C","PGM",0.5,"red"
"771",45025481,"A","G","PGM",0.5,"red"
"772",45159934,"C","T","PGM",0.5,"red"
"773",45178004,"A","G","PGM",0.5,"red"
"774",45178493,"G","A","PGM",0.5,"red"
"775",45180150,"A","G","PGM",0.5,"red"
"776",45294327,"C","A","PGM",0.5,"red"
"777",45297576,"G","T","PGM",0.5,"red"
"778",45348125,"T","C","PGM",0.5,"red"
"779",45348277,"A","G","PGM",0.5,"red"
"780",45372968,"G","A","PGM",0.5,"red"
"781",45383266,"A","G","PGM",0.5,"red"
"782",45450988,"A","G","PGM",0.5,"red"
"783",45465799,"G","A","PGM",0.5,"red"
"784",45551530,"G","A","PGM",0.5,"red"
"785",45554033,"T","C","PGM",0.5,"red"
"786",45603764,"T","C","PGM",0.5,"red"
"787",45626376,"A","G","PGM",0.5,"red"
"788",45662883,"A","G","PGM",0.5,"red"
"789",45886009,"T","G","PGM",0.5,"red"
"790",45905946,"T","C","PGM",0.5,"red"
"791",45908637,"A","G","PGM",0.5,"red"
"792",45922470,"C","T","PGM",0.5,"red"
"793",45950270,"T","C","PGM",0.5,"red"
"794",45995350,"A","G","PGM",0.5,"red"
"795",46055357,"G","T","PGM",0.5,"red"
"796",46063406,"C","T","PGM",0.5,"red"
"797",46063600,"T","G","PGM",0.5,"red"
"798",46066236,"C","T","PGM",0.5,"red"
"799",46073717,"C","T","PGM",0.5,"red"
"800",46158690,"A","G","PGM",0.5,"red"
"801",46160405,"A","G","PGM",0.5,"red"
"802",46163200,"C","T","PGM",0.5,"red"
"803",46168929,"G","A","PGM",0.5,"red"
"804",46171117,"C","T","PGM",0.5,"red"
"805",46174037,"T","G","PGM",0.5,"red"
"806",46194334,"G","A","PGM",0.5,"red"
"807",46196138,"C","T","PGM",0.5,"red"
"808",46411207,"C","A","PGM",0.5,"red"
"809",46411420,"C","T","PGM",0.5,"red"
"810",46414446,"G","A","PGM",0.5,"red"
"811",46418606,"A","G","PGM",0.5,"red"
"812",46420267,"T","C","PGM",0.5,"red"
"813",46423054,"A","C","PGM",0.5,"red"
"814",46423982,"A","C","PGM",0.5,"red"
"815",46431304,"A","G","PGM",0.5,"red"
"816",46495252,"T","G","PGM",0.5,"red"
"817",46498621,"C","T","PGM",0.5,"red"
"818",46504962,"A","G","PGM",0.5,"red"
"819",46576488,"C","T","PGM",0.5,"red"
"820",46595363,"G","A","PGM",0.5,"red"
"821",46596433,"G","A","PGM",0.5,"red"
"822",46599030,"G","A","PGM",0.5,"red"
"823",46639626,"C","T","PGM",0.5,"red"
"824",46732405,"A","G","PGM",0.5,"red"
"825",46768543,"C","A","PGM",0.5,"red"
"826",46777942,"T","C","PGM",0.5,"red"
"827",46899525,"C","A","PGM",0.5,"red"
"828",47020925,"A","G","PGM",0.5,"red"
"829",47043417,"A","G","PGM",0.5,"red"
"830",47049409,"T","C","PGM",0.5,"red"
"831",47049453,"G","A","PGM",0.5,"red"
"832",47051551,"A","G","PGM",0.5,"red"
"833",47173359,"C","T","PGM",0.5,"red"
"834",47182032,"A","C","PGM",0.5,"red"
"835",47184447,"C","T","PGM",0.5,"red"
"836",47229953,"T","C","PGM",0.5,"red"
"837",47251125,"A","G","PGM",0.5,"red"
"838",47273732,"G","A","PGM",0.5,"red"
"839",47316740,"T","C","PGM",0.5,"red"
"840",47317631,"A","G","PGM",0.5,"red"
"841",47317952,"C","T","PGM",0.5,"red"
"842",47476816,"T","C","PGM",0.5,"red"
"843",47490742,"T","C","PGM",0.5,"red"
"844",47578181,"A","G","PGM",0.5,"red"
"845",47582161,"A","G","PGM",0.5,"red"
"846",47590034,"C","A","PGM",0.5,"red"
"847",47599454,"A","G","PGM",0.5,"red"
"848",47601407,"A","G","PGM",0.5,"red"
"849",47606774,"A","G","PGM",0.5,"red"
"850",47612878,"G","A","PGM",0.5,"red"
"851",47618870,"C","T","PGM",0.5,"red"
"852",47629898,"T","G","PGM",0.5,"red"
"853",47630639,"T","C","PGM",0.5,"red"
"854",47631352,"C","T","PGM",0.5,"red"
"855",47646968,"C","T","PGM",0.5,"red"
"856",47793217,"C","T","PGM",0.5,"red"
"857",47805801,"C","G","PGM",0.5,"red"
"858",47942825,"G","A","PGM",0.5,"red"
"859",47952231,"C","T","PGM",0.5,"red"
"860",47982572,"0","A","PGM",0.5,"red"
"861",48209986,"G","A","PGM",0.5,"red"
"862",48244584,"C","A","PGM",0.5,"red"
"863",48579778,"G","A","PGM",0.5,"red"
"864",48624007,"A","G","PGM",0.5,"red"
"865",48627956,"T","C","PGM",0.5,"red"
"866",48646399,"T","C","PGM",0.5,"red"
"867",48663050,"C","T","PGM",0.5,"red"
"868",48679498,"A","C","PGM",0.5,"red"
"869",48732944,"G","A","PGM",0.5,"red"
"870",48747079,"A","G","PGM",0.5,"red"
"871",48771605,"T","C","PGM",0.5,"red"
"872",48899807,"C","T","PGM",0.5,"red"
"873",48958595,"A","G","PGM",0.5,"red"
"874",48983395,"G","A","PGM",0.5,"red"
"875",49003566,"C","T","PGM",0.5,"red"
"876",49026034,"A","C","PGM",0.5,"red"
"877",49037855,"C","A","PGM",0.5,"red"
"878",49046476,"T","G","PGM",0.5,"red"
"879",49073208,"G","A","PGM",0.5,"red"
"880",49076821,"A","G","PGM",0.5,"red"
"881",49078132,"G","A","PGM",0.5,"red"
"882",49096214,"A","G","PGM",0.5,"red"
"883",49153675,"T","C","PGM",0.5,"red"
"884",49158325,"C","T","PGM",0.5,"red"
"885",49161779,"A","G","PGM",0.5,"red"
"886",49161923,"T","G","PGM",0.5,"red"
"887",49170035,"C","T","PGM",0.5,"red"
"888",49172428,"G","A","PGM",0.5,"red"
"889",49194702,"G","A","PGM",0.5,"red"
"890",49197461,"G","A","PGM",0.5,"red"
"891",49197684,"G","A","PGM",0.5,"red"
"892",49201612,"T","C","PGM",0.5,"red"
"893",49202485,"G","A","PGM",0.5,"red"
"894",49205110,"G","A","PGM",0.5,"red"
"895",49220080,"G","A","PGM",0.5,"red"
"896",49226271,"G","A","PGM",0.5,"red"
"897",49343909,"G","A","PGM",0.5,"red"
"898",49571948,"A","G","PGM",0.5,"red"
"899",49576624,"T","C","PGM",0.5,"red"
"900",49641262,"T","G","PGM",0.5,"red"
"901",49644800,"A","G","PGM",0.5,"red"
"902",49687659,"T","G","PGM",0.5,"red"
"903",49714129,"C","T","PGM",0.5,"red"
"904",49716202,"T","C","PGM",0.5,"red"
"905",49716853,"G","A","PGM",0.5,"red"
"906",49739361,"C","T","PGM",0.5,"red"
"907",49752589,"T","C","PGM",0.5,"red"
"908",49764298,"C","T","PGM",0.5,"red"
"909",49790063,"C","T","PGM",0.5,"red"
"910",49829630,"A","G","PGM",0.5,"red"
"911",49876591,"A","C","PGM",0.5,"red"
"912",49894154,"T","C","PGM",0.5,"red"
"913",50914485,"G","A","PGM",0.5,"red"
"914",51127789,"C","A","PGM",0.5,"red"
"915",51135341,"T","C","PGM",0.5,"red"
"916",51171458,"G","A","PGM",0.5,"red"
"917",51184223,"C","T","PGM",0.5,"red"
"918",51254901,"G","A","PGM",0.5,"red"
"919",51258416,"G","A","PGM",0.5,"red"
"920",51281597,"T","G","PGM",0.5,"red"
"921",51294096,"A","G","PGM",0.5,"red"
"922",51429880,"G","A","PGM",0.5,"red"
"923",51553613,"G","A","PGM",0.5,"red"
"924",51554047,"C","T","PGM",0.5,"red"
"925",51643185,"T","C","PGM",0.5,"red"
"926",51663763,"C","T","PGM",0.5,"red"
"927",51732873,"C","T","PGM",0.5,"red"
"928",51742119,"C","T","PGM",0.5,"red"
"929",52328224,"G","A","PGM",0.5,"red"
"930",52509876,"G","T","PGM",0.5,"red"
"931",53237548,"T","C","PGM",0.5,"red"
"932",53263553,"T","C","PGM",0.5,"red"
"933",53277205,"T","G","PGM",0.5,"red"
"934",53283334,"G","A","PGM",0.5,"red"
"935",53295106,"C","T","PGM",0.5,"red"
"936",53310440,"G","A","PGM",0.5,"red"
"937",53322243,"T","C","PGM",0.5,"red"
"938",53327092,"C","T","PGM",0.5,"red"
"939",53436121,"A","G","PGM",0.5,"red"
"940",53460619,"T","C","PGM",0.5,"red"
"941",53510546,"G","A","PGM",0.5,"red"
"942",53517933,"C","T","PGM",0.5,"red"
"943",53531829,"C","A","PGM",0.5,"red"
"944",53635888,"T","A","PGM",0.5,"red"
"945",53637182,"C","T","PGM",0.5,"red"
"946",53650817,"C","T","PGM",0.5,"red"
"947",53735050,"A","G","PGM",0.5,"red"
"948",53837432,"C","T","PGM",0.5,"red"
"949",55098077,"T","C","PGM",0.5,"red"
"950",55354466,"T","C","PGM",0.5,"red"
"951",55383624,"T","C","PGM",0.5,"red"
"952",55384062,"T","G","PGM",0.5,"red"
"953",55680496,"A","G","PGM",0.5,"red"
"954",55696124,"G","A","PGM",0.5,"red"
"955",55815997,"T","C","PGM",0.5,"red"
"956",56082610,"C","T","PGM",0.5,"red"
"957",56083065,"A","G","PGM",0.5,"red"
"958",56108882,"T","C","PGM",0.5,"red"
"959",56144930,"T","C","PGM",0.5,"red"
"960",56253505,"T","G","PGM",0.5,"red"
"961",56330148,"A","G","PGM",0.5,"red"
"962",56421972,"C","T","PGM",0.5,"red"
"963",56462994,"G","A","PGM",0.5,"red"
"964",56476401,"T","C","PGM",0.5,"red"
"965",56594934,"C","A","PGM",0.5,"red"
"966",57383697,"T","G","PGM",0.5,"red"
"967",57855341,"G","A","PGM",0.5,"red"
"968",57923006,"T","G","PGM",0.5,"red"
"969",57934055,"C","T","PGM",0.5,"red"
"970",57934120,"T","C","PGM",0.5,"red"
"971",57937744,"C","T","PGM",0.5,"red"
"972",59150619,"A","G","PGM",0.5,"red"
"973",59172847,"T","C","PGM",0.5,"red"
"974",59199847,"G","A","PGM",0.5,"red"
"975",59339111,"C","T","PGM",0.5,"red"
"976",59457661,"A","G","PGM",0.5,"red"
"977",59466891,"A","G","PGM",0.5,"red"
"978",59583448,"A","G","PGM",0.5,"red"
"979",59593107,"C","T","PGM",0.5,"red"
"980",59601449,"C","A","PGM",0.5,"red"
"981",59603319,"C","T","PGM",0.5,"red"
"982",59652486,"G","A","PGM",0.5,"red"
"983",59675929,"C","T","PGM",0.5,"red"
"984",59744156,"G","A","PGM",0.5,"red"
"985",59744856,"A","C","PGM",0.5,"red"
"986",59764478,"C","T","PGM",0.5,"red"
"987",59780472,"C","A","PGM",0.5,"red"
"988",59790940,"C","A","PGM",0.5,"red"
"989",59798679,"A","G","PGM",0.5,"red"
"990",59951465,"T","C","PGM",0.5,"red"
"991",60029857,"G","A","PGM",0.5,"red"
"992",60033484,"T","C","PGM",0.5,"red"
"993",60097447,"C","T","PGM",0.5,"red"
"994",60114444,"T","C","PGM",0.5,"red"
"995",60135348,"C","T","PGM",0.5,"red"
"996",60175669,"C","T","PGM",0.5,"red"
"997",60255546,"T","C","PGM",0.5,"red"
"998",60283805,"T","C","PGM",0.5,"red"
"999",60284614,"T","C","PGM",0.5,"red"
"1000",60290360,"T","C","PGM",0.5,"red"
"1001",60291471,"T","G","PGM",0.5,"red"
"1002",60587898,"T","C","PGM",0.5,"red"
"1003",60676363,"C","T","PGM",0.5,"red"
"1004",60681575,"A","C","PGM",0.5,"red"
"1005",60689748,"A","G","PGM",0.5,"red"
"1006",60698397,"A","C","PGM",0.5,"red"
"1007",60702766,"T","C","PGM",0.5,"red"
"1008",60723266,"A","G","PGM",0.5,"red"
"1009",60736837,"T","C","PGM",0.5,"red"
"1010",60738227,"T","C","PGM",0.5,"red"
"1011",60742572,"T","C","PGM",0.5,"red"
"1012",60789053,"G","A","PGM",0.5,"red"
"1013",60810972,"C","T","PGM",0.5,"red"
"1014",60899756,"C","T","PGM",0.5,"red"
"1015",60921168,"C","T","PGM",0.5,"red"
"1016",60958287,"G","A","PGM",0.5,"red"
"1017",61323840,"C","T","PGM",0.5,"red"
"1018",61821871,"T","C","PGM",0.5,"red"
"1019",62067433,"T","C","PGM",0.5,"red"
"1020",62228180,"C","G","PGM",0.5,"red"
"1021",62533045,"G","A","PGM",0.5,"red"
"1022",62562310,"C","T","PGM",0.5,"red"
"1023",62584618,"C","T","PGM",0.5,"red"
"1024",62593531,"G","T","PGM",0.5,"red"
"1025",62599559,"A","G","PGM",0.5,"red"
"1026",62602378,"C","T","PGM",0.5,"red"
"1027",62617142,"A","G","PGM",0.5,"red"
"1028",62688183,"T","C","PGM",0.5,"red"
"1029",62694693,"G","A","PGM",0.5,"red"
"1030",63072208,"G","A","PGM",0.5,"red"
"1031",63098619,"G","A","PGM",0.5,"red"
"1032",63345921,"G","A","PGM",0.5,"red"
"1033",63375950,"T","C","PGM",0.5,"red"
"1034",63425505,"G","A","PGM",0.5,"red"
"1035",63983802,"T","C","PGM",0.5,"red"
"1036",64168232,"G","A","PGM",0.5,"red"
"1037",64292988,"A","G","PGM",0.5,"red"
"1038",64308048,"C","T","PGM",0.5,"red"
"1039",64316687,"A","G","PGM",0.5,"red"
"1040",64369336,"C","A","PGM",0.5,"red"
"1041",64402689,"C","T","PGM",0.5,"red"
"1042",64424920,"A","C","PGM",0.5,"red"
"1043",64463958,"T","C","PGM",0.5,"red"
"1044",64476529,"C","T","PGM",0.5,"red"
"1045",64544552,"G","A","PGM",0.5,"red"
"1046",64561680,"C","A","PGM",0.5,"red"
"1047",64588987,"C","T","PGM",0.5,"red"
"1048",64594552,"T","C","PGM",0.5,"red"
"1049",64614241,"G","A","PGM",0.5,"red"
"1050",64623733,"T","G","PGM",0.5,"red"
"1051",64703286,"C","A","PGM",0.5,"red"
"1052",64713532,"G","T","PGM",0.5,"red"
"1053",64717119,"A","G","PGM",0.5,"red"
"1054",64720012,"A","G","PGM",0.5,"red"
"1055",64726449,"G","A","PGM",0.5,"red"
"1056",64742266,"C","A","PGM",0.5,"red"
"1057",64744358,"C","T","PGM",0.5,"red"
"1058",64769481,"C","T","PGM",0.5,"red"
"1059",64781613,"T","G","PGM",0.5,"red"
"1060",64790171,"G","A","PGM",0.5,"red"
"1061",64807294,"T","G","PGM",0.5,"red"
"1062",64823848,"T","C","PGM",0.5,"red"
"1063",64824861,"A","C","PGM",0.5,"red"
"1064",64826469,"T","C","PGM",0.5,"red"
"1065",64829151,"G","A","PGM",0.5,"red"
"1066",64833920,"G","T","PGM",0.5,"red"
"1067",64839959,"A","G","PGM",0.5,"red"
"1068",64856267,"A","G","PGM",0.5,"red"
"1069",64859679,"C","T","PGM",0.5,"red"
"1070",64867783,"G","A","PGM",0.5,"red"
"1071",64882414,"T","C","PGM",0.5,"red"
"1072",64918070,"T","G","PGM",0.5,"red"
"1073",65102741,"T","C","PGM",0.5,"red"
"1074",65103983,"G","A","PGM",0.5,"red"
"1075",65114005,"T","G","PGM",0.5,"red"
"1076",65135370,"C","T","PGM",0.5,"red"
"1077",65200618,"A","C","PGM",0.5,"red"
"1078",65390283,"C","T","PGM",0.5,"red"
"1079",65392042,"T","C","PGM",0.5,"red"
"1080",65394714,"C","T","PGM",0.5,"red"
"1081",65492486,"C","T","PGM",0.5,"red"
"1082",65579228,"G","T","PGM",0.5,"red"
"1083",65677729,"A","G","PGM",0.5,"red"
"1084",65783877,"C","T","PGM",0.5,"red"
"1085",65786773,"A","G","PGM",0.5,"red"
"1086",65800982,"C","A","PGM",0.5,"red"
"1087",65804244,"A","G","PGM",0.5,"red"
"1088",65804266,"C","T","PGM",0.5,"red"
"1089",65952563,"G","A","PGM",0.5,"red"
"1090",66402505,"G","A","PGM",0.5,"red"
"1091",66451035,"C","T","PGM",0.5,"red"
"1092",66455372,"A","G","PGM",0.5,"red"
"1093",66464350,"C","T","PGM",0.5,"red"
"1094",66530723,"A","G","PGM",0.5,"red"
"1095",66561738,"C","T","PGM",0.5,"red"
"1096",66567399,"A","C","PGM",0.5,"red"
"1097",66608972,"C","A","PGM",0.5,"red"
"1098",66651744,"C","T","PGM",0.5,"red"
"1099",66652032,"G","A","PGM",0.5,"red"
"1100",66692508,"C","T","PGM",0.5,"red"
"1101",66720099,"A","C","PGM",0.5,"red"
"1102",66817402,"T","C","PGM",0.5,"red"
"1103",67014761,"C","T","PGM",0.5,"red"
"1104",67026142,"G","A","PGM",0.5,"red"
"1105",67055115,"C","A","PGM",0.5,"red"
"1106",67121698,"T","G","PGM",0.5,"red"
"1107",67131631,"A","G","PGM",0.5,"red"
"1108",67144798,"G","T","PGM",0.5,"red"
"1109",67240028,"G","A","PGM",0.5,"red"
"1110",67258675,"A","G","PGM",0.5,"red"
"1111",67263143,"T","C","PGM",0.5,"red"
"1112",67265215,"A","G","PGM",0.5,"red"
"1113",67266483,"T","C","PGM",0.5,"red"
"1114",67269295,"C","T","PGM",0.5,"red"
"1115",67278099,"C","T","PGM",0.5,"red"
"1116",67302208,"C","T","PGM",0.5,"red"
"1117",67302743,"A","G","PGM",0.5,"red"
"1118",67302866,"C","T","PGM",0.5,"red"
"1119",67306158,"G","A","PGM",0.5,"red"
"1120",67311244,"T","C","PGM",0.5,"red"
"1121",67334338,"C","A","PGM",0.5,"red"
"1122",67356176,"A","G","PGM",0.5,"red"
"1123",67388797,"G","A","PGM",0.5,"red"
"1124",67444692,"T","C","PGM",0.5,"red"
"1125",67446093,"T","C","PGM",0.5,"red"
"1126",67725604,"T","C","PGM",0.5,"red"
"1127",67756249,"G","A","PGM",0.5,"red"
"1128",67760072,"A","G","PGM",0.5,"red"
"1129",67762906,"T","G","PGM",0.5,"red"
"1130",67766949,"G","T","PGM",0.5,"red"
"1131",67793326,"G","A","PGM",0.5,"red"
"1132",67806992,"C","T","PGM",0.5,"red"
"1133",67838474,"T","C","PGM",0.5,"red"
"1134",67853013,"C","T","PGM",0.5,"red"
"1135",67865595,"T","C","PGM",0.5,"red"
"1136",68192266,"T","C","PGM",0.5,"red"
"1137",68518280,"T","C","PGM",0.5,"red"
"1138",68529682,"G","A","PGM",0.5,"red"
"1139",68537070,"G","T","PGM",0.5,"red"
"1140",68537909,"A","C","PGM",0.5,"red"
"1141",68542498,"A","C","PGM",0.5,"red"
"1142",68569316,"G","T","PGM",0.5,"red"
"1143",68570772,"C","G","PGM",0.5,"red"
"1144",68571153,"C","T","PGM",0.5,"red"
"1145",68573781,"C","T","PGM",0.5,"red"
"1146",68573862,"C","T","PGM",0.5,"red"
"1147",68801666,"A","G","PGM",0.5,"red"
"1148",68879378,"T","G","PGM",0.5,"red"
"1149",68884537,"G","A","PGM",0.5,"red"
"1150",68886057,"G","A","PGM",0.5,"red"
"1151",68888314,"A","G","PGM",0.5,"red"
"1152",68890104,"C","T","PGM",0.5,"red"
"1153",68934314,"T","C","PGM",0.5,"red"
"1154",68936460,"C","A","PGM",0.5,"red"
"1155",68947023,"T","C","PGM",0.5,"red"
"1156",68954919,"A","G","PGM",0.5,"red"
"1157",69017904,"G","T","PGM",0.5,"red"
"1158",69029707,"T","C","PGM",0.5,"red"
"1159",69044528,"A","T","PGM",0.5,"red"
"1160",69302028,"A","G","PGM",0.5,"red"
"1161",69328218,"G","A","PGM",0.5,"red"
"1162",70041440,"G","A","PGM",0.5,"red"
"1163",70084977,"T","G","PGM",0.5,"red"
"1164",70165966,"G","A","PGM",0.5,"red"
"1165",70172587,"G","A","PGM",0.5,"red"
"1166",70263260,"G","A","PGM",0.5,"red"
"1167",70354475,"G","T","PGM",0.5,"red"
"1168",70372029,"G","A","PGM",0.5,"red"
"1169",70564136,"G","A","PGM",0.5,"red"
"1170",70567734,"C","T","PGM",0.5,"red"
"1171",70569838,"A","G","PGM",0.5,"red"
"1172",70571103,"A","G","PGM",0.5,"red"
"1173",70675707,"T","G","PGM",0.5,"red"
"1174",70762905,"G","A","PGM",0.5,"red"
"1175",70769365,"A","C","PGM",0.5,"red"
"1176",70772455,"C","T","PGM",0.5,"red"
"1177",70796339,"G","A","PGM",0.5,"red"
"1178",70842774,"C","T","PGM",0.5,"red"
"1179",70847531,"T","C","PGM",0.5,"red"
"1180",70884208,"G","C","PGM",0.5,"red"
"1181",70891515,"C","T","PGM",0.5,"red"
"1182",70905099,"G","T","PGM",0.5,"red"
"1183",70921539,"T","C","PGM",0.5,"red"
"1184",70943629,"C","T","PGM",0.5,"red"
"1185",70973247,"A","G","PGM",0.5,"red"
"1186",71024553,"C","T","PGM",0.5,"red"
"1187",71457449,"A","G","PGM",0.5,"red"
"1188",71567042,"A","G","PGM",0.5,"red"
"1189",71600457,"T","G","PGM",0.5,"red"
"1190",71706697,"A","C","PGM",0.5,"red"
"1191",71788235,"G","A","PGM",0.5,"red"
"1192",71806112,"C","T","PGM",0.5,"red"
"1193",71807096,"A","G","PGM",0.5,"red"
"1194",71817003,"G","A","PGM",0.5,"red"
"1195",71826102,"C","T","PGM",0.5,"red"
"1196",71827555,"C","T","PGM",0.5,"red"
"1197",71929775,"A","G","PGM",0.5,"red"
"1198",71933735,"G","A","PGM",0.5,"red"
"1199",72030760,"G","A","PGM",0.5,"red"
"1200",72031172,"C","A","PGM",0.5,"red"
"1201",72034662,"G","A","PGM",0.5,"red"
"1202",72035866,"G","A","PGM",0.5,"red"
"1203",72066907,"A","G","PGM",0.5,"red"
"1204",72088761,"A","G","PGM",0.5,"red"
"1205",72089937,"T","C","PGM",0.5,"red"
"1206",72096377,"A","C","PGM",0.5,"red"
"1207",72099440,"G","A","PGM",0.5,"red"
"1208",72101633,"T","G","PGM",0.5,"red"
"1209",72430888,"A","G","PGM",0.5,"red"
"1210",72451299,"A","G","PGM",0.5,"red"
"1211",73162541,"C","T","PGM",0.5,"red"
"1212",73172445,"A","G","PGM",0.5,"red"
"1213",73301602,"G","T","PGM",0.5,"red"
"1214",73556155,"T","G","PGM",0.5,"red"
"1215",73574591,"A","G","PGM",0.5,"red"
"1216",73587331,"G","A","PGM",0.5,"red"
"1217",73601606,"G","A","PGM",0.5,"red"
"1218",73623439,"C","T","PGM",0.5,"red"
"1219",73651967,"C","T","PGM",0.5,"red"
"1220",73679280,"A","G","PGM",0.5,"red"
"1221",73685852,"A","G","PGM",0.5,"red"
"1222",73713500,"T","C","PGM",0.5,"red"
"1223",73717567,"G","T","PGM",0.5,"red"
"1224",73717656,"A","G","PGM",0.5,"red"
"1225",73721250,"A","C","PGM",0.5,"red"
"1226",73746923,"C","T","PGM",0.5,"red"
"1227",73774019,"G","A","PGM",0.5,"red"
"1228",73776582,"G","C","PGM",0.5,"red"
"1229",73785358,"A","G","PGM",0.5,"red"
"1230",73818936,"G","A","PGM",0.5,"red"
"1231",73828538,"A","G","PGM",0.5,"red"
"1232",73837751,"T","C","PGM",0.5,"red"
"1233",73837955,"A","G","PGM",0.5,"red"
"1234",73860348,"A","G","PGM",0.5,"red"
"1235",73868328,"A","G","PGM",0.5,"red"
"1236",73885096,"A","G","PGM",0.5,"red"
"1237",73932044,"A","G","PGM",0.5,"red"
"1238",73936322,"C","T","PGM",0.5,"red"
"1239",73966087,"A","G","PGM",0.5,"red"
"1240",74007136,"C","T","PGM",0.5,"red"
"1241",74091725,"A","G","PGM",0.5,"red"
"1242",74110021,"A","G","PGM",0.5,"red"
"1243",74116536,"A","C","PGM",0.5,"red"
"1244",74121000,"T","C","PGM",0.5,"red"
"1245",74144110,"A","A","PGF",1.5,"blue"
"1246",74245777,"T","C","PGM",0.5,"red"
"1247",74263419,"A","G","PGM",0.5,"red"
"1248",74269279,"G","A","PGM",0.5,"red"
"1249",74280115,"G","A","PGM",0.5,"red"
"1250",74284687,"A","G","PGM",0.5,"red"
"1251",74306056,"G","A","PGM",0.5,"red"
"1252",74309401,"G","A","PGM",0.5,"red"
"1253",74322469,"C","T","PGM",0.5,"red"
"1254",74323500,"A","G","PGM",0.5,"red"
"1255",74325654,"T","G","PGM",0.5,"red"
"1256",74327453,"C","T","PGM",0.5,"red"
"1257",74334462,"A","G","PGM",0.5,"red"
"1258",74685443,"T","G","PGM",0.5,"red"
"1259",74884611,"A","G","PGM",0.5,"red"
"1260",75051823,"G","A","PGM",0.5,"red"
"1261",75072923,"T","C","PGM",0.5,"red"
"1262",75098183,"A","G","PGM",0.5,"red"
"1263",75107048,"T","G","PGM",0.5,"red"
"1264",75121645,"T","C","PGM",0.5,"red"
"1265",75156603,"A","G","PGM",0.5,"red"
"1266",75283078,"G","A","PGM",0.5,"red"
"1267",75482223,"C","T","PGM",0.5,"red"
"1268",75669070,"A","G","PGM",0.5,"red"
"1269",76687485,"C","A","PGM",0.5,"red"
"1270",76688846,"T","G","PGM",0.5,"red"
"1271",76745098,"G","A","PGM",0.5,"red"
"1272",76760606,"T","C","PGM",0.5,"red"
"1273",76764537,"A","G","PGM",0.5,"red"
"1274",76814757,"A","G","PGM",0.5,"red"
"1275",76956302,"A","G","PGM",0.5,"red"
"1276",77049269,"0","A","PGM",0.5,"red"
"1277",77060015,"G","C","PGM",0.5,"red"
"1278",77116764,"C","T","PGM",0.5,"red"
"1279",77125218,"G","A","PGM",0.5,"red"
"1280",77148261,"C","T","PGM",0.5,"red"
"1281",77188456,"C","T","PGM",0.5,"red"
"1282",77206366,"G","A","PGM",0.5,"red"
"1283",77207142,"C","T","PGM",0.5,"red"
"1284",77228622,"T","C","PGM",0.5,"red"
"1285",77270019,"T","C","PGM",0.5,"red"
"1286",77294680,"C","T","PGM",0.5,"red"
"1287",77294848,"T","C","PGM",0.5,"red"
"1288",77297060,"A","G","PGM",0.5,"red"
"1289",77297536,"A","C","PGM",0.5,"red"
"1290",77303722,"A","C","PGM",0.5,"red"
"1291",77307695,"G","A","PGM",0.5,"red"
"1292",77312970,"A","C","PGM",0.5,"red"
"1293",77314321,"G","A","PGM",0.5,"red"
"1294",77326832,"G","A","PGM",0.5,"red"
"1295",77328936,"T","C","PGM",0.5,"red"
"1296",77351013,"G","A","PGM",0.5,"red"
"1297",77351450,"A","G","PGM",0.5,"red"
"1298",77360561,"A","G","PGM",0.5,"red"
"1299",77377286,"A","G","PGM",0.5,"red"
"1300",78093107,"T","C","PGM",0.5,"red"
"1301",78100362,"A","C","PGM",0.5,"red"
"1302",78108529,"C","A","PGM",0.5,"red"
"1303",78114950,"A","G","PGM",0.5,"red"
"1304",78123113,"C","T","PGM",0.5,"red"
"1305",78165625,"C","T","PGM",0.5,"red"
"1306",78256829,"A","G","PGM",0.5,"red"
"1307",78287339,"G","A","PGM",0.5,"red"
"1308",78352550,"C","T","PGM",0.5,"red"
"1309",78361647,"C","T","PGM",0.5,"red"
"1310",78363093,"T","C","PGM",0.5,"red"
"1311",78381263,"C","T","PGM",0.5,"red"
"1312",78408390,"T","C","PGM",0.5,"red"
"1313",78416572,"T","C","PGM",0.5,"red"
"1314",78539666,"G","A","PGM",0.5,"red"
"1315",78580198,"C","T","PGM",0.5,"red"
"1316",78684017,"G","A","PGM",0.5,"red"
"1317",78740927,"A","G","PGM",0.5,"red"
"1318",79012163,"T","C","PGM",0.5,"red"
"1319",79085411,"C","A","PGM",0.5,"red"
"1320",79236614,"A","G","PGM",0.5,"red"
"1321",79265567,"C","T","PGM",0.5,"red"
"1322",79267708,"C","A","PGM",0.5,"red"
"1323",79291934,"T","C","PGM",0.5,"red"
"1324",79293342,"G","T","PGM",0.5,"red"
"1325",79293494,"A","G","PGM",0.5,"red"
"1326",79295653,"A","G","PGM",0.5,"red"
"1327",79310943,"T","G","PGM",0.5,"red"
"1328",79332083,"C","T","PGM",0.5,"red"
"1329",79404926,"G","A","PGM",0.5,"red"
"1330",79419891,"G","A","PGM",0.5,"red"
"1331",79447701,"G","A","PGM",0.5,"red"
"1332",79518889,"G","A","PGM",0.5,"red"
"1333",79520327,"C","T","PGM",0.5,"red"
"1334",79525428,"T","C","PGM",0.5,"red"
"1335",79526043,"A","G","PGM",0.5,"red"
"1336",79538168,"T","G","PGM",0.5,"red"
"1337",79539988,"G","C","PGM",0.5,"red"
"1338",79561648,"0","A","PGM",0.5,"red"
"1339",79850653,"G","T","PGM",0.5,"red"
"1340",79935003,"G","A","PGM",0.5,"red"
"1341",80078285,"A","C","PGM",0.5,"red"
"1342",80081182,"T","G","PGM",0.5,"red"
"1343",80110321,"A","G","PGM",0.5,"red"
"1344",80115288,"G","T","PGM",0.5,"red"
"1345",80124540,"G","A","PGM",0.5,"red"
"1346",80192435,"A","G","PGM",0.5,"red"
"1347",80510040,"G","T","PGM",0.5,"red"
"1348",80744297,"A","G","PGM",0.5,"red"
"1349",80757507,"T","C","PGM",0.5,"red"
"1350",80791001,"T","C","PGM",0.5,"red"
"1351",80791939,"G","T","PGM",0.5,"red"
"1352",80797905,"C","A","PGM",0.5,"red"
"1353",80907225,"T","G","PGM",0.5,"red"
"1354",81665310,"C","A","PGM",0.5,"red"
"1355",81937276,"G","A","PGM",0.5,"red"
"1356",82019665,"C","T","PGM",0.5,"red"
"1357",82039382,"G","A","PGM",0.5,"red"
"1358",82052112,"C","T","PGM",0.5,"red"
"1359",82203556,"G","T","PGM",0.5,"red"
"1360",82237352,"C","T","PGM",0.5,"red"
"1361",82309682,"C","T","PGM",0.5,"red"
"1362",82320474,"A","G","PGM",0.5,"red"
"1363",82351371,"T","G","PGM",0.5,"red"
"1364",82369359,"C","A","PGM",0.5,"red"
"1365",82761573,"T","C","PGM",0.5,"red"
"1366",82788806,"T","C","PGM",0.5,"red"
"1367",83912152,"T","C","PGM",0.5,"red"
"1368",83922229,"A","G","PGM",0.5,"red"
"1369",84001716,"G","A","PGM",0.5,"red"
"1370",84074675,"A","G","PGM",0.5,"red"
"1371",84093827,"G","A","PGM",0.5,"red"
"1372",84116856,"G","A","PGM",0.5,"red"
"1373",84121008,"G","A","PGM",0.5,"red"
"1374",84168881,"T","A","PGM",0.5,"red"
"1375",84182788,"G","A","PGM",0.5,"red"
"1376",84187429,"G","A","PGM",0.5,"red"
"1377",84195984,"T","C","PGM",0.5,"red"
"1378",84246586,"G","A","PGM",0.5,"red"
"1379",84285365,"A","G","PGM",0.5,"red"
"1380",84348628,"G","A","PGM",0.5,"red"
"1381",85093001,"G","A","PGM",0.5,"red"
"1382",85168571,"C","T","PGM",0.5,"red"
"1383",85169420,"A","G","PGM",0.5,"red"
"1384",85173517,"T","C","PGM",0.5,"red"
"1385",85173984,"G","T","PGM",0.5,"red"
"1386",85190325,"T","C","PGM",0.5,"red"
"1387",85357333,"T","C","PGM",0.5,"red"
"1388",85505602,"C","T","PGM",0.5,"red"
"1389",85594646,"C","T","PGM",0.5,"red"
"1390",85655991,"G","T","PGM",0.5,"red"
"1391",85662650,"G","A","PGM",0.5,"red"
"1392",85672868,"G","A","PGM",0.5,"red"
"1393",85684210,"G","A","PGM",0.5,"red"
"1394",85737059,"C","T","PGM",0.5,"red"
"1395",85777633,"C","G","PGM",0.5,"red"
"1396",85788140,"C","T","PGM",0.5,"red"
"1397",85903908,"A","C","PGM",0.5,"red"
"1398",85909026,"T","C","PGM",0.5,"red"
"1399",85911339,"A","G","PGM",0.5,"red"
"1400",85913162,"T","C","PGM",0.5,"red"
"1401",85938000,"T","C","PGM",0.5,"red"
"1402",85948793,"G","A","PGM",0.5,"red"
"1403",85949396,"A","G","PGM",0.5,"red"
"1404",85986649,"C","A","PGM",0.5,"red"
"1405",85992929,"T","C","PGM",0.5,"red"
"1406",85995648,"C","T","PGM",0.5,"red"
"1407",86001255,"A","G","PGM",0.5,"red"
"1408",86685133,"A","G","PGM",0.5,"red"
"1409",87048702,"G","T","PGM",0.5,"red"
"1410",87782796,"C","T","PGM",0.5,"red"
"1411",88415087,"G","A","PGM",0.5,"red"
"1412",88705143,"A","G","PGM",0.5,"red"
"1413",88721248,"G","A","PGM",0.5,"red"
"1414",88736523,"G","A","PGM",0.5,"red"
"1415",88736950,"C","T","PGM",0.5,"red"
"1416",88744777,"C","A","PGM",0.5,"red"
"1417",88803885,"T","C","PGM",0.5,"red"
"1418",96959616,"G","A","PGM",0.5,"red"
"1419",96960471,"A","C","PGM",0.5,"red"
"1420",96962859,"G","A","PGM",0.5,"red"
"1421",97427135,"G","A","PGM",0.5,"red"
"1422",98333290,"T","C","PGM",0.5,"red"
"1423",98636132,"T","C","PGM",0.5,"red"
"1424",98795792,"G","C","PGM",0.5,"red"
"1425",98974389,"T","G","PGM",0.5,"red"
"1426",98986510,"T","C","PGM",0.5,"red"
"1427",99016975,"T","C","PGM",0.5,"red"
"1428",99239931,"C","T","PGM",0.5,"red"
"1429",101088840,"T","C","PGM",0.5,"red"
"1430",101103245,"T","C","PGM",0.5,"red"
"1431",101103384,"C","T","PGM",0.5,"red"
"1432",101131552,"C","T","PGM",0.5,"red"
"1433",101140614,"G","A","PGM",0.5,"red"
"1434",101201669,"G","A","PGM",0.5,"red"
"1435",101223405,"C","T","PGM",0.5,"red"
"1436",101339280,"A","C","PGM",0.5,"red"
"1437",101928997,"G","A","PGM",0.5,"red"
"1438",101929766,"C","T","PGM",0.5,"red"
"1439",101958326,"T","G","PGM",0.5,"red"
"1440",101971618,"C","T","PGM",0.5,"red"
"1441",101973286,"T","G","PGM",0.5,"red"
"1442",101997738,"A","G","PGM",0.5,"red"
"1443",102014754,"A","G","PGM",0.5,"red"
"1444",102018908,"G","A","PGM",0.5,"red"
"1445",102020770,"A","G","PGM",0.5,"red"
"1446",102050264,"G","A","PGM",0.5,"red"
"1447",102154764,"G","A","PGM",0.5,"red"
"1448",102604649,"C","A","PGM",0.5,"red"
"1449",102610828,"C","T","PGM",0.5,"red"
"1450",102646391,"C","A","PGM",0.5,"red"
"1451",102648609,"T","C","PGM",0.5,"red"
"1452",102654228,"G","A","PGM",0.5,"red"
"1453",102659194,"T","C","PGM",0.5,"red"
"1454",102671067,"A","G","PGM",0.5,"red"
"1455",102675594,"G","A","PGM",0.5,"red"
"1456",102683386,"T","C","PGM",0.5,"red"
"1457",102713909,"C","T","PGM",0.5,"red"
"1458",102771293,"C","T","PGM",0.5,"red"
"1459",102915662,"T","C","PGM",0.5,"red"
"1460",103180530,"C","A","PGM",0.5,"red"
"1461",103180864,"T","C","PGM",0.5,"red"
"1462",103205175,"A","G","PGM",0.5,"red"
"1463",103210221,"T","C","PGM",0.5,"red"
"1464",103232630,"C","T","PGM",0.5,"red"
"1465",103239988,"G","A","PGM",0.5,"red"
"1466",103252467,"T","C","PGM",0.5,"red"
"1467",103256547,"C","T","PGM",0.5,"red"
"1468",103257149,"C","T","PGM",0.5,"red"
"1469",103281417,"C","A","PGM",0.5,"red"
"1470",103297515,"T","C","PGM",0.5,"red"
"1471",103301198,"G","A","PGM",0.5,"red"
"1472",103301268,"G","A","PGM",0.5,"red"
"1473",103307527,"G","A","PGM",0.5,"red"
"1474",103376157,"T","C","PGM",0.5,"red"
"1475",103398334,"A","G","PGM",0.5,"red"
"1476",103445960,"A","G","PGM",0.5,"red"
"1477",103767455,"G","A","PGM",0.5,"red"
"1478",104080006,"G","A","PGM",0.5,"red"
"1479",104177085,"T","C","PGM",0.5,"red"
"1480",104204310,"T","C","PGM",0.5,"red"
"1481",104237468,"C","T","PGM",0.5,"red"
"1482",104288396,"G","A","PGM",0.5,"red"
"1483",104301541,"T","C","PGM",0.5,"red"
"1484",104335186,"A","G","PGM",0.5,"red"
"1485",104352160,"C","T","PGM",0.5,"red"
"1486",104646414,"C","T","PGM",0.5,"red"
"1487",104912496,"C","A","PGM",0.5,"red"
"1488",104916482,"G","A","PGM",0.5,"red"
"1489",104930232,"C","T","PGM",0.5,"red"
"1490",104931550,"C","T","PGM",0.5,"red"
"1491",104948911,"G","A","PGM",0.5,"red"
"1492",104952735,"A","G","PGM",0.5,"red"
"1493",104954640,"T","C","PGM",0.5,"red"
"1494",104957361,"T","C","PGM",0.5,"red"
"1495",104960655,"C","T","PGM",0.5,"red"
"1496",106012156,"G","A","PGM",0.5,"red"
"1497",106012632,"T","C","PGM",0.5,"red"
"1498",106051407,"T","C","PGM",0.5,"red"
"1499",106053343,"G","T","PGM",0.5,"red"
"1500",106055814,"G","A","PGM",0.5,"red"
"1501",106093436,"G","A","PGM",0.5,"red"
"1502",106102328,"C","T","PGM",0.5,"red"
"1503",106438936,"C","T","PGM",0.5,"red"
"1504",106439181,"T","C","PGM",0.5,"red"
"1505",106525733,"C","T","PGM",0.5,"red"
"1506",106533298,"A","G","PGM",0.5,"red"
"1507",106542932,"C","T","PGM",0.5,"red"
"1508",106665898,"G","A","PGM",0.5,"red"
"1509",106678223,"T","C","PGM",0.5,"red"
"1510",106682705,"A","G","PGM",0.5,"red"
"1511",106705747,"G","A","PGM",0.5,"red"
"1512",106706085,"C","G","PGM",0.5,"red"
"1513",106720119,"A","C","PGM",0.5,"red"
"1514",106930993,"C","T","PGM",0.5,"red"
"1515",106933308,"C","T","PGM",0.5,"red"
"1516",106934129,"T","C","PGM",0.5,"red"
"1517",106945278,"A","G","PGM",0.5,"red"
"1518",106965073,"T","C","PGM",0.5,"red"
"1519",107135634,"T","C","PGM",0.5,"red"
"1520",107523541,"G","T","PGM",0.5,"red"
"1521",107637902,"C","T","PGM",0.5,"red"
"1522",107644525,"G","T","PGM",0.5,"red"
"1523",107679474,"C","T","PGM",0.5,"red"
"1524",107684694,"T","G","PGM",0.5,"red"
"1525",107705986,"G","A","PGM",0.5,"red"
"1526",107752739,"T","C","PGM",0.5,"red"
"1527",107939275,"T","C","PGM",0.5,"red"
"1528",107962440,"G","A","PGM",0.5,"red"
"1529",107974838,"C","T","PGM",0.5,"red"
"1530",108019522,"T","G","PGM",0.5,"red"
"1531",108042253,"T","C","PGM",0.5,"red"
"1532",108140011,"G","A","PGM",0.5,"red"
"1533",108157513,"C","A","PGM",0.5,"red"
"1534",108160811,"G","A","PGM",0.5,"red"
"1535",108186274,"A","G","PGM",0.5,"red"
"1536",108190233,"G","A","PGM",0.5,"red"
"1537",108198802,"T","C","PGM",0.5,"red"
"1538",108210901,"T","C","PGM",0.5,"red"
"1539",108438922,"T","C","PGM",0.5,"red"
"1540",108440138,"A","G","PGM",0.5,"red"
"1541",108575574,"C","A","PGM",0.5,"red"
"1542",108597499,"G","A","PGM",0.5,"red"
"1543",108674693,"T","C","PGM",0.5,"red"
"1544",109637508,"A","C","PGM",0.5,"red"
"1545",109638248,"G","A","PGM",0.5,"red"
"1546",109646359,"C","A","PGM",0.5,"red"
"1547",109669494,"T","C","PGM",0.5,"red"
"1548",109680352,"G","A","PGM",0.5,"red"
"1549",109874379,"G","A","PGM",0.5,"red"
"1550",109897005,"C","T","PGM",0.5,"red"
"1551",110096179,"G","A","PGM",0.5,"red"
"1552",110440015,"T","C","PGM",0.5,"red"
"1553",110449816,"C","T","PGM",0.5,"red"
"1554",111598958,"C","T","PGM",0.5,"red"
"1555",111616104,"G","A","PGM",0.5,"red"
"1556",111616912,"G","A","PGM",0.5,"red"
"1557",111628522,"G","A","PGM",0.5,"red"
"1558",111707405,"C","T","PGM",0.5,"red"
"1559",111712123,"T","C","PGM",0.5,"red"
"1560",111989372,"T","G","PGM",0.5,"red"
"1561",112143413,"C","T","PGM",0.5,"red"
"1562",113399124,"G","T","PGM",0.5,"red"
"1563",113457049,"A","G","PGM",0.5,"red"
"1564",113462989,"G","A","PGM",0.5,"red"
"1565",113463525,"T","C","PGM",0.5,"red"
"1566",113465330,"G","A","PGM",0.5,"red"
"1567",113467333,"T","C","PGM",0.5,"red"
"1568",113467713,"T","G","PGM",0.5,"red"
"1569",113576902,"G","A","PGM",0.5,"red"
"1570",113587121,"G","A","PGM",0.5,"red"
"1571",113602559,"G","A","PGM",0.5,"red"
"1572",113633009,"G","A","PGM",0.5,"red"
"1573",113751613,"G","A","PGM",0.5,"red"
"1574",113768620,"G","A","PGM",0.5,"red"
"1575",113890304,"T","C","PGM",0.5,"red"
"1576",113945258,"A","G","PGM",0.5,"red"
"1577",113953508,"G","A","PGM",0.5,"red"
"1578",114785086,"G","A","PGM",0.5,"red"
"1579",114875529,"T","C","PGM",0.5,"red"
"1580",115209714,"C","A","PGM",0.5,"red"
"1581",115210642,"A","C","PGM",0.5,"red"
"1582",115285693,"C","T","PGM",0.5,"red"
"1583",115432648,"G","A","PGM",0.5,"red"
"1584",115490198,"G","A","PGM",0.5,"red"
"1585",115507003,"A","G","PGM",0.5,"red"
"1586",115511716,"G","A","PGM",0.5,"red"
"1587",115526908,"G","A","PGM",0.5,"red"
"1588",115527730,"G","A","PGM",0.5,"red"
"1589",115530841,"T","C","PGM",0.5,"red"
"1590",115534930,"C","T","PGM",0.5,"red"
"1591",115621116,"A","G","PGM",0.5,"red"
"1592",115626029,"T","C","PGM",0.5,"red"
"1593",115665948,"C","A","PGM",0.5,"red"
"1594",115683104,"C","T","PGM",0.5,"red"
"1595",115697773,"G","T","PGM",0.5,"red"
"1596",115749457,"T","C","PGM",0.5,"red"
"1597",115964006,"G","A","PGM",0.5,"red"
"1598",116156643,"C","T","PGM",0.5,"red"
"1599",116185335,"G","A","PGM",0.5,"red"
"1600",116260989,"A","G","PGM",0.5,"red"
"1601",116316515,"T","C","PGM",0.5,"red"
"1602",116323717,"G","A","PGM",0.5,"red"
"1603",116362694,"T","G","PGM",0.5,"red"
"1604",116372286,"G","A","PGM",0.5,"red"
"1605",116416918,"C","G","PGM",0.5,"red"
"1606",116450838,"A","G","PGM",0.5,"red"
"1607",116480549,"C","T","PGM",0.5,"red"
"1608",116545303,"G","A","PGM",0.5,"red"
"1609",116679009,"C","T","PGM",0.5,"red"
"1610",116690881,"G","A","PGM",0.5,"red"
"1611",116697363,"A","G","PGM",0.5,"red"
"1612",117007298,"C","A","PGM",0.5,"red"
"1613",117072522,"G","T","PGM",0.5,"red"
"1614",117130037,"G","T","PGM",0.5,"red"
"1615",117155577,"C","T","PGM",0.5,"red"
"1616",117200788,"T","C","PGM",0.5,"red"
"1617",117213613,"A","G","PGM",0.5,"red"
"1618",117224730,"T","G","PGM",0.5,"red"
"1619",117226672,"G","T","PGM",0.5,"red"
"1620",117246364,"T","C","PGM",0.5,"red"
"1621",117321526,"G","A","PGM",0.5,"red"
"1622",117336732,"G","A","PGM",0.5,"red"
"1623",117375251,"C","T","PGM",0.5,"red"
"1624",117462667,"A","C","PGM",0.5,"red"
"1625",117516618,"A","G","PGM",0.5,"red"
"1626",117609979,"G","A","PGM",0.5,"red"
"1627",118121536,"A","G","PGM",0.5,"red"
"1628",118157713,"A","G","PGM",0.5,"red"
"1629",119194992,"C","T","PGM",0.5,"red"
"1630",119253438,"G","A","PGM",0.5,"red"
"1631",119255493,"A","G","PGM",0.5,"red"
"1632",119571820,"G","A","PGM",0.5,"red"
"1633",119664339,"A","G","PGM",0.5,"red"
"1634",119664399,"T","C","PGM",0.5,"red"
"1635",119671090,"G","T","PGM",0.5,"red"
"1636",119691839,"G","A","PGM",0.5,"red"
"1637",119749858,"G","A","PGM",0.5,"red"
"1638",119765899,"C","T","PGM",0.5,"red"
"1639",119899119,"C","A","PGM",0.5,"red"
"1640",120007357,"T","C","PGM",0.5,"red"
"1641",120009220,"T","C","PGM",0.5,"red"
"1642",120016626,"A","G","PGM",0.5,"red"
"1643",120025472,"T","C","PGM",0.5,"red"
"1644",120026899,"G","A","PGM",0.5,"red"
"1645",120227762,"T","C","PGM",0.5,"red"
"1646",120231303,"C","T","PGM",0.5,"red"
"1647",120248482,"C","T","PGM",0.5,"red"
"1648",120469993,"T","C","PGM",0.5,"red"
"1649",120494091,"A","G","PGM",0.5,"red"
"1650",120513133,"G","A","PGM",0.5,"red"
"1651",120519463,"C","T","PGM",0.5,"red"
"1652",120530607,"T","G","PGM",0.5,"red"
"1653",120540224,"T","G","PGM",0.5,"red"
"1654",120573539,"T","C","PGM",0.5,"red"
"1655",120620791,"G","A","PGM",0.5,"red"
"1656",120737825,"C","A","PGM",0.5,"red"
"1657",120752342,"G","A","PGM",0.5,"red"
"1658",120764058,"G","A","PGM",0.5,"red"
"1659",120766742,"A","C","PGM",0.5,"red"
"1660",120773658,"C","T","PGM",0.5,"red"
"1661",120796458,"A","G","PGM",0.5,"red"
"1662",120811059,"C","T","PGM",0.5,"red"
"1663",120885310,"A","G","PGM",0.5,"red"
"1664",120890687,"G","A","PGM",0.5,"red"
"1665",120939390,"G","A","PGM",0.5,"red"
"1666",120942349,"A","G","PGM",0.5,"red"
"1667",120949126,"C","T","PGM",0.5,"red"
"1668",120960287,"A","G","PGM",0.5,"red"
"1669",120968131,"A","G","PGM",0.5,"red"
"1670",120986708,"A","G","PGM",0.5,"red"
"1671",121018537,"G","A","PGM",0.5,"red"
"1672",121041347,"C","A","PGM",0.5,"red"
"1673",121069922,"T","C","PGM",0.5,"red"
"1674",121070811,"T","C","PGM",0.5,"red"
"1675",121099918,"T","C","PGM",0.5,"red"
"1676",121211206,"T","C","PGM",0.5,"red"
"1677",121228177,"T","C","PGM",0.5,"red"
"1678",121228926,"G","A","PGM",0.5,"red"
"1679",121229487,"G","A","PGM",0.5,"red"
"1680",121229596,"C","T","PGM",0.5,"red"
"1681",121231350,"T","C","PGM",0.5,"red"
"1682",121234860,"C","T","PGM",0.5,"red"
"1683",121235399,"T","G","PGM",0.5,"red"
"1684",121991967,"C","T","PGM",0.5,"red"
"1685",122007858,"G","A","PGM",0.5,"red"
"1686",122574017,"G","A","PGM",0.5,"red"
"1687",122578292,"C","T","PGM",0.5,"red"
"1688",122579512,"G","T","PGM",0.5,"red"
"1689",122581166,"T","C","PGM",0.5,"red"
"1690",122594155,"A","G","PGM",0.5,"red"
"1691",122616990,"C","T","PGM",0.5,"red"
"1692",122961528,"C","T","PGM",0.5,"red"
"1693",123099547,"G","A","PGM",0.5,"red"
"1694",123171461,"A","C","PGM",0.5,"red"
"1695",123176322,"T","C","PGM",0.5,"red"
"1696",123188022,"T","C","PGM",0.5,"red"
"1697",123201835,"C","T","PGM",0.5,"red"
"1698",123204730,"G","A","PGM",0.5,"red"
"1699",123221204,"T","C","PGM",0.5,"red"
"1700",123222183,"T","C","PGM",0.5,"red"
"1701",123304243,"C","G","PGM",0.5,"red"
"1702",123395522,"G","T","PGM",0.5,"red"
"1703",123500503,"G","A","PGM",0.5,"red"
"1704",123502497,"C","T","PGM",0.5,"red"
"1705",123503566,"T","C","PGM",0.5,"red"
"1706",123512526,"T","G","PGM",0.5,"red"
"1707",123656927,"T","G","PGM",0.5,"red"
"1708",123704606,"C","T","PGM",0.5,"red"
"1709",123721422,"C","T","PGM",0.5,"red"
"1710",123727810,"A","G","PGM",0.5,"red"
"1711",123732130,"C","A","PGM",0.5,"red"
"1712",124024096,"G","T","PGM",0.5,"red"
"1713",124148031,"G","A","PGM",0.5,"red"
"1714",124155237,"A","G","PGM",0.5,"red"
"1715",124171272,"G","A","PGM",0.5,"red"
"1716",124250217,"C","T","PGM",0.5,"red"
"1717",124251487,"C","A","PGM",0.5,"red"
"1718",124260724,"A","G","PGM",0.5,"red"
"1719",124269785,"G","A","PGM",0.5,"red"
"1720",124280149,"T","C","PGM",0.5,"red"
"1721",124729746,"G","A","PGM",0.5,"red"
"1722",124754742,"A","G","PGM",0.5,"red"
"1723",124773601,"C","T","PGM",0.5,"red"
"1724",124787137,"T","C","PGM",0.5,"red"
"1725",124797837,"G","A","PGM",0.5,"red"
"1726",124805556,"G","A","PGM",0.5,"red"
"1727",124819540,"A","G","PGM",0.5,"red"
"1728",124821430,"T","C","PGM",0.5,"red"
"1729",124869709,"C","T","PGM",0.5,"red"
"1730",124876342,"G","A","PGM",0.5,"red"
"1731",124909788,"A","G","PGM",0.5,"red"
"1732",124928508,"T","C","PGM",0.5,"red"
"1733",124946945,"C","T","PGM",0.5,"red"
"1734",124953763,"A","C","PGM",0.5,"red"
"1735",124971023,"A","C","PGM",0.5,"red"
"1736",124976163,"T","C","PGM",0.5,"red"
"1737",125004105,"C","T","PGM",0.5,"red"
"1738",125009858,"A","G","PGM",0.5,"red"
"1739",125024950,"C","T","PGM",0.5,"red"
"1740",125054416,"A","G","PGM",0.5,"red"
"1741",125080181,"G","A","PGM",0.5,"red"
"1742",125080866,"C","T","PGM",0.5,"red"
"1743",125083298,"G","A","PGM",0.5,"red"
"1744",125189578,"G","A","PGM",0.5,"red"
"1745",125267137,"C","T","PGM",0.5,"red"
"1746",125272371,"G","A","PGM",0.5,"red"
"1747",125287973,"C","A","PGM",0.5,"red"
"1748",125291034,"C","A","PGM",0.5,"red"
"1749",125304035,"G","T","PGM",0.5,"red"
"1750",125461948,"A","G","PGM",0.5,"red"
"1751",125467605,"T","T","PGF",1.5,"blue"
"1752",126104978,"T","C","PGM",0.5,"red"
"1753",126575750,"A","G","PGM",0.5,"red"
"1754",126677957,"G","T","PGM",0.5,"red"
"1755",126795430,"A","C","PGM",0.5,"red"
"1756",126886804,"T","C","PGM",0.5,"red"
"1757",126975392,"T","C","PGM",0.5,"red"
"1758",126986871,"C","T","PGM",0.5,"red"
"1759",127009760,"T","G","PGM",0.5,"red"
"1760",127085528,"C","T","PGM",0.5,"red"
"1761",127115202,"C","T","PGM",0.5,"red"
"1762",127124505,"A","C","PGM",0.5,"red"
"1763",127126224,"G","A","PGM",0.5,"red"
"1764",127131081,"C","T","PGM",0.5,"red"
"1765",127137005,"A","G","PGM",0.5,"red"
"1766",127139060,"T","C","PGM",0.5,"red"
"1767",127167247,"T","C","PGM",0.5,"red"
"1768",127218915,"T","C","PGM",0.5,"red"
"1769",127228805,"T","G","PGM",0.5,"red"
"1770",127229413,"T","C","PGM",0.5,"red"
"1771",127267188,"C","T","PGM",0.5,"red"
"1772",127296122,"T","G","PGM",0.5,"red"
"1773",127443592,"C","A","PGM",0.5,"red"
"1774",127493782,"G","A","PGM",0.5,"red"
"1775",127913044,"T","C","PGM",0.5,"red"
"1776",128667108,"G","A","PGM",0.5,"red"
"1777",128932760,"A","G","PGM",0.5,"red"
"1778",128939799,"C","T","PGM",0.5,"red"
"1779",128959560,"T","G","PGM",0.5,"red"
"1780",129086164,"G","T","PGM",0.5,"red"
"1781",129259855,"T","G","PGM",0.5,"red"
"1782",129274601,"G","A","PGM",0.5,"red"
"1783",129294941,"C","T","PGM",0.5,"red"
"1784",129500094,"A","G","PGM",0.5,"red"
"1785",129534362,"C","T","PGM",0.5,"red"
"1786",129559317,"C","T","PGM",0.5,"red"
"1787",129577382,"A","G","PGM",0.5,"red"
"1788",129593844,"G","A","PGM",0.5,"red"
"1789",129633203,"C","A","PGM",0.5,"red"
"1790",129651161,"T","C","PGM",0.5,"red"
"1791",129696104,"G","A","PGM",0.5,"red"
"1792",129740917,"T","C","PGM",0.5,"red"
"1793",129774095,"C","T","PGM",0.5,"red"
"1794",129830093,"T","C","PGM",0.5,"red"
"1795",129838543,"C","A","PGM",0.5,"red"
"1796",129846840,"C","T","PGM",0.5,"red"
"1797",130387174,"C","T","PGM",0.5,"red"
"1798",130392796,"C","T","PGM",0.5,"red"
"1799",130392975,"T","G","PGM",0.5,"red"
"1800",130429646,"G","T","PGM",0.5,"red"
"1801",130430091,"A","G","PGM",0.5,"red"
"1802",130658908,"G","A","PGM",0.5,"red"
"1803",131019189,"C","T","PGM",0.5,"red"
"1804",131037447,"A","G","PGM",0.5,"red"
"1805",131039155,"A","C","PGM",0.5,"red"
"1806",131055763,"A","G","PGM",0.5,"red"
"1807",131063169,"G","A","PGM",0.5,"red"
"1808",131064371,"G","A","PGM",0.5,"red"
"1809",131067854,"T","C","PGM",0.5,"red"
"1810",131078267,"T","C","PGM",0.5,"red"
"1811",131089135,"T","C","PGM",0.5,"red"
"1812",131102538,"A","C","PGM",0.5,"red"
"1813",131110097,"T","C","PGM",0.5,"red"
"1814",131112343,"A","G","PGM",0.5,"red"
"1815",131123264,"A","G","PGM",0.5,"red"
"1816",131131525,"C","T","PGM",0.5,"red"
"1817",131504831,"G","A","PGM",0.5,"red"
"1818",131512823,"G","A","PGM",0.5,"red"
"1819",131638021,"A","G","PGM",0.5,"red"
"1820",131784662,"G","A","PGM",0.5,"red"
"1821",132201942,"T","C","PGM",0.5,"red"
"1822",132731387,"T","C","PGM",0.5,"red"
"1823",132733281,"C","T","PGM",0.5,"red"
"1824",133672853,"C","T","PGM",0.5,"red"
"1825",133676214,"A","G","PGM",0.5,"red"
"1826",133693415,"G","A","PGM",0.5,"red"
"1827",133700371,"G","A","PGM",0.5,"red"
"1828",133719566,"G","A","PGM",0.5,"red"
"1829",133719975,"G","C","PGM",0.5,"red"
"1830",133734850,"C","T","PGM",0.5,"red"
"1831",133742448,"T","G","PGM",0.5,"red"
"1832",133754360,"A","G","PGM",0.5,"red"
"1833",133759852,"G","A","PGM",0.5,"red"
"1834",133772581,"G","T","PGM",0.5,"red"
"1835",133776904,"A","G","PGM",0.5,"red"
"1836",133785054,"G","A","PGM",0.5,"red"
"1837",133868131,"A","C","PGM",0.5,"red"
"1838",133869449,"A","C","PGM",0.5,"red"
"1839",134194530,"T","C","PGM",0.5,"red"
"1840",134196632,"A","G","PGM",0.5,"red"
"1841",134197843,"C","T","PGM",0.5,"red"
"1842",134206763,"T","C","PGM",0.5,"red"
"1843",134295487,"G","T","PGM",0.5,"red"
"1844",134467871,"A","G","PGM",0.5,"red"
"1845",134548819,"G","A","PGM",0.5,"red"
"1846",134591340,"T","C","PGM",0.5,"red"
"1847",134644794,"T","C","PGM",0.5,"red"
"1848",134687715,"C","T","PGM",0.5,"red"
"1849",134717465,"A","G","PGM",0.5,"red"
"1850",134721888,"C","T","PGM",0.5,"red"
"1851",134727667,"G","A","PGM",0.5,"red"
"1852",134895113,"T","G","PGM",0.5,"red"
"1853",134956835,"C","T","PGM",0.5,"red"
"1854",135028858,"A","G","PGM",0.5,"red"
"1855",135210390,"A","G","PGM",0.5,"red"
"1856",135300482,"G","A","PGM",0.5,"red"
"1857",136788978,"A","G","PGM",0.5,"red"
"1858",136928266,"G","A","PGM",0.5,"red"
"1859",136937513,"A","C","PGM",0.5,"red"
"1860",136976936,"C","T","PGM",0.5,"red"
"1861",137114910,"T","C","PGM",0.5,"red"
"1862",137434487,"A","G","PGM",0.5,"red"
"1863",137452607,"C","A","PGM",0.5,"red"
"1864",137474142,"T","C","PGM",0.5,"red"
"1865",137480048,"A","G","PGM",0.5,"red"
"1866",137488316,"T","C","PGM",0.5,"red"
"1867",137493893,"A","G","PGM",0.5,"red"
"1868",137508544,"C","T","PGM",0.5,"red"
"1869",137543318,"T","G","PGM",0.5,"red"
"1870",137582905,"T","C","PGM",0.5,"red"
"1871",137602926,"T","C","PGM",0.5,"red"
"1872",137621910,"T","G","PGM",0.5,"red"
"1873",137641815,"G","A","PGM",0.5,"red"
"1874",137647008,"A","G","PGM",0.5,"red"
"1875",137679501,"G","T","PGM",0.5,"red"
"1876",137759233,"C","T","PGM",0.5,"red"
"1877",138399937,"A","G","PGM",0.5,"red"
"1878",138401390,"G","A","PGM",0.5,"red"
"1879",138418875,"A","G","PGM",0.5,"red"
"1880",138447831,"G","A","PGM",0.5,"red"
"1881",138448951,"G","A","PGM",0.5,"red"
"1882",138450142,"A","G","PGM",0.5,"red"
"1883",138471717,"T","C","PGM",0.5,"red"
"1884",138483702,"T","C","PGM",0.5,"red"
"1885",138566028,"T","C","PGM",0.5,"red"
"1886",138591741,"T","C","PGM",0.5,"red"
"1887",138706592,"C","T","PGM",0.5,"red"
"1888",138717595,"C","T","PGM",0.5,"red"
"1889",138717896,"T","C","PGM",0.5,"red"
"1890",138770265,"C","A","PGM",0.5,"red"
"1891",138805034,"C","T","PGM",0.5,"red"
"1892",139060160,"G","A","PGM",0.5,"red"
"1893",139085690,"A","C","PGM",0.5,"red"
"1894",139102704,"C","T","PGM",0.5,"red"
"1895",139130069,"C","T","PGM",0.5,"red"
"1896",139470731,"G","A","PGM",0.5,"red"
"1897",139489497,"T","C","PGM",0.5,"red"
"1898",139593079,"C","T","PGM",0.5,"red"
"1899",139620096,"T","C","PGM",0.5,"red"
"1900",139808906,"C","T","PGM",0.5,"red"
"1901",140002534,"T","C","PGM",0.5,"red"
"1902",140004659,"A","G","PGM",0.5,"red"
"1903",140133117,"C","T","PGM",0.5,"red"
"1904",140279603,"A","G","PGM",0.5,"red"
"1905",140464009,"A","G","PGM",0.5,"red"
"1906",140478663,"T","C","PGM",0.5,"red"
"1907",140489188,"A","G","PGM",0.5,"red"
"1908",140629263,"A","G","PGM",0.5,"red"
"1909",141190436,"C","T","PGM",0.5,"red"
"1910",141194627,"T","C","PGM",0.5,"red"
"1911",141197873,"C","T","PGM",0.5,"red"
"1912",141204257,"A","C","PGM",0.5,"red"
"1913",141226309,"T","A","PGM",0.5,"red"
"1914",141258419,"T","C","PGM",0.5,"red"
"1915",141338918,"C","T","PGM",0.5,"red"
"1916",141348478,"C","T","PGM",0.5,"red"
"1917",141367579,"G","A","PGM",0.5,"red"
"1918",141409166,"G","A","PGM",0.5,"red"
"1919",141444047,"G","A","PGM",0.5,"red"
"1920",141446159,"A","G","PGM",0.5,"red"
"1921",141467526,"C","T","PGM",0.5,"red"
"1922",141478468,"C","T","PGM",0.5,"red"
"1923",141532786,"G","A","PGM",0.5,"red"
"1924",141536876,"C","T","PGM",0.5,"red"
"1925",141551350,"A","C","PGM",0.5,"red"
"1926",141572460,"A","G","PGM",0.5,"red"
"1927",141604697,"C","T","PGM",0.5,"red"
"1928",141659527,"C","T","PGM",0.5,"red"
"1929",141677631,"A","G","PGM",0.5,"red"
"1930",142149041,"G","A","PGM",0.5,"red"
"1931",142176624,"C","T","PGM",0.5,"red"
"1932",142215326,"C","A","PGM",0.5,"red"
"1933",142226832,"C","T","PGM",0.5,"red"
"1934",142245947,"T","C","PGM",0.5,"red"
"1935",142256667,"G","A","PGM",0.5,"red"
"1936",142261821,"G","A","PGM",0.5,"red"
"1937",142284290,"T","G","PGM",0.5,"red"
"1938",142481172,"C","T","PGM",0.5,"red"
"1939",142482165,"C","T","PGM",0.5,"red"
"1940",142665064,"T","C","PGM",0.5,"red"
"1941",142701852,"T","C","PGM",0.5,"red"
"1942",142716216,"T","C","PGM",0.5,"red"
"1943",143076629,"G","A","PGM",0.5,"red"
"1944",143254981,"C","T","PGM",0.5,"red"
"1945",143868223,"A","G","PGM",0.5,"red"
"1946",144147475,"T","C","PGM",0.5,"red"
"1947",144168037,"C","T","PGM",0.5,"red"
"1948",144226581,"G","A","PGM",0.5,"red"
"1949",144263416,"T","C","PGM",0.5,"red"
"1950",144266489,"A","G","PGM",0.5,"red"
"1951",144270623,"T","G","PGM",0.5,"red"
"1952",144362349,"A","C","PGM",0.5,"red"
"1953",144415905,"G","A","PGM",0.5,"red"
"1954",144448659,"A","G","PGM",0.5,"red"
"1955",144463315,"G","A","PGM",0.5,"red"
"1956",144494105,"C","T","PGM",0.5,"red"
"1957",144503257,"T","G","PGM",0.5,"red"
"1958",144551950,"T","G","PGM",0.5,"red"
"1959",145076775,"T","C","PGM",0.5,"red"
"1960",145126711,"A","C","PGM",0.5,"red"
"1961",145147758,"C","T","PGM",0.5,"red"
"1962",145155731,"C","T","PGM",0.5,"red"
"1963",145177708,"C","T","PGM",0.5,"red"
"1964",145204976,"G","A","PGM",0.5,"red"
"1965",145305277,"A","G","PGM",0.5,"red"
"1966",145315492,"T","C","PGM",0.5,"red"
"1967",145442190,"T","G","PGM",0.5,"red"
"1968",145446205,"G","A","PGM",0.5,"red"
"1969",145487619,"G","A","PGM",0.5,"red"
"1970",145519623,"G","A","PGM",0.5,"red"
"1971",145531555,"C","T","PGM",0.5,"red"
"1972",145584570,"T","G","PGM",0.5,"red"
"1973",145595571,"A","G","PGM",0.5,"red"
"1974",145599194,"C","T","PGM",0.5,"red"
"1975",145602015,"G","A","PGM",0.5,"red"
"1976",146255869,"G","T","PGM",0.5,"red"
"1977",146300691,"A","C","PGM",0.5,"red"
"1978",146316319,"C","A","PGM",0.5,"red"
"1979",146330106,"T","G","PGM",0.5,"red"
"1980",146344233,"G","A","PGM",0.5,"red"
"1981",146382236,"G","T","PGM",0.5,"red"
"1982",146964115,"A","C","PGM",0.5,"red"
"1983",146969888,"C","T","PGM",0.5,"red"
"1984",146985187,"A","T","PGM",0.5,"red"
"1985",146988935,"C","T","PGM",0.5,"red"
"1986",146991064,"A","G","PGM",0.5,"red"
"1987",146992350,"G","T","PGM",0.5,"red"
"1988",147483532,"T","C","PGM",0.5,"red"
"1989",147812704,"G","A","PGM",0.5,"red"
"1990",147818806,"T","C","PGM",0.5,"red"
"1991",147826517,"A","G","PGM",0.5,"red"
"1992",147843645,"T","C","PGM",0.5,"red"
"1993",147855299,"T","C","PGM",0.5,"red"
"1994",147880646,"C","T","PGM",0.5,"red"
"1995",147887551,"G","A","PGM",0.5,"red"
"1996",147905651,"C","T","PGM",0.5,"red"
"1997",147918261,"A","G","PGM",0.5,"red"
"1998",147955065,"A","C","PGM",0.5,"red"
"1999",147962263,"C","T","PGM",0.5,"red"
"2000",147993969,"T","C","PGM",0.5,"red"
"2001",148004515,"A","G","PGM",0.5,"red"
"2002",148048910,"A","G","PGM",0.5,"red"
"2003",148049519,"C","T","PGM",0.5,"red"
"2004",148104717,"A","C","PGM",0.5,"red"
"2005",148114271,"A","G","PGM",0.5,"red"
"2006",148118536,"T","C","PGM",0.5,"red"
"2007",148123250,"G","A","PGM",0.5,"red"
"2008",148131947,"T","C","PGM",0.5,"red"
"2009",148138082,"C","T","PGM",0.5,"red"
"2010",148154682,"T","C","PGM",0.5,"red"
"2011",148183865,"A","C","PGM",0.5,"red"
"2012",148189702,"T","C","PGM",0.5,"red"
"2013",148192027,"A","G","PGM",0.5,"red"
"2014",148235938,"T","C","PGM",0.5,"red"
"2015",148260990,"A","G","PGM",0.5,"red"
"2016",148372817,"0","T","PGM",0.5,"red"
"2017",148379602,"T","C","PGM",0.5,"red"
"2018",148404027,"C","T","PGM",0.5,"red"
"2019",148406827,"T","G","PGM",0.5,"red"
"2020",148409737,"C","T","PGM",0.5,"red"
"2021",148432679,"C","T","PGM",0.5,"red"
"2022",148439796,"G","T","PGM",0.5,"red"
"2023",148450412,"C","T","PGM",0.5,"red"
"2024",148453079,"A","G","PGM",0.5,"red"
"2025",149170115,"A","G","PGM",0.5,"red"
"2026",149208646,"G","A","PGM",0.5,"red"
"2027",149208975,"G","A","PGM",0.5,"red"
"2028",149219644,"A","G","PGM",0.5,"red"
"2029",149581886,"T","C","PGM",0.5,"red"
"2030",149587457,"G","A","PGM",0.5,"red"
"2031",149894956,"G","T","PGM",0.5,"red"
"2032",149942519,"G","A","PGM",0.5,"red"
"2033",149950024,"C","T","PGM",0.5,"red"
"2034",149972869,"T","G","PGM",0.5,"red"
"2035",149985179,"A","G","PGM",0.5,"red"
"2036",149986664,"A","G","PGM",0.5,"red"
"2037",150167831,"C","T","PGM",0.5,"red"
"2038",150184523,"A","G","PGM",0.5,"red"
"2039",150196099,"A","G","PGM",0.5,"red"
"2040",150271975,"A","G","PGM",0.5,"red"
"2041",150326966,"A","G","PGM",0.5,"red"
"2042",150400803,"G","A","PGM",0.5,"red"
"2043",150761377,"G","T","PGM",0.5,"red"
"2044",150766179,"C","T","PGM",0.5,"red"
"2045",150821544,"T","C","PGM",0.5,"red"
"2046",150828833,"T","C","PGM",0.5,"red"
"2047",150993329,"G","A","PGM",0.5,"red"
"2048",151047914,"C","T","PGM",0.5,"red"
"2049",151336842,"G","A","PGM",0.5,"red"
"2050",151364819,"A","G","PGM",0.5,"red"
"2051",151462867,"C","T","PGM",0.5,"red"
"2052",151498770,"T","C","PGM",0.5,"red"
"2053",151506626,"C","T","PGM",0.5,"red"
"2054",151511325,"A","G","PGM",0.5,"red"
"2055",151538472,"G","A","PGM",0.5,"red"
"2056",151548341,"G","A","PGM",0.5,"red"
"2057",151556877,"T","C","PGM",0.5,"red"
"2058",151563298,"C","T","PGM",0.5,"red"
"2059",151607040,"G","A","PGM",0.5,"red"
"2060",151611392,"A","G","PGM",0.5,"red"
"2061",151612462,"T","C","PGM",0.5,"red"
"2062",151622877,"A","G","PGM",0.5,"red"
"2063",151624882,"T","C","PGM",0.5,"red"
"2064",151633204,"A","G","PGM",0.5,"red"
"2065",151635832,"T","C","PGM",0.5,"red"
"2066",151645865,"C","T","PGM",0.5,"red"
"2067",151648276,"C","T","PGM",0.5,"red"
"2068",151663105,"C","T","PGM",0.5,"red"
"2069",151669375,"A","G","PGM",0.5,"red"
"2070",151669661,"T","C","PGM",0.5,"red"
"2071",151685251,"G","A","PGM",0.5,"red"
"2072",151714880,"C","T","PGM",0.5,"red"
"2073",151716876,"G","T","PGM",0.5,"red"
"2074",151764512,"A","G","PGM",0.5,"red"
"2075",151765447,"C","T","PGM",0.5,"red"
"2076",151870985,"C","T","PGM",0.5,"red"
"2077",151890819,"C","T","PGM",0.5,"red"
"2078",151922077,"G","A","PGM",0.5,"red"
"2079",151938118,"C","T","PGM",0.5,"red"
"2080",151960452,"C","T","PGM",0.5,"red"
"2081",154173881,"A","G","PGM",0.5,"red"
"2082",154199490,"T","C","PGM",0.5,"red"
"2083",154231628,"A","G","PGM",0.5,"red"
"2084",154264858,"C","A","PGM",0.5,"red"
"2085",155246729,"T","G","PGM",0.5,"red"
"2086",155287778,"C","T","PGM",0.5,"red"
"2087",155300526,"G","A","PGM",0.5,"red"
"2088",155303560,"T","C","PGM",0.5,"red"
"2089",155402812,"A","G","PGM",0.5,"red"
"2090",155408097,"T","G","PGM",0.5,"red"
"2091",155423134,"C","T","PGM",0.5,"red"
"2092",155437371,"G","A","PGM",0.5,"red"
"2093",155474355,"C","T","PGM",0.5,"red"
"2094",155482937,"T","G","PGM",0.5,"red"
"2095",155507711,"T","G","PGM",0.5,"red"
"2096",155516055,"C","T","PGM",0.5,"red"
"2097",155527139,"A","G","PGM",0.5,"red"
"2098",155542557,"G","A","PGM",0.5,"red"
"2099",155933427,"G","A","PGM",0.5,"red"
"2100",156066815,"T","C","PGM",0.5,"red"
"2101",156120784,"G","T","PGM",0.5,"red"
"2102",156557740,"T","C","PGM",0.5,"red"
"2103",156568446,"T","C","PGM",0.5,"red"
"2104",158417363,"C","T","PGM",0.5,"red"
"2105",158432280,"A","G","PGM",0.5,"red"
"2106",158432446,"A","C","PGM",0.5,"red"
"2107",158437683,"T","C","PGM",0.5,"red"
"2108",158443889,"G","A","PGM",0.5,"red"
"2109",158444844,"C","T","PGM",0.5,"red"
"2110",158460413,"T","C","PGM",0.5,"red"
"2111",158494100,"A","C","PGM",0.5,"red"
"2112",158497658,"G","A","PGM",0.5,"red"
"2113",158499868,"T","C","PGM",0.5,"red"
"2114",158503739,"T","C","PGM",0.5,"red"
"2115",158505857,"T","C","PGM",0.5,"red"
"2116",158508271,"C","T","PGM",0.5,"red"
"2117",158514510,"C","T","PGM",0.5,"red"
"2118",158519652,"C","A","PGM",0.5,"red"
"2119",158593905,"C","T","PGM",0.5,"red"
"2120",159053112,"C","T","PGM",0.5,"red"
"2121",159089280,"C","T","PGM",0.5,"red"
"2122",159095185,"T","C","PGM",0.5,"red"
"2123",159100835,"C","T","PGM",0.5,"red"
"2124",159106259,"A","G","PGM",0.5,"red"
"2125",159308739,"A","C","PGM",0.5,"red"
"2126",159411420,"G","A","PGM",0.5,"red"
"2127",159558658,"C","A","PGM",0.5,"red"
"2128",159563930,"T","C","PGM",0.5,"red"
"2129",159585610,"G","A","PGM",0.5,"red"
"2130",159586721,"C","T","PGM",0.5,"red"
"2131",159908922,"C","T","PGM",0.5,"red"
"2132",160428587,"C","T","PGM",0.5,"red"
"2133",160430127,"A","G","PGM",0.5,"red"
"2134",160547096,"T","G","PGM",0.5,"red"
"2135",160569276,"C","T","PGM",0.5,"red"
"2136",160582184,"A","C","PGM",0.5,"red"
"2137",160604812,"C","T","PGM",0.5,"red"
"2138",160630370,"T","C","PGM",0.5,"red"
"2139",160647090,"C","T","PGM",0.5,"red"
"2140",160653720,"T","C","PGM",0.5,"red"
"2141",160668108,"A","C","PGM",0.5,"red"
"2142",160880438,"C","T","PGM",0.5,"red"
"2143",161464707,"C","T","PGM",0.5,"red"
"2144",161555610,"C","T","PGM",0.5,"red"
"2145",161596138,"T","C","PGM",0.5,"red"
"2146",161649484,"C","T","PGM",0.5,"red"
"2147",161739776,"A","G","PGM",0.5,"red"
"2148",164263699,"T","C","PGM",0.5,"red"
"2149",164291227,"G","A","PGM",0.5,"red"
"2150",164372976,"G","A","PGM",0.5,"red"
"2151",164747772,"C","T","PGM",0.5,"red"
"2152",164752462,"C","T","PGM",0.5,"red"
"2153",164828899,"G","A","PGM",0.5,"red"
"2154",164873656,"A","G","PGM",0.5,"red"
"2155",164879136,"T","G","PGM",0.5,"red"
"2156",164885707,"T","G","PGM",0.5,"red"
"2157",164927581,"A","G","PGM",0.5,"red"
"2158",164940807,"G","A","PGM",0.5,"red"
"2159",164952970,"G","A","PGM",0.5,"red"
"2160",164965571,"G","T","PGM",0.5,"red"
"2161",164973051,"A","G","PGM",0.5,"red"
"2162",164994653,"A","G","PGM",0.5,"red"
"2163",164999883,"A","C","PGM",0.5,"red"
"2164",165145004,"T","A","PGM",0.5,"red"
"2165",165146374,"T","G","PGM",0.5,"red"
"2166",165166534,"G","T","PGM",0.5,"red"
"2167",165180232,"C","T","PGM",0.5,"red"
"2168",165180407,"G","A","PGM",0.5,"red"
"2169",165183257,"T","C","PGM",0.5,"red"
"2170",165195314,"T","C","PGM",0.5,"red"
"2171",165353323,"A","G","PGM",0.5,"red"
"2172",167253015,"C","T","PGM",0.5,"red"
"2173",167463166,"G","T","PGM",0.5,"red"
"2174",167745794,"G","A","PGM",0.5,"red"
"2175",167759948,"T","C","PGM",0.5,"red"
"2176",167816291,"G","A","PGM",0.5,"red"
"2177",167818552,"T","C","PGM",0.5,"red"
"2178",168196591,"G","A","PGM",0.5,"red"
"2179",168400304,"G","T","PGM",0.5,"red"
"2180",168438605,"C","T","PGM",0.5,"red"
"2181",168856372,"T","C","PGM",0.5,"red"
"2182",168883676,"T","G","PGM",0.5,"red"
"2183",169366003,"C","T","PGM",0.5,"red"
"2184",169516881,"A","G","PGM",0.5,"red"
"2185",169537411,"C","T","PGM",0.5,"red"
"2186",169549726,"A","G","PGM",0.5,"red"
"2187",169554005,"T","C","PGM",0.5,"red"
"2188",169567012,"G","T","PGM",0.5,"red"
"2189",169571414,"G","T","PGM",0.5,"red"
"2190",170153975,"A","G","PGM",0.5,"red"
"2191",170336811,"G","A","PGM",0.5,"red"
"2192",170344060,"A","G","PGM",0.5,"red"
"2193",170373591,"A","G","PGM",0.5,"red"
"2194",170384819,"C","T","PGM",0.5,"red"
"2195",170393260,"T","C","PGM",0.5,"red"
"2196",170403030,"C","T","PGM",0.5,"red"
"2197",170411485,"A","C","PGM",0.5,"red"
"2198",170430573,"T","G","PGM",0.5,"red"
"2199",170440746,"A","C","PGM",0.5,"red"
"2200",170463551,"G","T","PGM",0.5,"red"
"2201",170479662,"T","C","PGM",0.5,"red"
"2202",170493863,"A","G","PGM",0.5,"red"
"2203",170505684,"G","A","PGM",0.5,"red"
"2204",170517594,"C","T","PGM",0.5,"red"
"2205",170527791,"T","C","PGM",0.5,"red"
"2206",170557350,"A","G","PGM",0.5,"red"
"2207",170608837,"G","A","PGM",0.5,"red"
"2208",170613342,"G","A","PGM",0.5,"red"
"2209",170971939,"T","C","PGM",0.5,"red"
"2210",171292972,"C","T","PGM",0.5,"red"
"2211",171293397,"C","T","PGM",0.5,"red"
"2212",171325374,"A","C","PGM",0.5,"red"
"2213",171340688,"A","G","PGM",0.5,"red"
"2214",171358785,"C","T","PGM",0.5,"red"
"2215",171363082,"C","A","PGM",0.5,"red"
"2216",171436481,"G","A","PGM",0.5,"red"
"2217",171564929,"C","T","PGM",0.5,"red"
"2218",171893117,"C","T","PGM",0.5,"red"
"2219",172278694,"C","T","PGM",0.5,"red"
"2220",172926710,"A","C","PGM",0.5,"red"
"2221",173201204,"C","T","PGM",0.5,"red"
"2222",173205214,"G","T","PGM",0.5,"red"
"2223",173257319,"C","T","PGM",0.5,"red"
"2224",173262339,"T","C","PGM",0.5,"red"
"2225",173267081,"G","A","PGM",0.5,"red"
"2226",173274643,"A","G","PGM",0.5,"red"
"2227",173287607,"A","G","PGM",0.5,"red"
"2228",173367159,"A","C","PGM",0.5,"red"
"2229",173373190,"A","G","PGM",0.5,"red"
"2230",173386534,"T","C","PGM",0.5,"red"
"2231",173435757,"C","T","PGM",0.5,"red"
"2232",173436552,"T","G","PGM",0.5,"red"
"2233",173467213,"C","T","PGM",0.5,"red"
"2234",173642237,"T","C","PGM",0.5,"red"
"2235",173749682,"T","C","PGM",0.5,"red"
"2236",173773897,"G","A","PGM",0.5,"red"
"2237",173777163,"A","C","PGM",0.5,"red"
"2238",173789160,"A","G","PGM",0.5,"red"
"2239",173815967,"G","A","PGM",0.5,"red"
"2240",173857654,"G","A","PGM",0.5,"red"
"2241",173865284,"C","T","PGM",0.5,"red"
"2242",174091964,"C","A","PGM",0.5,"red"
"2243",174098201,"A","C","PGM",0.5,"red"
"2244",174127886,"C","T","PGM",0.5,"red"
"2245",174129364,"T","G","PGM",0.5,"red"
"2246",174129804,"T","C","PGM",0.5,"red"
"2247",174175282,"G","A","PGM",0.5,"red"
"2248",174468419,"C","T","PGM",0.5,"red"
"2249",174831023,"A","C","PGM",0.5,"red"
"2250",175185780,"A","C","PGM",0.5,"red"
"2251",175192359,"A","G","PGM",0.5,"red"
"2252",175211940,"T","G","PGM",0.5,"red"
"2253",175220520,"C","T","PGM",0.5,"red"
"2254",175239185,"C","A","PGM",0.5,"red"
"2255",175250289,"G","T","PGM",0.5,"red"
"2256",175261148,"T","C","PGM",0.5,"red"
"2257",175292364,"T","C","PGM",0.5,"red"
"2258",175293638,"C","T","PGM",0.5,"red"
"2259",175582267,"T","C","PGM",0.5,"red"
"2260",175587622,"T","C","PGM",0.5,"red"
"2261",176618964,"C","T","PGM",0.5,"red"
"2262",176636201,"T","G","PGM",0.5,"red"
"2263",176738510,"C","G","PGM",0.5,"red"
"2264",176929979,"T","C","PGM",0.5,"red"
"2265",176985696,"C","T","PGM",0.5,"red"
"2266",176991779,"G","A","PGM",0.5,"red"
"2267",177076890,"G","T","PGM",0.5,"red"
"2268",177078033,"G","A","PGM",0.5,"red"
"2269",177084401,"T","C","PGM",0.5,"red"
"2270",177111419,"G","A","PGM",0.5,"red"
"2271",177111819,"G","T","PGM",0.5,"red"
"2272",177124224,"C","T","PGM",0.5,"red"
"2273",177198846,"A","G","PGM",0.5,"red"
"2274",177199125,"G","A","PGM",0.5,"red"
"2275",177210511,"C","T","PGM",0.5,"red"
"2276",177447797,"C","T","PGM",0.5,"red"
"2277",177473322,"A","G","PGM",0.5,"red"
"2278",177622704,"C","T","PGM",0.5,"red"
"2279",177625920,"G","A","PGM",0.5,"red"
"2280",177629485,"T","C","PGM",0.5,"red"
"2281",177633192,"T","C","PGM",0.5,"red"
"2282",177640092,"C","T","PGM",0.5,"red"
"2283",177643866,"T","G","PGM",0.5,"red"
"2284",177687534,"G","A","PGM",0.5,"red"
"2285",177691497,"G","A","PGM",0.5,"red"
"2286",177704758,"A","G","PGM",0.5,"red"
"2287",177720450,"G","A","PGM",0.5,"red"
"2288",177720581,"G","A","PGM",0.5,"red"
"2289",177744204,"A","G","PGM",0.5,"red"
"2290",177767048,"T","C","PGM",0.5,"red"
"2291",177770340,"A","G","PGM",0.5,"red"
"2292",177770595,"G","A","PGM",0.5,"red"
"2293",177787845,"T","C","PGM",0.5,"red"
"2294",177796683,"T","G","PGM",0.5,"red"
"2295",177813333,"C","T","PGM",0.5,"red"
"2296",177817472,"G","A","PGM",0.5,"red"
"2297",177850235,"T","G","PGM",0.5,"red"
"2298",177854440,"T","C","PGM",0.5,"red"
"2299",177889538,"G","A","PGM",0.5,"red"
"2300",177923700,"G","A","PGM",0.5,"red"
"2301",177934993,"A","G","PGM",0.5,"red"
"2302",177936325,"T","C","PGM",0.5,"red"
"2303",177936558,"A","G","PGM",0.5,"red"
"2304",178100425,"T","C","PGM",0.5,"red"
"2305",178113484,"G","A","PGM",0.5,"red"
"2306",178149364,"A","G","PGM",0.5,"red"
"2307",178203704,"A","G","PGM",0.5,"red"
"2308",178217569,"T","C","PGM",0.5,"red"
"2309",178225266,"A","G","PGM",0.5,"red"
"2310",178270734,"G","A","PGM",0.5,"red"
"2311",178285811,"C","T","PGM",0.5,"red"
"2312",178358281,"T","C","PGM",0.5,"red"
"2313",178387547,"C","T","PGM",0.5,"red"
"2314",178392346,"G","A","PGM",0.5,"red"
"2315",178402786,"G","T","PGM",0.5,"red"
"2316",178418575,"G","A","PGM",0.5,"red"
"2317",178443854,"A","G","PGM",0.5,"red"
"2318",178457339,"C","T","PGM",0.5,"red"
"2319",178459669,"C","T","PGM",0.5,"red"
"2320",178467144,"G","A","PGM",0.5,"red"
"2321",178470394,"T","C","PGM",0.5,"red"
"2322",178477114,"A","G","PGM",0.5,"red"
"2323",178480063,"C","T","PGM",0.5,"red"
"2324",178487259,"G","T","PGM",0.5,"red"
"2325",178488028,"G","A","PGM",0.5,"red"
"2326",178498949,"A","C","PGM",0.5,"red"
"2327",178502200,"C","T","PGM",0.5,"red"
"2328",178502353,"C","T","PGM",0.5,"red"
"2329",178535203,"C","T","PGM",0.5,"red"
"2330",178536783,"A","G","PGM",0.5,"red"
"2331",178537890,"T","C","PGM",0.5,"red"
"2332",178539583,"G","A","PGM",0.5,"red"
"2333",178542769,"T","C","PGM",0.5,"red"
"2334",178545736,"T","C","PGM",0.5,"red"
"2335",178551924,"T","C","PGM",0.5,"red"
"2336",178551958,"G","A","PGM",0.5,"red"
"2337",178558967,"G","A","PGM",0.5,"red"
"2338",178561295,"C","T","PGM",0.5,"red"
"2339",178563430,"C","T","PGM",0.5,"red"
"2340",178576681,"G","A","PGM",0.5,"red"
"2341",178596672,"A","C","PGM",0.5,"red"
"2342",178607998,"G","T","PGM",0.5,"red"
"2343",178617778,"T","C","PGM",0.5,"red"
"2344",178768683,"T","C","PGM",0.5,"red"
"2345",178907633,"A","G","PGM",0.5,"red"
"2346",179130831,"G","T","PGM",0.5,"red"
"2347",179146883,"T","C","PGM",0.5,"red"
"2348",179185051,"A","G","PGM",0.5,"red"
"2349",179208524,"C","T","PGM",0.5,"red"
"2350",179212806,"T","C","PGM",0.5,"red"
"2351",179238507,"C","T","PGM",0.5,"red"
"2352",179396978,"G","A","PGM",0.5,"red"
"2353",179497133,"C","T","PGM",0.5,"red"
"2354",180140077,"A","C","PGM",0.5,"red"
"2355",180151555,"A","G","PGM",0.5,"red"
"2356",180158510,"G","A","PGM",0.5,"red"
"2357",180289739,"A","G","PGM",0.5,"red"
"2358",180405781,"T","C","PGM",0.5,"red"
"2359",180408734,"T","C","PGM",0.5,"red"
"2360",180435707,"A","G","PGM",0.5,"red"
"2361",180440437,"C","T","PGM",0.5,"red"
"2362",180480167,"C","T","PGM",0.5,"red"
"2363",180487430,"T","C","PGM",0.5,"red"
"2364",180503546,"A","G","PGM",0.5,"red"
"2365",180509889,"T","C","PGM",0.5,"red"
"2366",180512804,"A","G","PGM",0.5,"red"
"2367",180535781,"T","G","PGM",0.5,"red"
"2368",180550931,"A","G","PGM",0.5,"red"
"2369",180557720,"T","G","PGM",0.5,"red"
"2370",180565422,"A","C","PGM",0.5,"red"
"2371",180597262,"T","C","PGM",0.5,"red"
"2372",180631925,"C","A","PGM",0.5,"red"
"2373",180635236,"T","C","PGM",0.5,"red"
"2374",180651001,"T","C","PGM",0.5,"red"
"2375",180712985,"T","C","PGM",0.5,"red"
"2376",180738602,"A","G","PGM",0.5,"red"
"2377",180744430,"C","T","PGM",0.5,"red"
"2378",180775704,"A","G","PGM",0.5,"red"
"2379",180776022,"G","A","PGM",0.5,"red"
"2380",180778890,"C","T","PGM",0.5,"red"
"2381",180875602,"T","C","PGM",0.5,"red"
"2382",180880638,"A","G","PGM",0.5,"red"
"2383",180889175,"C","T","PGM",0.5,"red"
"2384",180901804,"A","G","PGM",0.5,"red"
"2385",180903333,"T","C","PGM",0.5,"red"
"2386",180903932,"T","C","PGM",0.5,"red"
"2387",180925068,"G","A","PGM",0.5,"red"
"2388",180934568,"T","G","PGM",0.5,"red"
"2389",180977109,"C","T","PGM",0.5,"red"
"2390",182190965,"G","A","PGM",0.5,"red"
"2391",182226778,"T","C","PGM",0.5,"red"
"2392",182336884,"A","G","PGM",0.5,"red"
"2393",182399486,"G","T","PGM",0.5,"red"
"2394",182415098,"C","A","PGM",0.5,"red"
"2395",182455994,"C","T","PGM",0.5,"red"
"2396",182457803,"C","T","PGM",0.5,"red"
"2397",182502192,"T","C","PGM",0.5,"red"
"2398",182504773,"T","C","PGM",0.5,"red"
"2399",182511856,"T","C","PGM",0.5,"red"
"2400",182536951,"G","A","PGM",0.5,"red"
"2401",182572502,"G","T","PGM",0.5,"red"
"2402",182580567,"T","C","PGM",0.5,"red"
"2403",182764998,"G","A","PGM",0.5,"red"
"2404",182859734,"A","C","PGM",0.5,"red"
"2405",183417141,"G","A","PGM",0.5,"red"
"2406",183941444,"T","C","PGM",0.5,"red"
"2407",183964169,"G","A","PGM",0.5,"red"
"2408",183988599,"T","C","PGM",0.5,"red"
"2409",184024702,"C","T","PGM",0.5,"red"
"2410",184069487,"A","G","PGM",0.5,"red"
"2411",184076622,"A","G","PGM",0.5,"red"
"2412",184099537,"T","C","PGM",0.5,"red"
"2413",184137284,"C","T","PGM",0.5,"red"
"2414",184159036,"A","G","PGM",0.5,"red"
"2415",184170353,"G","A","PGM",0.5,"red"
"2416",184211084,"A","G","PGM",0.5,"red"
"2417",184392834,"C","T","PGM",0.5,"red"
"2418",184440113,"A","C","PGM",0.5,"red"
"2419",184442530,"C","G","PGM",0.5,"red"
"2420",184652758,"A","G","PGM",0.5,"red"
"2421",184761417,"T","C","PGM",0.5,"red"
"2422",184777287,"C","T","PGM",0.5,"red"
"2423",184800613,"G","A","PGM",0.5,"red"
"2424",184826437,"C","T","PGM",0.5,"red"
"2425",184971481,"A","G","PGM",0.5,"red"
"2426",184987780,"C","A","PGM",0.5,"red"
"2427",185021912,"A","G","PGM",0.5,"red"
"2428",185157849,"T","C","PGM",0.5,"red"
"2429",185210610,"T","G","PGM",0.5,"red"
"2430",185242856,"G","A","PGM",0.5,"red"
"2431",185256424,"C","T","PGM",0.5,"red"
"2432",185289177,"A","G","PGM",0.5,"red"
"2433",185352219,"C","A","PGM",0.5,"red"
"2434",185362149,"T","C","PGM",0.5,"red"
"2435",185375265,"G","T","PGM",0.5,"red"
"2436",185835898,"G","A","PGM",0.5,"red"
"2437",186063153,"T","C","PGM",0.5,"red"
"2438",186245653,"T","C","PGM",0.5,"red"
"2439",186272255,"T","G","PGM",0.5,"red"
"2440",188412362,"A","C","PGM",0.5,"red"
"2441",188419590,"G","A","PGM",0.5,"red"
"2442",188450136,"T","C","PGM",0.5,"red"
"2443",188475822,"G","A","PGM",0.5,"red"
"2444",188726834,"G","A","PGM",0.5,"red"
"2445",188811935,"G","A","PGM",0.5,"red"
"2446",188882741,"C","T","PGM",0.5,"red"
"2447",188962426,"C","A","PGM",0.5,"red"
"2448",188965391,"G","A","PGM",0.5,"red"
"2449",189330900,"T","C","PGM",0.5,"red"
"2450",189519890,"C","T","PGM",0.5,"red"
"2451",189526890,"C","T","PGM",0.5,"red"
"2452",189569061,"C","T","PGM",0.5,"red"
"2453",189699756,"G","A","PGM",0.5,"red"
"2454",189750863,"G","A","PGM",0.5,"red"
"2455",189768285,"C","T","PGM",0.5,"red"
"2456",189849773,"A","G","PGM",0.5,"red"
"2457",189867205,"G","A","PGM",0.5,"red"
"2458",190152443,"C","T","PGM",0.5,"red"
"2459",190387487,"C","T","PGM",0.5,"red"
"2460",190825226,"T","C","PGM",0.5,"red"
"2461",190943732,"A","C","PGM",0.5,"red"
"2462",191053129,"T","C","PGM",0.5,"red"
"2463",191261942,"A","G","PGM",0.5,"red"
"2464",191272150,"A","G","PGM",0.5,"red"
"2465",191307562,"T","C","PGM",0.5,"red"
"2466",191323138,"C","T","PGM",0.5,"red"
"2467",191369852,"G","A","PGM",0.5,"red"
"2468",191371041,"A","G","PGM",0.5,"red"
"2469",191394715,"G","A","PGM",0.5,"red"
"2470",191410588,"G","A","PGM",0.5,"red"
"2471",191469731,"C","T","PGM",0.5,"red"
"2472",191973563,"A","G","PGM",0.5,"red"
"2473",192038624,"T","G","PGM",0.5,"red"
"2474",192045160,"A","C","PGM",0.5,"red"
"2475",192046201,"C","A","PGM",0.5,"red"
"2476",192086682,"C","T","PGM",0.5,"red"
"2477",192520676,"C","T","PGM",0.5,"red"
"2478",192598953,"A","G","PGM",0.5,"red"
"2479",192616165,"A","G","PGM",0.5,"red"
"2480",192616373,"A","G","PGM",0.5,"red"
"2481",192772592,"G","T","PGM",0.5,"red"
"2482",192776190,"C","T","PGM",0.5,"red"
"2483",192796197,"G","A","PGM",0.5,"red"
"2484",192796615,"G","C","PGM",0.5,"red"
"2485",192797427,"A","C","PGM",0.5,"red"
"2486",192797804,"T","C","PGM",0.5,"red"
"2487",192797988,"T","G","PGM",0.5,"red"
"2488",192805026,"C","T","PGM",0.5,"red"
"2489",192808024,"T","G","PGM",0.5,"red"
"2490",192810074,"G","A","PGM",0.5,"red"
"2491",192813453,"C","T","PGM",0.5,"red"
"2492",192826028,"T","C","PGM",0.5,"red"
"2493",192831361,"C","A","PGM",0.5,"red"
"2494",192842303,"A","G","PGM",0.5,"red"
"2495",192843949,"C","T","PGM",0.5,"red"
"2496",192845305,"T","C","PGM",0.5,"red"
"2497",192846499,"G","A","PGM",0.5,"red"
"2498",192850804,"G","A","PGM",0.5,"red"
"2499",193028594,"G","A","PGM",0.5,"red"
"2500",193388876,"C","T","PGM",0.5,"red"
"2501",193420670,"A","G","PGM",0.5,"red"
"2502",193441245,"G","A","PGM",0.5,"red"
"2503",193706320,"A","G","PGM",0.5,"red"
"2504",195285230,"G","A","PGM",0.5,"red"
"2505",195386011,"A","G","PGM",0.5,"red"
"2506",195500763,"C","T","PGM",0.5,"red"
"2507",195736414,"G","T","PGM",0.5,"red"
"2508",196167335,"G","A","PGM",0.5,"red"
"2509",196189028,"A","G","PGM",0.5,"red"
"2510",196295986,"G","A","PGM",0.5,"red"
"2511",196319300,"G","A","PGM",0.5,"red"
"2512",196356871,"C","A","PGM",0.5,"red"
"2513",196369522,"A","C","PGM",0.5,"red"
"2514",196370612,"C","T","PGM",0.5,"red"
"2515",196375520,"T","C","PGM",0.5,"red"
"2516",196400096,"T","C","PGM",0.5,"red"
"2517",196622252,"T","C","PGM",0.5,"red"
"2518",196698255,"T","C","PGM",0.5,"red"
"2519",196912067,"A","G","PGM",0.5,"red"
"2520",196914283,"A","G","PGM",0.5,"red"
"2521",196942213,"G","A","PGM",0.5,"red"
"2522",196985112,"G","A","PGM",0.5,"red"
"2523",196987326,"T","C","PGM",0.5,"red"
"2524",196998315,"C","T","PGM",0.5,"red"
"2525",197000907,"G","A","PGM",0.5,"red"
"2526",197023209,"G","A","PGM",0.5,"red"
"2527",197045077,"A","G","PGM",0.5,"red"
"2528",197045688,"A","G","PGM",0.5,"red"
"2529",197048768,"C","T","PGM",0.5,"red"
"2530",197049167,"A","G","PGM",0.5,"red"
"2531",197055598,"A","G","PGM",0.5,"red"
"2532",197065179,"G","A","PGM",0.5,"red"
"2533",197065964,"C","A","PGM",0.5,"red"
"2534",197143469,"C","A","PGM",0.5,"red"
"2535",197164952,"C","T","PGM",0.5,"red"
"2536",197172538,"G","A","PGM",0.5,"red"
"2537",197215563,"G","T","PGM",0.5,"red"
"2538",197273364,"C","T","PGM",0.5,"red"
"2539",197292383,"G","A","PGM",0.5,"red"
"2540",197295756,"A","G","PGM",0.5,"red"
"2541",197300379,"C","A","PGM",0.5,"red"
"2542",198142210,"T","C","PGM",0.5,"red"
"2543",198143381,"A","G","PGM",0.5,"red"
"2544",198223121,"C","T","PGM",0.5,"red"
"2545",198265350,"T","C","PGM",0.5,"red"
"2546",198369370,"C","T","PGM",0.5,"red"
"2547",198436103,"G","A","PGM",0.5,"red"
"2548",198480072,"A","G","PGM",0.5,"red"
"2549",198520615,"G","A","PGM",0.5,"red"
"2550",198600730,"G","T","PGM",0.5,"red"
"2551",198631714,"A","G","PGM",0.5,"red"
"2552",198823828,"G","A","PGM",0.5,"red"
"2553",198901395,"C","T","PGM",0.5,"red"
"2554",198904914,"G","A","PGM",0.5,"red"
"2555",198921201,"A","G","PGM",0.5,"red"
"2556",198929716,"C","T","PGM",0.5,"red"
"2557",198952637,"T","C","PGM",0.5,"red"
"2558",199084258,"C","T","PGM",0.5,"red"
"2559",199089270,"A","G","PGM",0.5,"red"
"2560",199091237,"C","T","PGM",0.5,"red"
"2561",199122020,"C","A","PGM",0.5,"red"
"2562",199158911,"G","T","PGM",0.5,"red"
"2563",200963309,"A","G","PGM",0.5,"red"
"2564",201113452,"A","C","PGM",0.5,"red"
"2565",201387929,"G","A","PGM",0.5,"red"
"2566",201398270,"G","A","PGM",0.5,"red"
"2567",201412611,"A","G","PGM",0.5,"red"
"2568",201456245,"G","A","PGM",0.5,"red"
"2569",201457610,"T","C","PGM",0.5,"red"
"2570",201803139,"C","T","PGM",0.5,"red"
"2571",202060820,"C","T","PGM",0.5,"red"
"2572",202111380,"A","G","PGM",0.5,"red"
"2573",202149589,"G","C","PGM",0.5,"red"
"2574",202154200,"C","T","PGM",0.5,"red"
"2575",202383316,"C","T","PGM",0.5,"red"
"2576",202545984,"G","T","PGM",0.5,"red"
"2577",202560099,"A","G","PGM",0.5,"red"
"2578",202565570,"C","T","PGM",0.5,"red"
"2579",202741064,"A","G","PGM",0.5,"red"
"2580",202763587,"G","T","PGM",0.5,"red"
"2581",202767721,"T","C","PGM",0.5,"red"
"2582",202771029,"T","C","PGM",0.5,"red"
"2583",202799297,"T","C","PGM",0.5,"red"
"2584",202826980,"A","G","PGM",0.5,"red"
"2585",202827623,"C","T","PGM",0.5,"red"
"2586",202842998,"C","T","PGM",0.5,"red"
"2587",202848662,"G","A","PGM",0.5,"red"
"2588",202849655,"A","G","PGM",0.5,"red"
"2589",202864487,"G","T","PGM",0.5,"red"
"2590",202882110,"T","G","PGM",0.5,"red"
"2591",202901279,"G","T","PGM",0.5,"red"
"2592",203889992,"G","A","PGM",0.5,"red"
"2593",204512861,"G","A","PGM",0.5,"red"
"2594",204545178,"G","A","PGM",0.5,"red"
"2595",204648661,"T","C","PGM",0.5,"red"
"2596",204688432,"G","T","PGM",0.5,"red"
"2597",204710197,"G","A","PGM",0.5,"red"
"2598",204721752,"C","T","PGM",0.5,"red"
"2599",204729153,"C","T","PGM",0.5,"red"
"2600",204730944,"T","C","PGM",0.5,"red"
"2601",204732714,"A","G","PGM",0.5,"red"
"2602",204734487,"C","T","PGM",0.5,"red"
"2603",204740866,"C","T","PGM",0.5,"red"
"2604",204794952,"A","G","PGM",0.5,"red"
"2605",204881904,"G","A","PGM",0.5,"red"
"2606",205010191,"G","A","PGM",0.5,"red"
"2607",205063608,"T","C","PGM",0.5,"red"
"2608",205112368,"T","C","PGM",0.5,"red"
"2609",205759917,"A","G","PGM",0.5,"red"
"2610",205778583,"T","C","PGM",0.5,"red"
"2611",205783828,"A","C","PGM",0.5,"red"
"2612",205786640,"G","T","PGM",0.5,"red"
"2613",206605892,"T","C","PGM",0.5,"red"
"2614",206736522,"C","T","PGM",0.5,"red"
"2615",206743798,"C","T","PGM",0.5,"red"
"2616",206800999,"G","C","PGM",0.5,"red"
"2617",206806379,"C","T","PGM",0.5,"red"
"2618",206927850,"G","A","PGM",0.5,"red"
"2619",207326937,"A","G","PGM",0.5,"red"
"2620",207388240,"G","A","PGM",0.5,"red"
"2621",207503668,"G","A","PGM",0.5,"red"
"2622",207545346,"C","A","PGM",0.5,"red"
"2623",207563641,"G","A","PGM",0.5,"red"
"2624",207567542,"A","G","PGM",0.5,"red"
"2625",207571816,"T","C","PGM",0.5,"red"
"2626",208116942,"G","A","PGM",0.5,"red"
"2627",208150499,"C","T","PGM",0.5,"red"
"2628",208161788,"C","T","PGM",0.5,"red"
"2629",208176487,"A","G","PGM",0.5,"red"
"2630",208236850,"G","A","PGM",0.5,"red"
"2631",208267610,"T","G","PGM",0.5,"red"
"2632",208315474,"A","C","PGM",0.5,"red"
"2633",208369213,"C","T","PGM",0.5,"red"
"2634",208566869,"G","A","PGM",0.5,"red"
"2635",208679348,"G","A","PGM",0.5,"red"
"2636",208686410,"C","T","PGM",0.5,"red"
"2637",208690460,"G","T","PGM",0.5,"red"
"2638",208885654,"A","G","PGM",0.5,"red"
"2639",208926542,"G","A","PGM",0.5,"red"
"2640",208927892,"C","T","PGM",0.5,"red"
"2641",208957750,"G","A","PGM",0.5,"red"
"2642",208994045,"T","G","PGM",0.5,"red"
"2643",209117317,"A","G","PGM",0.5,"red"
"2644",209131796,"T","C","PGM",0.5,"red"
"2645",209135339,"G","A","PGM",0.5,"red"
"2646",209184234,"A","G","PGM",0.5,"red"
"2647",209296943,"G","T","PGM",0.5,"red"
"2648",209303382,"A","G","PGM",0.5,"red"
"2649",209469952,"G","T","PGM",0.5,"red"
"2650",209510934,"G","A","PGM",0.5,"red"
"2651",210269845,"G","T","PGM",0.5,"red"
"2652",210330754,"G","A","PGM",0.5,"red"
"2653",210335716,"A","G","PGM",0.5,"red"
"2654",210344871,"G","A","PGM",0.5,"red"
"2655",210371151,"C","T","PGM",0.5,"red"
"2656",210849283,"T","C","PGM",0.5,"red"
"2657",210874246,"T","C","PGM",0.5,"red"
"2658",210880893,"C","T","PGM",0.5,"red"
"2659",210885022,"C","T","PGM",0.5,"red"
"2660",211024197,"G","A","PGM",0.5,"red"
"2661",211060050,"T","G","PGM",0.5,"red"
"2662",211066335,"C","T","PGM",0.5,"red"
"2663",211067603,"G","A","PGM",0.5,"red"
"2664",211074909,"T","C","PGM",0.5,"red"
"2665",211132415,"A","G","PGM",0.5,"red"
"2666",211514492,"A","G","PGM",0.5,"red"
"2667",211515058,"A","T","PGM",0.5,"red"
"2668",211532703,"C","T","PGM",0.5,"red"
"2669",211628462,"C","T","PGM",0.5,"red"
"2670",211990188,"G","A","PGM",0.5,"red"
"2671",212376761,"C","T","PGM",0.5,"red"
"2672",212377759,"G","A","PGM",0.5,"red"
"2673",212409676,"A","G","PGM",0.5,"red"
"2674",212519028,"G","A","PGM",0.5,"red"
"2675",212525039,"T","C","PGM",0.5,"red"
"2676",212554979,"A","G","PGM",0.5,"red"
"2677",212555085,"C","T","PGM",0.5,"red"
"2678",212558540,"C","T","PGM",0.5,"red"
"2679",212781914,"C","T","PGM",0.5,"red"
"2680",212808309,"A","C","PGM",0.5,"red"
"2681",212826952,"C","T","PGM",0.5,"red"
"2682",212974828,"C","T","PGM",0.5,"red"
"2683",212984455,"A","G","PGM",0.5,"red"
"2684",212989308,"C","T","PGM",0.5,"red"
"2685",213003179,"C","T","PGM",0.5,"red"
"2686",213017462,"C","T","PGM",0.5,"red"
"2687",213023438,"G","A","PGM",0.5,"red"
"2688",213714818,"C","A","PGM",0.5,"red"
"2689",213722554,"T","C","PGM",0.5,"red"
"2690",213759117,"T","C","PGM",0.5,"red"
"2691",213761541,"A","C","PGM",0.5,"red"
"2692",213766075,"A","G","PGM",0.5,"red"
"2693",213769574,"T","C","PGM",0.5,"red"
"2694",213825327,"G","A","PGM",0.5,"red"
"2695",213843147,"T","C","PGM",0.5,"red"
"2696",213847911,"A","G","PGM",0.5,"red"
"2697",213871709,"A","G","PGM",0.5,"red"
"2698",213890232,"T","G","PGM",0.5,"red"
"2699",214018463,"C","A","PGM",0.5,"red"
"2700",214036796,"C","T","PGM",0.5,"red"
"2701",214050607,"C","T","PGM",0.5,"red"
"2702",214302234,"A","G","PGM",0.5,"red"
"2703",214548537,"G","A","PGM",0.5,"red"
"2704",214907914,"C","T","PGM",0.5,"red"
"2705",214966578,"T","C","PGM",0.5,"red"
"2706",215086033,"C","G","PGM",0.5,"red"
"2707",215092372,"G","A","PGM",0.5,"red"
"2708",215095745,"C","T","PGM",0.5,"red"
"2709",215108807,"T","C","PGM",0.5,"red"
"2710",215116944,"C","A","PGM",0.5,"red"
"2711",215188809,"G","A","PGM",0.5,"red"
"2712",215189950,"T","C","PGM",0.5,"red"
"2713",215196213,"A","G","PGM",0.5,"red"
"2714",215215856,"G","A","PGM",0.5,"red"
"2715",215218657,"T","C","PGM",0.5,"red"
"2716",215235867,"A","C","PGM",0.5,"red"
"2717",215401934,"G","T","PGM",0.5,"red"
"2718",215519819,"A","G","PGM",0.5,"red"
"2719",215546304,"C","T","PGM",0.5,"red"
"2720",215664391,"C","T","PGM",0.5,"red"
"2721",215709855,"A","G","PGM",0.5,"red"
"2722",215721249,"G","A","PGM",0.5,"red"
"2723",215755678,"T","C","PGM",0.5,"red"
"2724",215778534,"T","C","PGM",0.5,"red"
"2725",215780700,"G","A","PGM",0.5,"red"
"2726",215792343,"G","A","PGM",0.5,"red"
"2727",215796568,"C","T","PGM",0.5,"red"
"2728",215820013,"A","G","PGM",0.5,"red"
"2729",216137364,"C","T","PGM",0.5,"red"
"2730",216139578,"T","G","PGM",0.5,"red"
"2731",216141237,"C","T","PGM",0.5,"red"
"2732",216210236,"C","T","PGM",0.5,"red"
"2733",216321788,"C","G","PGM",0.5,"red"
"2734",216322388,"C","T","PGM",0.5,"red"
"2735",216412887,"A","G","PGM",0.5,"red"
"2736",216421067,"C","T","PGM",0.5,"red"
"2737",216555565,"G","C","PGM",0.5,"red"
"2738",216576315,"G","A","PGM",0.5,"red"
"2739",216603052,"G","A","PGM",0.5,"red"
"2740",216604988,"C","T","PGM",0.5,"red"
"2741",216770807,"A","G","PGM",0.5,"red"
"2742",216860550,"A","T","PGM",0.5,"red"
"2743",216866439,"G","A","PGM",0.5,"red"
"2744",217151315,"A","G","PGM",0.5,"red"
"2745",217153043,"G","A","PGM",0.5,"red"
"2746",217153197,"G","A","PGM",0.5,"red"
"2747",217186741,"T","C","PGM",0.5,"red"
"2748",217199624,"A","G","PGM",0.5,"red"
"2749",217204634,"G","A","PGM",0.5,"red"
"2750",217204949,"T","G","PGM",0.5,"red"
"2751",217205588,"A","G","PGM",0.5,"red"
"2752",217208571,"C","T","PGM",0.5,"red"
"2753",217209138,"G","A","PGM",0.5,"red"
"2754",217216651,"G","A","PGM",0.5,"red"
"2755",217220670,"C","T","PGM",0.5,"red"
"2756",217243312,"A","G","PGM",0.5,"red"
"2757",217245391,"G","A","PGM",0.5,"red"
"2758",217247182,"T","G","PGM",0.5,"red"
"2759",217251859,"A","G","PGM",0.5,"red"
"2760",217261557,"A","G","PGM",0.5,"red"
"2761",217272195,"A","C","PGM",0.5,"red"
"2762",217278023,"A","G","PGM",0.5,"red"
"2763",217298205,"A","G","PGM",0.5,"red"
"2764",217311630,"G","T","PGM",0.5,"red"
"2765",217326879,"T","C","PGM",0.5,"red"
"2766",217329184,"T","C","PGM",0.5,"red"
"2767",217350717,"C","T","PGM",0.5,"red"
"2768",217363061,"G","A","PGM",0.5,"red"
"2769",217368839,"T","C","PGM",0.5,"red"
"2770",217405203,"G","A","PGM",0.5,"red"
"2771",217408239,"A","G","PGM",0.5,"red"
"2772",217411246,"C","T","PGM",0.5,"red"
"2773",217412087,"T","C","PGM",0.5,"red"
"2774",217418320,"G","T","PGM",0.5,"red"
"2775",217633814,"C","T","PGM",0.5,"red"
"2776",217636736,"G","A","PGM",0.5,"red"
"2777",217646555,"G","A","PGM",0.5,"red"
"2778",217680944,"G","A","PGM",0.5,"red"
"2779",217707526,"A","G","PGM",0.5,"red"
"2780",217751546,"G","A","PGM",0.5,"red"
"2781",217755282,"T","C","PGM",0.5,"red"
"2782",217768442,"T","C","PGM",0.5,"red"
"2783",217781304,"T","C","PGM",0.5,"red"
"2784",217786474,"T","C","PGM",0.5,"red"
"2785",217795143,"T","C","PGM",0.5,"red"
"2786",217799675,"A","C","PGM",0.5,"red"
"2787",217808203,"G","T","PGM",0.5,"red"
"2788",217808729,"T","C","PGM",0.5,"red"
"2789",217831965,"C","T","PGM",0.5,"red"
"2790",217835147,"A","G","PGM",0.5,"red"
"2791",217850417,"T","C","PGM",0.5,"red"
"2792",217851509,"G","T","PGM",0.5,"red"
"2793",217884314,"G","A","PGM",0.5,"red"
"2794",217929020,"A","G","PGM",0.5,"red"
"2795",218174094,"G","T","PGM",0.5,"red"
"2796",218204681,"C","A","PGM",0.5,"red"
"2797",218205108,"T","C","PGM",0.5,"red"
"2798",218207609,"C","T","PGM",0.5,"red"
"2799",218217618,"C","T","PGM",0.5,"red"
"2800",218224382,"G","A","PGM",0.5,"red"
"2801",218232676,"C","T","PGM",0.5,"red"
"2802",218239426,"A","G","PGM",0.5,"red"
"2803",218245234,"G","A","PGM",0.5,"red"
"2804",218259783,"T","C","PGM",0.5,"red"
"2805",218271898,"T","C","PGM",0.5,"red"
"2806",218637207,"G","A","PGM",0.5,"red"
"2807",218638176,"T","C","PGM",0.5,"red"
"2808",218695686,"C","T","PGM",0.5,"red"
"2809",218749379,"G","A","PGM",0.5,"red"
"2810",218750817,"T","C","PGM",0.5,"red"
"2811",218753636,"C","T","PGM",0.5,"red"
"2812",218754326,"T","C","PGM",0.5,"red"
"2813",218756117,"C","T","PGM",0.5,"red"
"2814",218768581,"G","A","PGM",0.5,"red"
"2815",218793983,"G","A","PGM",0.5,"red"
"2816",219861152,"C","T","PGM",0.5,"red"
"2817",219863589,"C","T","PGM",0.5,"red"
"2818",219863656,"A","G","PGM",0.5,"red"
"2819",220070301,"G","T","PGM",0.5,"red"
"2820",220086280,"T","C","PGM",0.5,"red"
"2821",220148696,"G","A","PGM",0.5,"red"
"2822",220421417,"G","C","PGM",0.5,"red"
"2823",220427395,"G","A","PGM",0.5,"red"
"2824",220427680,"T","C","PGM",0.5,"red"
"2825",220510817,"T","C","PGM",0.5,"red"
"2826",220609811,"G","A","PGM",0.5,"red"
"2827",220631353,"A","G","PGM",0.5,"red"
"2828",220632013,"A","G","PGM",0.5,"red"
"2829",220738491,"C","T","PGM",0.5,"red"
"2830",220773422,"C","A","PGM",0.5,"red"
"2831",220863024,"T","C","PGM",0.5,"red"
"2832",220873544,"G","A","PGM",0.5,"red"
"2833",220884969,"A","G","PGM",0.5,"red"
"2834",220915008,"A","G","PGM",0.5,"red"
"2835",220916773,"G","A","PGM",0.5,"red"
"2836",221112274,"T","C","PGM",0.5,"red"
"2837",221139537,"G","A","PGM",0.5,"red"
"2838",221186275,"A","C","PGM",0.5,"red"
"2839",221189253,"C","T","PGM",0.5,"red"
"2840",221197071,"C","T","PGM",0.5,"red"
"2841",221229840,"G","A","PGM",0.5,"red"
"2842",221367957,"C","T","PGM",0.5,"red"
"2843",221418204,"G","A","PGM",0.5,"red"
"2844",221421266,"T","C","PGM",0.5,"red"
"2845",221540944,"A","G","PGM",0.5,"red"
"2846",222072178,"T","C","PGM",0.5,"red"
"2847",222081456,"C","T","PGM",0.5,"red"
"2848",222081981,"A","G","PGM",0.5,"red"
"2849",222150590,"T","C","PGM",0.5,"red"
"2850",222150749,"G","A","PGM",0.5,"red"
"2851",222241514,"T","C","PGM",0.5,"red"
"2852",222276477,"A","G","PGM",0.5,"red"
"2853",222315958,"C","T","PGM",0.5,"red"
"2854",222330122,"G","A","PGM",0.5,"red"
"2855",222337810,"T","C","PGM",0.5,"red"
"2856",222340239,"C","T","PGM",0.5,"red"
"2857",222344196,"A","G","PGM",0.5,"red"
"2858",222366631,"C","T","PGM",0.5,"red"
"2859",222367483,"G","A","PGM",0.5,"red"
"2860",222512569,"A","G","PGM",0.5,"red"
"2861",222519992,"A","C","PGM",0.5,"red"
"2862",222692046,"T","C","PGM",0.5,"red"
"2863",222695468,"G","A","PGM",0.5,"red"
"2864",222800141,"C","T","PGM",0.5,"red"
"2865",222872562,"A","G","PGM",0.5,"red"
"2866",222936264,"T","C","PGM",0.5,"red"
"2867",222988705,"T","G","PGM",0.5,"red"
"2868",222992086,"G","T","PGM",0.5,"red"
"2869",222999840,"C","T","PGM",0.5,"red"
"2870",223009169,"G","A","PGM",0.5,"red"
"2871",223044442,"A","G","PGM",0.5,"red"
"2872",223058186,"G","A","PGM",0.5,"red"
"2873",223068286,"A","G","PGM",0.5,"red"
"2874",223086976,"G","T","PGM",0.5,"red"
"2875",223134455,"A","G","PGM",0.5,"red"
"2876",223135983,"C","A","PGM",0.5,"red"
"2877",223161606,"C","A","PGM",0.5,"red"
"2878",223203549,"T","G","PGM",0.5,"red"
"2879",223234004,"A","G","PGM",0.5,"red"
"2880",223384515,"C","T","PGM",0.5,"red"
"2881",223398530,"G","A","PGM",0.5,"red"
"2882",223412813,"T","C","PGM",0.5,"red"
"2883",223432097,"T","C","PGM",0.5,"red"
"2884",223457193,"C","T","PGM",0.5,"red"
"2885",223467581,"C","A","PGM",0.5,"red"
"2886",223577268,"T","C","PGM",0.5,"red"
"2887",223594490,"A","G","PGM",0.5,"red"
"2888",223598666,"A","G","PGM",0.5,"red"
"2889",223617188,"T","G","PGM",0.5,"red"
"2890",223657553,"A","C","PGM",0.5,"red"
"2891",223661303,"G","A","PGM",0.5,"red"
"2892",223682484,"T","G","PGM",0.5,"red"
"2893",223696250,"C","T","PGM",0.5,"red"
"2894",223698442,"C","T","PGM",0.5,"red"
"2895",224267984,"C","A","PGM",0.5,"red"
"2896",224269949,"C","T","PGM",0.5,"red"
"2897",224308931,"G","A","PGM",0.5,"red"
"2898",224321540,"A","G","PGM",0.5,"red"
"2899",224344833,"A","G","PGM",0.5,"red"
"2900",224360039,"A","G","PGM",0.5,"red"
"2901",224363430,"A","C","PGM",0.5,"red"
"2902",224364255,"A","C","PGM",0.5,"red"
"2903",224365038,"T","C","PGM",0.5,"red"
"2904",224373759,"C","T","PGM",0.5,"red"
"2905",224576402,"T","C","PGM",0.5,"red"
"2906",224579920,"A","G","PGM",0.5,"red"
"2907",224800016,"G","A","PGM",0.5,"red"
"2908",224819470,"T","C","PGM",0.5,"red"
"2909",224820218,"T","C","PGM",0.5,"red"
"2910",224880336,"C","T","PGM",0.5,"red"
"2911",224889383,"G","A","PGM",0.5,"red"
"2912",224920176,"C","T","PGM",0.5,"red"
"2913",224925417,"G","A","PGM",0.5,"red"
"2914",224929412,"G","A","PGM",0.5,"red"
"2915",224931733,"G","A","PGM",0.5,"red"
"2916",225189782,"G","A","PGM",0.5,"red"
"2917",225192649,"A","G","PGM",0.5,"red"
"2918",225196163,"G","A","PGM",0.5,"red"
"2919",225197260,"A","C","PGM",0.5,"red"
"2920",225206092,"T","C","PGM",0.5,"red"
"2921",225211406,"G","A","PGM",0.5,"red"
"2922",225224042,"G","A","PGM",0.5,"red"
"2923",225229888,"A","C","PGM",0.5,"red"
"2924",225244923,"A","G","PGM",0.5,"red"
"2925",225252746,"G","A","PGM",0.5,"red"
"2926",225266667,"G","A","PGM",0.5,"red"
"2927",225276261,"T","C","PGM",0.5,"red"
"2928",225279474,"C","T","PGM",0.5,"red"
"2929",225281602,"G","T","PGM",0.5,"red"
"2930",225298112,"G","A","PGM",0.5,"red"
"2931",225398684,"T","C","PGM",0.5,"red"
"2932",225411429,"A","G","PGM",0.5,"red"
"2933",225505092,"T","C","PGM",0.5,"red"
"2934",225511657,"T","G","PGM",0.5,"red"
"2935",225608689,"C","T","PGM",0.5,"red"
"2936",225630435,"C","T","PGM",0.5,"red"
"2937",225639220,"A","G","PGM",0.5,"red"
"2938",225659217,"T","C","PGM",0.5,"red"
"2939",225998468,"A","C","PGM",0.5,"red"
"2940",226004087,"A","G","PGM",0.5,"red"
"2941",226023294,"A","C","PGM",0.5,"red"
"2942",226025235,"T","C","PGM",0.5,"red"
"2943",226115446,"G","A","PGM",0.5,"red"
"2944",226118444,"G","A","PGM",0.5,"red"
"2945",226140372,"G","A","PGM",0.5,"red"
"2946",226154132,"C","A","PGM",0.5,"red"
"2947",226168931,"T","C","PGM",0.5,"red"
"2948",226174087,"A","G","PGM",0.5,"red"
"2949",226178411,"G","A","PGM",0.5,"red"
"2950",226183487,"A","G","PGM",0.5,"red"
"2951",226216097,"G","A","PGM",0.5,"red"
"2952",226228069,"A","C","PGM",0.5,"red"
"2953",226243056,"C","T","PGM",0.5,"red"
"2954",226247263,"C","T","PGM",0.5,"red"
"2955",226254785,"G","T","PGM",0.5,"red"
"2956",226257605,"T","C","PGM",0.5,"red"
"2957",226278417,"T","C","PGM",0.5,"red"
"2958",226358289,"T","C","PGM",0.5,"red"
"2959",226361673,"G","A","PGM",0.5,"red"
"2960",226366322,"T","C","PGM",0.5,"red"
"2961",226368350,"A","G","PGM",0.5,"red"
"2962",226375537,"A","G","PGM",0.5,"red"
"2963",226394889,"T","C","PGM",0.5,"red"
"2964",226482672,"G","A","PGM",0.5,"red"
"2965",226697772,"G","A","PGM",0.5,"red"
"2966",226743260,"G","A","PGM",0.5,"red"
"2967",226747064,"T","C","PGM",0.5,"red"
"2968",226754597,"C","A","PGM",0.5,"red"
"2969",226780772,"T","G","PGM",0.5,"red"
"2970",226783591,"G","A","PGM",0.5,"red"
"2971",227054881,"A","C","PGM",0.5,"red"
"2972",227087284,"G","A","PGM",0.5,"red"
"2973",227098387,"A","G","PGM",0.5,"red"
"2974",227152557,"G","T","PGM",0.5,"red"
"2975",227199263,"G","T","PGM",0.5,"red"
"2976",227203200,"G","A","PGM",0.5,"red"
"2977",227210398,"C","T","PGM",0.5,"red"
"2978",227860671,"G","A","PGM",0.5,"red"
"2979",227880511,"T","C","PGM",0.5,"red"
"2980",227990914,"G","A","PGM",0.5,"red"
"2981",227993937,"G","A","PGM",0.5,"red"
"2982",227997825,"C","T","PGM",0.5,"red"
"2983",227997971,"A","C","PGM",0.5,"red"
"2984",228005906,"A","G","PGM",0.5,"red"
"2985",228013535,"G","A","PGM",0.5,"red"
"2986",228014767,"A","G","PGM",0.5,"red"
"2987",228258288,"T","C","PGM",0.5,"red"
"2988",228258857,"T","C","PGM",0.5,"red"
"2989",228266077,"C","T","PGM",0.5,"red"
"2990",228344160,"T","G","PGM",0.5,"red"
"2991",228446321,"G","T","PGM",0.5,"red"
"2992",228589715,"A","G","PGM",0.5,"red"
"2993",228615752,"T","C","PGM",0.5,"red"
"2994",228638856,"G","A","PGM",0.5,"red"
"2995",228812013,"T","G","PGM",0.5,"red"
"2996",228812878,"G","T","PGM",0.5,"red"
"2997",228812961,"G","A","PGM",0.5,"red"
"2998",228815975,"G","A","PGM",0.5,"red"
"2999",228834910,"T","C","PGM",0.5,"red"
"3000",228888652,"C","T","PGM",0.5,"red"
"3001",229594199,"C","T","PGM",0.5,"red"
"3002",229642422,"G","A","PGM",0.5,"red"
"3003",229783318,"C","A","PGM",0.5,"red"
"3004",229813769,"C","T","PGM",0.5,"red"
"3005",229866471,"G","A","PGM",0.5,"red"
"3006",229945688,"A","G","PGM",0.5,"red"
"3007",229968218,"T","C","PGM",0.5,"red"
"3008",230033560,"T","G","PGM",0.5,"red"
"3009",230033996,"G","T","PGM",0.5,"red"
"3010",230039041,"C","T","PGM",0.5,"red"
"3011",230042560,"T","C","PGM",0.5,"red"
"3012",230059595,"C","A","PGM",0.5,"red"
"3013",230116035,"A","G","PGM",0.5,"red"
"3014",230117059,"T","C","PGM",0.5,"red"
"3015",230137324,"A","C","PGM",0.5,"red"
"3016",230142642,"A","G","PGM",0.5,"red"
"3017",230166647,"C","T","PGM",0.5,"red"
"3018",230175814,"C","A","PGM",0.5,"red"
"3019",230326068,"C","T","PGM",0.5,"red"
"3020",230329343,"T","C","PGM",0.5,"red"
"3021",230396934,"C","T","PGM",0.5,"red"
"3022",230401082,"G","A","PGM",0.5,"red"
"3023",230422324,"T","C","PGM",0.5,"red"
"3024",230436865,"G","A","PGM",0.5,"red"
"3025",230451886,"T","C","PGM",0.5,"red"
"3026",230457383,"C","T","PGM",0.5,"red"
"3027",230459651,"C","T","PGM",0.5,"red"
"3028",230505033,"C","T","PGM",0.5,"red"
"3029",230506712,"G","T","PGM",0.5,"red"
"3030",230508050,"G","A","PGM",0.5,"red"
"3031",230532819,"T","C","PGM",0.5,"red"
"3032",230538675,"G","C","PGM",0.5,"red"
"3033",230896678,"C","T","PGM",0.5,"red"
"3034",230946676,"T","C","PGM",0.5,"red"
"3035",230995326,"A","G","PGM",0.5,"red"
"3036",231477223,"C","A","PGM",0.5,"red"
"3037",231491438,"A","C","PGM",0.5,"red"
"3038",231579273,"0","G","PGM",0.5,"red"
"3039",231631689,"A","G","PGM",0.5,"red"
"3040",231651832,"T","G","PGM",0.5,"red"
"3041",231727399,"C","T","PGM",0.5,"red"
"3042",231737798,"A","G","PGM",0.5,"red"
"3043",231738509,"C","G","PGM",0.5,"red"
"3044",231793015,"G","A","PGM",0.5,"red"
"3045",231981992,"G","A","PGM",0.5,"red"
"3046",232225946,"G","A","PGM",0.5,"red"
"3047",232301670,"G","A","PGM",0.5,"red"
"3048",232313046,"T","C","PGM",0.5,"red"
"3049",232324780,"G","A","PGM",0.5,"red"
"3050",232394519,"G","A","PGM",0.5,"red"
"3051",232554437,"T","C","PGM",0.5,"red"
"3052",233211861,"G","T","PGM",0.5,"red"
"3053",233360507,"T","C","PGM",0.5,"red"
"3054",233362267,"C","T","PGM",0.5,"red"
"3055",233410294,"C","T","PGM",0.5,"red"
"3056",233490451,"T","C","PGM",0.5,"red"
"3057",233498669,"G","T","PGM",0.5,"red"
"3058",233591551,"G","A","PGM",0.5,"red"
"3059",233631062,"T","C","PGM",0.5,"red"
"3060",233639748,"G","T","PGM",0.5,"red"
"3061",233684097,"T","C","PGM",0.5,"red"
"3062",233691895,"G","A","PGM",0.5,"red"
"3063",233824203,"C","T","PGM",0.5,"red"
"3064",233843826,"C","T","PGM",0.5,"red"
"3065",233854397,"A","G","PGM",0.5,"red"
"3066",233868392,"T","C","PGM",0.5,"red"
"3067",233872049,"A","G","PGM",0.5,"red"
"3068",233889105,"A","G","PGM",0.5,"red"
"3069",233926201,"G","A","PGM",0.5,"red"
"3070",233929510,"T","C","PGM",0.5,"red"
"3071",233929545,"G","A","PGM",0.5,"red"
"3072",234214947,"T","C","PGM",0.5,"red"
"3073",234219952,"G","A","PGM",0.5,"red"
"3074",234221687,"T","C","PGM",0.5,"red"
"3075",234493048,"A","G","PGM",0.5,"red"
"3076",234502121,"T","C","PGM",0.5,"red"
"3077",234569137,"G","A","PGM",0.5,"red"
"3078",234627937,"C","T","PGM",0.5,"red"
"3079",234728078,"C","T","PGM",0.5,"red"
"3080",234875433,"A","G","PGM",0.5,"red"
"3081",234878261,"G","A","PGM",0.5,"red"
"3082",234885030,"C","A","PGM",0.5,"red"
"3083",234889177,"G","T","PGM",0.5,"red"
"3084",234900513,"G","A","PGM",0.5,"red"
"3085",234905078,"C","T","PGM",0.5,"red"
"3086",234908496,"C","T","PGM",0.5,"red"
"3087",234912215,"T","C","PGM",0.5,"red"
"3088",234912661,"G","T","PGM",0.5,"red"
"3089",235036804,"T","C","PGM",0.5,"red"
"3090",235130693,"T","C","PGM",0.5,"red"
"3091",235212056,"C","T","PGM",0.5,"red"
"3092",235235092,"T","C","PGM",0.5,"red"
"3093",235458755,"C","A","PGM",0.5,"red"
"3094",235464033,"G","A","PGM",0.5,"red"
"3095",235464046,"C","T","PGM",0.5,"red"
"3096",235673205,"G","T","PGM",0.5,"red"
"3097",235730405,"G","A","PGM",0.5,"red"
"3098",235733155,"A","C","PGM",0.5,"red"
"3099",235806038,"C","T","PGM",0.5,"red"
"3100",235859541,"A","G","PGM",0.5,"red"
"3101",235943167,"T","C","PGM",0.5,"red"
"3102",235979171,"G","A","PGM",0.5,"red"
"3103",236016540,"C","T","PGM",0.5,"red"
"3104",236355415,"C","T","PGM",0.5,"red"
"3105",236369719,"C","A","PGM",0.5,"red"
"3106",236514769,"A","G","PGM",0.5,"red"
"3107",236522161,"A","G","PGM",0.5,"red"
"3108",236528938,"A","T","PGM",0.5,"red"
"3109",236532308,"A","G","PGM",0.5,"red"
"3110",236547496,"G","A","PGM",0.5,"red"
"3111",236550704,"G","A","PGM",0.5,"red"
"3112",236553171,"C","A","PGM",0.5,"red"
"3113",236566346,"A","G","PGM",0.5,"red"
"3114",237148600,"T","C","PGM",0.5,"red"
"3115",237183463,"T","G","PGM",0.5,"red"
"3116",237185511,"A","T","PGM",0.5,"red"
"3117",237233920,"G","A","PGM",0.5,"red"
"3118",237238496,"A","G","PGM",0.5,"red"
"3119",237272056,"C","T","PGM",0.5,"red"
"3120",237418393,"C","T","PGM",0.5,"red"
"3121",237583477,"C","A","PGM",0.5,"red"
"3122",237592752,"C","A","PGM",0.5,"red"
"3123",237677928,"A","T","PGM",0.5,"red"
"3124",237692763,"T","C","PGM",0.5,"red"
"3125",237758257,"T","C","PGM",0.5,"red"
"3126",237776239,"G","A","PGM",0.5,"red"
"3127",237805687,"T","G","PGM",0.5,"red"
"3128",237810403,"T","C","PGM",0.5,"red"
"3129",237810566,"A","G","PGM",0.5,"red"
"3130",237811515,"A","G","PGM",0.5,"red"
"3131",237817522,"C","T","PGM",0.5,"red"
"3132",237841705,"A","G","PGM",0.5,"red"
"3133",237843486,"T","G","PGM",0.5,"red"
"3134",237848643,"A","G","PGM",0.5,"red"
"3135",237851338,"G","A","PGM",0.5,"red"
"3136",238118447,"A","G","PGM",0.5,"red"
"3137",238209206,"G","A","PGM",0.5,"red"
"3138",238222143,"C","T","PGM",0.5,"red"
"3139",238227776,"A","G","PGM",0.5,"red"
"3140",238233410,"C","G","PGM",0.5,"red"
"3141",238261112,"A","G","PGM",0.5,"red"
"3142",238270726,"A","G","PGM",0.5,"red"
"3143",238277795,"A","G","PGM",0.5,"red"
"3144",238283605,"G","A","PGM",0.5,"red"
"3145",238296289,"C","T","PGM",0.5,"red"
"3146",238311612,"C","T","PGM",0.5,"red"
"3147",238454437,"C","T","PGM",0.5,"red"
"3148",238457684,"A","G","PGM",0.5,"red"
"3149",238458180,"G","T","PGM",0.5,"red"
"3150",238460671,"G","A","PGM",0.5,"red"
"3151",238462725,"G","A","PGM",0.5,"red"
"3152",238464897,"G","T","PGM",0.5,"red"
"3153",238466538,"A","G","PGM",0.5,"red"
"3154",238890036,"G","A","PGM",0.5,"red"
"3155",238949616,"G","A","PGM",0.5,"red"
"3156",239008067,"G","A","PGM",0.5,"red"
"3157",239038912,"T","C","PGM",0.5,"red"
"3158",239671606,"A","G","PGM",0.5,"red"
"3159",239686371,"G","T","PGM",0.5,"red"
"3160",239691714,"G","A","PGM",0.5,"red"
"3161",239719697,"G","T","PGM",0.5,"red"
"3162",239722254,"C","T","PGM",0.5,"red"
"3163",239832602,"T","C","PGM",0.5,"red"
"3164",239832812,"A","C","PGM",0.5,"red"
"3165",239833229,"A","G","PGM",0.5,"red"
"3166",240175942,"A","G","PGM",0.5,"red"
"3167",240188918,"C","T","PGM",0.5,"red"
"3168",240317260,"G","A","PGM",0.5,"red"
"3169",240401778,"G","A","PGM",0.5,"red"
"3170",240426414,"G","T","PGM",0.5,"red"
"3171",240435434,"C","A","PGM",0.5,"red"
"3172",240435943,"C","T","PGM",0.5,"red"
"3173",240456050,"A","G","PGM",0.5,"red"
"3174",240491470,"G","A","PGM",0.5,"red"
"3175",240502117,"T","C","PGM",0.5,"red"
"3176",240631971,"C","A","PGM",0.5,"red"
"3177",240653012,"C","T","PGM",0.5,"red"
"3178",240653558,"T","C","PGM",0.5,"red"
"3179",240685573,"T","G","PGM",0.5,"red"
"3180",240742906,"A","G","PGM",0.5,"red"
"3181",240888514,"T","C","PGM",0.5,"red"
"3182",240920291,"G","A","PGM",0.5,"red"
"3183",240954972,"C","A","PGM",0.5,"red"
"3184",240957801,"G","A","PGM",0.5,"red"
"3185",240967312,"G","A","PGM",0.5,"red"
"3186",241152425,"A","C","PGM",0.5,"red"
"3187",241169221,"C","T","PGM",0.5,"red"
"3188",241231989,"G","A","PGM",0.5,"red"
"3189",241261657,"C","T","PGM",0.5,"red"
"3190",241386262,"G","A","PGM",0.5,"red"
"3191",241458609,"G","A","PGM",0.5,"red"
"3192",241477073,"C","T","PGM",0.5,"red"
"3193",241492255,"T","G","PGM",0.5,"red"
"3194",241495013,"G","C","PGM",0.5,"red"
"3195",241579108,"G","T","PGM",0.5,"red"
"3196",241596432,"G","T","PGM",0.5,"red"
"3197",241666628,"G","A","PGM",0.5,"red"
"3198",241675969,"A","G","PGM",0.5,"red"
"3199",241792959,"T","G","PGM",0.5,"red"
"3200",241808314,"C","T","PGM",0.5,"red"
"3201",241808685,"C","T","PGM",0.5,"red"
"3202",241813496,"C","T","PGM",0.5,"red"
"3203",241817516,"A","G","PGM",0.5,"red"
"3204",241879702,"A","C","PGM",0.5,"red"
"3205",241911027,"C","T","PGM",0.5,"red"
"3206",242162191,"G","A","PGM",0.5,"red"
"3207",242175331,"C","T","PGM",0.5,"red"
"3208",242197173,"G","A","PGM",0.5,"red"
"3209",242259614,"A","G","PGM",0.5,"red"
"3210",242322667,"G","A","PGM",0.5,"red"
"3211",242360245,"G","T","PGM",0.5,"red"
"3212",242421866,"A","G","PGM",0.5,"red"
"3213",242490366,"A","G","PGM",0.5,"red"
"3214",242492540,"G","A","PGM",0.5,"red"
"3215",242502642,"T","C","PGM",0.5,"red"
"3216",242509012,"G","A","PGM",0.5,"red"
"3217",242917306,"C","T","PGM",0.5,"red"
"3218",242921890,"C","T","PGM",0.5,"red"
"3219",242924333,"G","A","PGM",0.5,"red"
"3220",242929164,"C","T","PGM",0.5,"red"
"3221",242931252,"A","G","PGM",0.5,"red"
"3222",242937388,"G","A","PGM",0.5,"red"
"3223",242947985,"A","G","PGM",0.5,"red"
"3224",243000717,"G","A","PGM",0.5,"red"
