"","position","paternal_allele","pgm_allele","source","plot_y","color"
"1",189113,"A","A","PGF",1.5,"blue"
"2",417727,"A","A","PGF",1.5,"blue"
"3",471435,"G","G","PGF",1.5,"blue"
"4",580362,"T","T","PGF",1.5,"blue"
"5",586348,"G","G","PGF",1.5,"blue"
"6",606568,"A","A","PGF",1.5,"blue"
"7",625232,"T","T","PGF",1.5,"blue"
"8",627382,"T","T","PGF",1.5,"blue"
"9",668627,"C","C","PGF",1.5,"blue"
"10",673778,"G","G","PGF",1.5,"blue"
"11",680678,"C","C","PGF",1.5,"blue"
"12",687753,"T","T","PGF",1.5,"blue"
"13",689565,"T","T","PGF",1.5,"blue"
"14",693638,"G","G","PGF",1.5,"blue"
"15",696058,"A","A","PGF",1.5,"blue"
"16",697754,"A","A","PGF",1.5,"blue"
"17",702398,"C","C","PGF",1.5,"blue"
"18",711150,"C","C","PGF",1.5,"blue"
"19",733163,"T","T","PGF",1.5,"blue"
"20",741043,"C","C","PGF",1.5,"blue"
"21",744573,"T","T","PGF",1.5,"blue"
"22",753246,"T","T","PGF",1.5,"blue"
"23",951385,"C","C","PGF",1.5,"blue"
"24",967985,"C","C","PGF",1.5,"blue"
"25",1045503,"C","C","PGF",1.5,"blue"
"26",1296166,"G","G","PGF",1.5,"blue"
"27",1363522,"A","A","PGF",1.5,"blue"
"28",1374892,"A","A","PGF",1.5,"blue"
"29",1377218,"G","G","PGF",1.5,"blue"
"30",1380746,"A","A","PGF",1.5,"blue"
"31",1405284,"T","T","PGF",1.5,"blue"
"32",1408267,"G","G","PGF",1.5,"blue"
"33",1408677,"C","C","PGF",1.5,"blue"
"34",1410864,"A","A","PGF",1.5,"blue"
"35",1417600,"T","T","PGF",1.5,"blue"
"36",1424362,"A","A","PGF",1.5,"blue"
"37",1435220,"G","G","PGF",1.5,"blue"
"38",1439976,"T","T","PGF",1.5,"blue"
"39",1441282,"C","C","PGF",1.5,"blue"
"40",1443801,"C","C","PGF",1.5,"blue"
"41",1446047,"G","G","PGF",1.5,"blue"
"42",1451437,"T","T","PGF",1.5,"blue"
"43",1515374,"A","A","PGF",1.5,"blue"
"44",1528282,"G","G","PGF",1.5,"blue"
"45",1528681,"T","T","PGF",1.5,"blue"
"46",1529787,"G","G","PGF",1.5,"blue"
"47",1530985,"C","C","PGF",1.5,"blue"
"48",1533447,"C","C","PGF",1.5,"blue"
"49",1550886,"A","A","PGF",1.5,"blue"
"50",1558640,"T","T","PGF",1.5,"blue"
"51",1564371,"A","A","PGF",1.5,"blue"
"52",1568046,"C","C","PGF",1.5,"blue"
"53",1569619,"C","C","PGF",1.5,"blue"
"54",1577436,"C","C","PGF",1.5,"blue"
"55",1577662,"A","A","PGF",1.5,"blue"
"56",1578770,"T","T","PGF",1.5,"blue"
"57",1580957,"T","T","PGF",1.5,"blue"
"58",1581803,"A","A","PGF",1.5,"blue"
"59",1582162,"A","A","PGF",1.5,"blue"
"60",1595216,"C","C","PGF",1.5,"blue"
"61",1640211,"C","C","PGF",1.5,"blue"
"62",1640551,"G","G","PGF",1.5,"blue"
"63",1661570,"T","T","PGF",1.5,"blue"
"64",1663631,"C","C","PGF",1.5,"blue"
"65",1686599,"G","G","PGF",1.5,"blue"
"66",1688391,"G","G","PGF",1.5,"blue"
"67",1689999,"G","G","PGF",1.5,"blue"
"68",1695439,"G","G","PGF",1.5,"blue"
"69",1781870,"A","A","PGF",1.5,"blue"
"70",1942538,"T","T","PGF",1.5,"blue"
"71",1945901,"C","C","PGF",1.5,"blue"
"72",1949812,"A","A","PGF",1.5,"blue"
"73",2123744,"A","A","PGF",1.5,"blue"
"74",2428540,"T","T","PGF",1.5,"blue"
"75",2449872,"G","G","PGF",1.5,"blue"
"76",2511716,"G","G","PGF",1.5,"blue"
"77",2888213,"G","G","PGF",1.5,"blue"
"78",2959513,"C","C","PGF",1.5,"blue"
"79",2966681,"C","C","PGF",1.5,"blue"
"80",2986088,"T","T","PGF",1.5,"blue"
"81",2990373,"T","T","PGF",1.5,"blue"
"82",3002238,"C","C","PGF",1.5,"blue"
"83",3010390,"T","T","PGF",1.5,"blue"
"84",3264671,"C","C","PGF",1.5,"blue"
"85",3296534,"A","A","PGF",1.5,"blue"
"86",3297851,"A","A","PGF",1.5,"blue"
"87",3349908,"A","A","PGF",1.5,"blue"
"88",3354261,"C","C","PGF",1.5,"blue"
"89",3361349,"A","A","PGF",1.5,"blue"
"90",3368057,"G","G","PGF",1.5,"blue"
"91",3371291,"A","A","PGF",1.5,"blue"
"92",3374575,"A","A","PGF",1.5,"blue"
"93",3379184,"C","T","PGM",0.5,"red"
"94",3398515,"T","T","PGF",1.5,"blue"
"95",3398623,"C","C","PGF",1.5,"blue"
"96",3400610,"T","T","PGF",1.5,"blue"
"97",3401003,"A","A","PGF",1.5,"blue"
"98",3402520,"T","T","PGF",1.5,"blue"
"99",3845399,"T","C","PGM",0.5,"red"
"100",3848633,"A","G","PGM",0.5,"red"
"101",3857572,"A","G","PGM",0.5,"red"
"102",3857624,"A","G","PGM",0.5,"red"
"103",3868328,"A","G","PGM",0.5,"red"
"104",3958190,"T","G","PGM",0.5,"red"
"105",4158024,"G","T","PGM",0.5,"red"
"106",4319573,"T","C","PGM",0.5,"red"
"107",4346404,"G","A","PGM",0.5,"red"
"108",4397942,"C","T","PGM",0.5,"red"
"109",4400709,"G","A","PGM",0.5,"red"
"110",4471472,"C","T","PGM",0.5,"red"
"111",4481421,"T","C","PGM",0.5,"red"
"112",4484855,"T","C","PGM",0.5,"red"
"113",4490506,"C","T","PGM",0.5,"red"
"114",4493714,"C","T","PGM",0.5,"red"
"115",4515915,"G","A","PGM",0.5,"red"
"116",4540186,"C","T","PGM",0.5,"red"
"117",4545934,"C","T","PGM",0.5,"red"
"118",4546520,"T","C","PGM",0.5,"red"
"119",4591380,"C","T","PGM",0.5,"red"
"120",4599442,"C","T","PGM",0.5,"red"
"121",4604939,"G","A","PGM",0.5,"red"
"122",4608253,"C","T","PGM",0.5,"red"
"123",4611829,"T","C","PGM",0.5,"red"
"124",4655316,"C","T","PGM",0.5,"red"
"125",4655992,"C","T","PGM",0.5,"red"
"126",4656073,"G","T","PGM",0.5,"red"
"127",4656185,"A","G","PGM",0.5,"red"
"128",4711062,"T","C","PGM",0.5,"red"
"129",4953879,"C","A","PGM",0.5,"red"
"130",5057399,"A","G","PGM",0.5,"red"
"131",5106322,"C","T","PGM",0.5,"red"
"132",5172009,"T","G","PGM",0.5,"red"
"133",5181686,"C","T","PGM",0.5,"red"
"134",5306399,"C","G","PGM",0.5,"red"
"135",5568083,"T","C","PGM",0.5,"red"
"136",5575967,"T","C","PGM",0.5,"red"
"137",5588532,"C","T","PGM",0.5,"red"
"138",5592955,"G","A","PGM",0.5,"red"
"139",5593550,"T","C","PGM",0.5,"red"
"140",5594199,"G","T","PGM",0.5,"red"
"141",5596984,"C","T","PGM",0.5,"red"
"142",5597160,"G","A","PGM",0.5,"red"
"143",5599207,"T","C","PGM",0.5,"red"
"144",5611082,"G","A","PGM",0.5,"red"
"145",5611577,"G","A","PGM",0.5,"red"
"146",5651075,"A","C","PGM",0.5,"red"
"147",5663598,"C","T","PGM",0.5,"red"
"148",5723227,"C","A","PGM",0.5,"red"
"149",5777131,"A","G","PGM",0.5,"red"
"150",5777514,"G","A","PGM",0.5,"red"
"151",5863343,"G","A","PGM",0.5,"red"
"152",5869552,"C","T","PGM",0.5,"red"
"153",5877163,"G","T","PGM",0.5,"red"
"154",5885964,"T","C","PGM",0.5,"red"
"155",5927559,"T","C","PGM",0.5,"red"
"156",5935000,"A","G","PGM",0.5,"red"
"157",6027082,"C","T","PGM",0.5,"red"
"158",6106140,"G","T","PGM",0.5,"red"
"159",6145409,"C","T","PGM",0.5,"red"
"160",6161109,"T","G","PGM",0.5,"red"
"161",6165834,"T","C","PGM",0.5,"red"
"162",6170449,"T","C","PGM",0.5,"red"
"163",6185017,"G","A","PGM",0.5,"red"
"164",6202734,"C","T","PGM",0.5,"red"
"165",6243797,"C","T","PGM",0.5,"red"
"166",6304531,"A","G","PGM",0.5,"red"
"167",6310536,"C","T","PGM",0.5,"red"
"168",6320808,"G","T","PGM",0.5,"red"
"169",6326858,"T","C","PGM",0.5,"red"
"170",6369055,"T","C","PGM",0.5,"red"
"171",6393573,"G","A","PGM",0.5,"red"
"172",6407229,"T","C","PGM",0.5,"red"
"173",6407787,"G","A","PGM",0.5,"red"
"174",6409664,"G","A","PGM",0.5,"red"
"175",6433911,"C","T","PGM",0.5,"red"
"176",6445863,"T","G","PGM",0.5,"red"
"177",6592023,"C","T","PGM",0.5,"red"
"178",6627102,"C","T","PGM",0.5,"red"
"179",6755091,"C","T","PGM",0.5,"red"
"180",6755865,"G","A","PGM",0.5,"red"
"181",6781726,"A","G","PGM",0.5,"red"
"182",6786425,"T","C","PGM",0.5,"red"
"183",6803704,"G","A","PGM",0.5,"red"
"184",6953575,"T","C","PGM",0.5,"red"
"185",6988480,"G","A","PGM",0.5,"red"
"186",7414739,"C","T","PGM",0.5,"red"
"187",7467448,"G","A","PGM",0.5,"red"
"188",7557048,"T","C","PGM",0.5,"red"
"189",7563232,"T","G","PGM",0.5,"red"
"190",7673719,"C","T","PGM",0.5,"red"
"191",7675370,"G","C","PGM",0.5,"red"
"192",7690758,"A","G","PGM",0.5,"red"
"193",7707320,"C","T","PGM",0.5,"red"
"194",7735788,"A","G","PGM",0.5,"red"
"195",7737808,"A","G","PGM",0.5,"red"
"196",7785459,"G","A","PGM",0.5,"red"
"197",7788602,"A","G","PGM",0.5,"red"
"198",7820849,"C","T","PGM",0.5,"red"
"199",7891403,"T","C","PGM",0.5,"red"
"200",8245115,"C","A","PGM",0.5,"red"
"201",8796609,"G","A","PGM",0.5,"red"
"202",8803042,"G","A","PGM",0.5,"red"
"203",8825212,"A","T","PGM",0.5,"red"
"204",8894137,"A","G","PGM",0.5,"red"
"205",8896028,"A","G","PGM",0.5,"red"
"206",8901524,"C","T","PGM",0.5,"red"
"207",8904861,"G","A","PGM",0.5,"red"
"208",8905402,"G","A","PGM",0.5,"red"
"209",8998811,"A","G","PGM",0.5,"red"
"210",9008032,"C","T","PGM",0.5,"red"
"211",9399038,"G","A","PGM",0.5,"red"
"212",9405449,"C","T","PGM",0.5,"red"
"213",9411973,"A","C","PGM",0.5,"red"
"214",9422071,"C","T","PGM",0.5,"red"
"215",9466991,"A","G","PGM",0.5,"red"
"216",9472085,"T","C","PGM",0.5,"red"
"217",9479015,"C","T","PGM",0.5,"red"
"218",9481372,"G","A","PGM",0.5,"red"
"219",9504021,"C","T","PGM",0.5,"red"
"220",9524275,"A","C","PGM",0.5,"red"
"221",9537611,"T","C","PGM",0.5,"red"
"222",9544144,"C","A","PGM",0.5,"red"
"223",9561817,"T","C","PGM",0.5,"red"
"224",9575334,"T","C","PGM",0.5,"red"
"225",9576203,"G","T","PGM",0.5,"red"
"226",9801457,"C","T","PGM",0.5,"red"
"227",9810702,"G","A","PGM",0.5,"red"
"228",9822908,"A","C","PGM",0.5,"red"
"229",9822953,"T","C","PGM",0.5,"red"
"230",9846872,"A","G","PGM",0.5,"red"
"231",9850927,"A","G","PGM",0.5,"red"
"232",9875386,"C","T","PGM",0.5,"red"
"233",9912324,"A","G","PGM",0.5,"red"
"234",9914419,"G","A","PGM",0.5,"red"
"235",9955326,"C","A","PGM",0.5,"red"
"236",10005707,"A","G","PGM",0.5,"red"
"237",10019083,"G","A","PGM",0.5,"red"
"238",10035875,"G","A","PGM",0.5,"red"
"239",10041880,"T","C","PGM",0.5,"red"
"240",10067722,"T","C","PGM",0.5,"red"
"241",10069734,"A","C","PGM",0.5,"red"
"242",10073795,"C","A","PGM",0.5,"red"
"243",10088295,"G","A","PGM",0.5,"red"
"244",10112607,"C","T","PGM",0.5,"red"
"245",10126207,"G","A","PGM",0.5,"red"
"246",10128271,"G","T","PGM",0.5,"red"
"247",10151450,"G","A","PGM",0.5,"red"
"248",10300656,"C","T","PGM",0.5,"red"
"249",10312404,"T","C","PGM",0.5,"red"
"250",10331755,"G","A","PGM",0.5,"red"
"251",10466038,"G","A","PGM",0.5,"red"
"252",10473602,"G","A","PGM",0.5,"red"
"253",10477415,"T","G","PGM",0.5,"red"
"254",10492525,"T","C","PGM",0.5,"red"
"255",10513955,"G","A","PGM",0.5,"red"
"256",10521054,"A","G","PGM",0.5,"red"
"257",10539977,"T","C","PGM",0.5,"red"
"258",10894255,"G","A","PGM",0.5,"red"
"259",10906046,"C","T","PGM",0.5,"red"
"260",11193730,"A","C","PGM",0.5,"red"
"261",11242203,"G","A","PGM",0.5,"red"
"262",11356849,"T","C","PGM",0.5,"red"
"263",11401519,"G","A","PGM",0.5,"red"
"264",11445854,"A","G","PGM",0.5,"red"
"265",11938797,"A","G","PGM",0.5,"red"
"266",11959888,"T","C","PGM",0.5,"red"
"267",11963222,"A","G","PGM",0.5,"red"
"268",11969231,"C","T","PGM",0.5,"red"
"269",11972512,"G","A","PGM",0.5,"red"
"270",11976739,"A","G","PGM",0.5,"red"
"271",11985333,"G","A","PGM",0.5,"red"
"272",12059318,"G","A","PGM",0.5,"red"
"273",12063868,"G","A","PGM",0.5,"red"
"274",12080585,"A","C","PGM",0.5,"red"
"275",12085025,"C","T","PGM",0.5,"red"
"276",12123249,"A","G","PGM",0.5,"red"
"277",12149138,"A","G","PGM",0.5,"red"
"278",12179926,"A","G","PGM",0.5,"red"
"279",12263693,"G","A","PGM",0.5,"red"
"280",12403680,"G","A","PGM",0.5,"red"
"281",12406400,"C","T","PGM",0.5,"red"
"282",12423025,"T","C","PGM",0.5,"red"
"283",12520288,"C","T","PGM",0.5,"red"
"284",12532323,"G","A","PGM",0.5,"red"
"285",12711789,"C","T","PGM",0.5,"red"
"286",12719392,"C","T","PGM",0.5,"red"
"287",12728818,"C","T","PGM",0.5,"red"
"288",12746418,"G","A","PGM",0.5,"red"
"289",12974653,"C","T","PGM",0.5,"red"
"290",13359331,"T","C","PGM",0.5,"red"
"291",13455437,"A","G","PGM",0.5,"red"
"292",13659726,"T","G","PGM",0.5,"red"
"293",13755516,"G","A","PGM",0.5,"red"
"294",13821623,"C","T","PGM",0.5,"red"
"295",13843271,"C","T","PGM",0.5,"red"
"296",13888927,"G","C","PGM",0.5,"red"
"297",14009291,"G","T","PGM",0.5,"red"
"298",14139703,"T","C","PGM",0.5,"red"
"299",14146403,"A","G","PGM",0.5,"red"
"300",14147085,"T","C","PGM",0.5,"red"
"301",14188742,"A","G","PGM",0.5,"red"
"302",14215149,"G","A","PGM",0.5,"red"
"303",14215829,"G","A","PGM",0.5,"red"
"304",14223719,"A","G","PGM",0.5,"red"
"305",14240594,"A","C","PGM",0.5,"red"
"306",14244274,"G","T","PGM",0.5,"red"
"307",14244517,"G","T","PGM",0.5,"red"
"308",14292338,"A","C","PGM",0.5,"red"
"309",14349627,"A","G","PGM",0.5,"red"
"310",14537067,"G","T","PGM",0.5,"red"
"311",14598308,"A","G","PGM",0.5,"red"
"312",15078289,"A","C","PGM",0.5,"red"
"313",15081252,"A","G","PGM",0.5,"red"
"314",15121215,"G","A","PGM",0.5,"red"
"315",15280207,"G","T","PGM",0.5,"red"
"316",15313789,"C","A","PGM",0.5,"red"
"317",15346005,"C","A","PGM",0.5,"red"
"318",15400114,"G","A","PGM",0.5,"red"
"319",15434412,"A","G","PGM",0.5,"red"
"320",15465765,"T","C","PGM",0.5,"red"
"321",15499419,"C","T","PGM",0.5,"red"
"322",15500687,"G","A","PGM",0.5,"red"
"323",15838120,"T","C","PGM",0.5,"red"
"324",15856619,"T","C","PGM",0.5,"red"
"325",15862865,"A","G","PGM",0.5,"red"
"326",15886775,"C","T","PGM",0.5,"red"
"327",15927034,"T","C","PGM",0.5,"red"
"328",15945195,"A","G","PGM",0.5,"red"
"329",15950027,"C","T","PGM",0.5,"red"
"330",15955687,"A","C","PGM",0.5,"red"
"331",15958117,"C","A","PGM",0.5,"red"
"332",15960833,"C","T","PGM",0.5,"red"
"333",15962203,"T","C","PGM",0.5,"red"
"334",16148176,"G","A","PGM",0.5,"red"
"335",16323392,"T","G","PGM",0.5,"red"
"336",16516192,"A","G","PGM",0.5,"red"
"337",16522826,"A","G","PGM",0.5,"red"
"338",16578284,"A","C","PGM",0.5,"red"
"339",16580575,"C","T","PGM",0.5,"red"
"340",16699949,"C","T","PGM",0.5,"red"
"341",16705542,"G","T","PGM",0.5,"red"
"342",16731200,"A","G","PGM",0.5,"red"
"343",16741886,"A","C","PGM",0.5,"red"
"344",16742033,"C","T","PGM",0.5,"red"
"345",16742765,"C","T","PGM",0.5,"red"
"346",16743909,"A","G","PGM",0.5,"red"
"347",16769798,"G","A","PGM",0.5,"red"
"348",16799604,"C","A","PGM",0.5,"red"
"349",16921147,"A","G","PGM",0.5,"red"
"350",16956041,"C","T","PGM",0.5,"red"
"351",16975862,"G","T","PGM",0.5,"red"
"352",16989325,"G","A","PGM",0.5,"red"
"353",17014527,"A","G","PGM",0.5,"red"
"354",17106718,"A","C","PGM",0.5,"red"
"355",17108786,"G","A","PGM",0.5,"red"
"356",17210051,"G","A","PGM",0.5,"red"
"357",17213063,"C","T","PGM",0.5,"red"
"358",17325605,"T","C","PGM",0.5,"red"
"359",17457549,"G","A","PGM",0.5,"red"
"360",17727943,"A","G","PGM",0.5,"red"
"361",17755884,"C","T","PGM",0.5,"red"
"362",18044772,"G","A","PGM",0.5,"red"
"363",18100374,"A","G","PGM",0.5,"red"
"364",18141330,"C","T","PGM",0.5,"red"
"365",18157968,"G","A","PGM",0.5,"red"
"366",18186547,"T","C","PGM",0.5,"red"
"367",18188091,"T","C","PGM",0.5,"red"
"368",18197475,"A","G","PGM",0.5,"red"
"369",18202249,"G","A","PGM",0.5,"red"
"370",18208319,"G","A","PGM",0.5,"red"
"371",18210109,"G","A","PGM",0.5,"red"
"372",18722475,"G","A","PGM",0.5,"red"
"373",18775937,"C","A","PGM",0.5,"red"
"374",18783140,"A","G","PGM",0.5,"red"
"375",18793472,"A","G","PGM",0.5,"red"
"376",18827886,"A","G","PGM",0.5,"red"
"377",18837098,"A","G","PGM",0.5,"red"
"378",18845191,"G","A","PGM",0.5,"red"
"379",19002293,"A","G","PGM",0.5,"red"
"380",19021288,"G","A","PGM",0.5,"red"
"381",19024910,"A","G","PGM",0.5,"red"
"382",19066605,"C","T","PGM",0.5,"red"
"383",19071311,"A","G","PGM",0.5,"red"
"384",19455877,"A","G","PGM",0.5,"red"
"385",19468243,"C","T","PGM",0.5,"red"
"386",19478554,"T","C","PGM",0.5,"red"
"387",19492203,"G","A","PGM",0.5,"red"
"388",19512065,"G","A","PGM",0.5,"red"
"389",19525075,"T","C","PGM",0.5,"red"
"390",19549183,"C","T","PGM",0.5,"red"
"391",19831560,"G","A","PGM",0.5,"red"
"392",19837763,"T","C","PGM",0.5,"red"
"393",19841493,"T","C","PGM",0.5,"red"
"394",19842556,"G","A","PGM",0.5,"red"
"395",19988653,"A","C","PGM",0.5,"red"
"396",19989673,"T","G","PGM",0.5,"red"
"397",19992762,"C","T","PGM",0.5,"red"
"398",19996808,"A","C","PGM",0.5,"red"
"399",20003157,"C","T","PGM",0.5,"red"
"400",20004051,"A","G","PGM",0.5,"red"
"401",20107631,"A","G","PGM",0.5,"red"
"402",20109696,"A","C","PGM",0.5,"red"
"403",20237388,"T","C","PGM",0.5,"red"
"404",20243096,"T","C","PGM",0.5,"red"
"405",20250826,"G","A","PGM",0.5,"red"
"406",21451202,"C","A","PGM",0.5,"red"
"407",21451301,"C","T","PGM",0.5,"red"
"408",21451804,"G","A","PGM",0.5,"red"
"409",21468077,"G","T","PGM",0.5,"red"
"410",21476990,"A","G","PGM",0.5,"red"
"411",21690172,"A","G","PGM",0.5,"red"
"412",21830788,"T","C","PGM",0.5,"red"
"413",21836272,"G","A","PGM",0.5,"red"
"414",21836635,"G","A","PGM",0.5,"red"
"415",22155225,"G","A","PGM",0.5,"red"
"416",22155441,"T","C","PGM",0.5,"red"
"417",22188924,"T","G","PGM",0.5,"red"
"418",22194664,"A","C","PGM",0.5,"red"
"419",22581038,"A","G","PGM",0.5,"red"
"420",22602569,"C","T","PGM",0.5,"red"
"421",22633741,"G","T","PGM",0.5,"red"
"422",22746117,"A","G","PGM",0.5,"red"
"423",22896343,"C","A","PGM",0.5,"red"
"424",22896650,"T","C","PGM",0.5,"red"
"425",22907538,"C","T","PGM",0.5,"red"
"426",22914924,"A","C","PGM",0.5,"red"
"427",23170014,"T","G","PGM",0.5,"red"
"428",23173613,"G","A","PGM",0.5,"red"
"429",23201234,"G","T","PGM",0.5,"red"
"430",23202774,"C","T","PGM",0.5,"red"
"431",23205329,"A","G","PGM",0.5,"red"
"432",23212391,"G","T","PGM",0.5,"red"
"433",23214230,"A","G","PGM",0.5,"red"
"434",23240001,"A","G","PGM",0.5,"red"
"435",23245281,"A","G","PGM",0.5,"red"
"436",23262701,"C","T","PGM",0.5,"red"
"437",23264573,"C","T","PGM",0.5,"red"
"438",23264838,"A","C","PGM",0.5,"red"
"439",23271698,"A","G","PGM",0.5,"red"
"440",23272729,"C","T","PGM",0.5,"red"
"441",23309127,"G","A","PGM",0.5,"red"
"442",23344815,"C","T","PGM",0.5,"red"
"443",23437273,"A","G","PGM",0.5,"red"
"444",23534223,"G","T","PGM",0.5,"red"
"445",23557000,"G","A","PGM",0.5,"red"
"446",23662409,"C","T","PGM",0.5,"red"
"447",24014419,"G","T","PGM",0.5,"red"
"448",24215665,"C","A","PGM",0.5,"red"
"449",24367443,"A","C","PGM",0.5,"red"
"450",24401238,"C","T","PGM",0.5,"red"
"451",24413457,"A","G","PGM",0.5,"red"
"452",24420113,"A","G","PGM",0.5,"red"
"453",24428903,"C","T","PGM",0.5,"red"
"454",24430292,"T","G","PGM",0.5,"red"
"455",24431058,"T","G","PGM",0.5,"red"
"456",24438662,"T","C","PGM",0.5,"red"
"457",24445829,"G","A","PGM",0.5,"red"
"458",24451256,"G","A","PGM",0.5,"red"
"459",24454196,"G","T","PGM",0.5,"red"
"460",24463497,"G","A","PGM",0.5,"red"
"461",24476694,"A","G","PGM",0.5,"red"
"462",24513636,"T","C","PGM",0.5,"red"
"463",24519886,"T","G","PGM",0.5,"red"
"464",25055165,"G","T","PGM",0.5,"red"
"465",25086062,"C","T","PGM",0.5,"red"
"466",25152674,"G","A","PGM",0.5,"red"
"467",25170501,"A","G","PGM",0.5,"red"
"468",25172034,"G","C","PGM",0.5,"red"
"469",25172641,"T","G","PGM",0.5,"red"
"470",25292401,"C","T","PGM",0.5,"red"
"471",25310585,"A","G","PGM",0.5,"red"
"472",25322814,"C","T","PGM",0.5,"red"
"473",25887959,"C","A","PGM",0.5,"red"
"474",25889530,"G","A","PGM",0.5,"red"
"475",26189615,"G","A","PGM",0.5,"red"
"476",26198046,"A","T","PGM",0.5,"red"
"477",26345141,"G","A","PGM",0.5,"red"
"478",26354572,"G","A","PGM",0.5,"red"
"479",26355283,"A","C","PGM",0.5,"red"
"480",26361430,"C","T","PGM",0.5,"red"
"481",26365346,"G","C","PGM",0.5,"red"
"482",26367471,"C","T","PGM",0.5,"red"
"483",26374410,"A","G","PGM",0.5,"red"
"484",26376832,"T","C","PGM",0.5,"red"
"485",26396739,"T","C","PGM",0.5,"red"
"486",26413744,"C","A","PGM",0.5,"red"
"487",27778982,"T","C","PGM",0.5,"red"
"488",27828667,"C","A","PGM",0.5,"red"
"489",27890631,"A","G","PGM",0.5,"red"
"490",27895504,"G","A","PGM",0.5,"red"
"491",27932762,"C","A","PGM",0.5,"red"
"492",28018944,"G","A","PGM",0.5,"red"
"493",28046478,"A","G","PGM",0.5,"red"
"494",28076886,"C","T","PGM",0.5,"red"
"495",28107282,"G","A","PGM",0.5,"red"
"496",28155314,"C","T","PGM",0.5,"red"
"497",28212489,"C","A","PGM",0.5,"red"
"498",28215446,"C","T","PGM",0.5,"red"
"499",28227436,"A","G","PGM",0.5,"red"
"500",28227604,"C","A","PGM",0.5,"red"
"501",28238969,"A","G","PGM",0.5,"red"
"502",28283772,"G","A","PGM",0.5,"red"
"503",28301143,"T","C","PGM",0.5,"red"
"504",28302784,"A","G","PGM",0.5,"red"
"505",28330264,"A","G","PGM",0.5,"red"
"506",28349926,"A","G","PGM",0.5,"red"
"507",28358893,"T","C","PGM",0.5,"red"
"508",28367768,"G","A","PGM",0.5,"red"
"509",28387443,"T","C","PGM",0.5,"red"
"510",28421368,"G","A","PGM",0.5,"red"
"511",28428145,"C","T","PGM",0.5,"red"
"512",28441634,"C","T","PGM",0.5,"red"
"513",28466988,"T","C","PGM",0.5,"red"
"514",28471612,"C","T","PGM",0.5,"red"
"515",28488034,"C","T","PGM",0.5,"red"
"516",28500235,"T","C","PGM",0.5,"red"
"517",28504639,"A","G","PGM",0.5,"red"
"518",28514583,"T","C","PGM",0.5,"red"
"519",28557129,"A","G","PGM",0.5,"red"
"520",28602272,"G","A","PGM",0.5,"red"
"521",28645170,"G","T","PGM",0.5,"red"
"522",28664631,"A","G","PGM",0.5,"red"
"523",28669315,"G","A","PGM",0.5,"red"
"524",28695668,"T","A","PGM",0.5,"red"
"525",28728329,"C","T","PGM",0.5,"red"
"526",28749012,"C","T","PGM",0.5,"red"
"527",29335482,"C","T","PGM",0.5,"red"
"528",29342236,"A","G","PGM",0.5,"red"
"529",29392972,"T","C","PGM",0.5,"red"
"530",29442831,"G","A","PGM",0.5,"red"
"531",29524401,"C","T","PGM",0.5,"red"
"532",29531253,"G","A","PGM",0.5,"red"
"533",29537975,"G","A","PGM",0.5,"red"
"534",29540745,"C","T","PGM",0.5,"red"
"535",29616607,"T","C","PGM",0.5,"red"
"536",29626321,"T","C","PGM",0.5,"red"
"537",29632318,"C","T","PGM",0.5,"red"
"538",29634003,"G","C","PGM",0.5,"red"
"539",29661456,"T","A","PGM",0.5,"red"
"540",29662374,"A","T","PGM",0.5,"red"
"541",29714413,"A","C","PGM",0.5,"red"
"542",29715997,"C","T","PGM",0.5,"red"
"543",29719561,"C","T","PGM",0.5,"red"
"544",29720961,"C","G","PGM",0.5,"red"
"545",29721397,"G","C","PGM",0.5,"red"
"546",29722515,"A","G","PGM",0.5,"red"
"547",29726550,"0","C","PGM",0.5,"red"
"548",29731635,"C","T","PGM",0.5,"red"
"549",29732813,"G","T","PGM",0.5,"red"
"550",29773158,"0","T","PGM",0.5,"red"
"551",29778029,"G","C","PGM",0.5,"red"
"552",29925972,"A","T","PGM",0.5,"red"
"553",29927722,"0","C","PGM",0.5,"red"
"554",29929253,"C","T","PGM",0.5,"red"
"555",29932330,"T","C","PGM",0.5,"red"
"556",29932380,"A","T","PGM",0.5,"red"
"557",29933881,"T","A","PGM",0.5,"red"
"558",29934022,"T","C","PGM",0.5,"red"
"559",29935250,"A","G","PGM",0.5,"red"
"560",29936307,"A","T","PGM",0.5,"red"
"561",29937149,"G","T","PGM",0.5,"red"
"562",29937493,"G","C","PGM",0.5,"red"
"563",29938455,"G","A","PGM",0.5,"red"
"564",29938571,"T","G","PGM",0.5,"red"
"565",29939294,"T","C","PGM",0.5,"red"
"566",29939483,"T","A","PGM",0.5,"red"
"567",29939544,"A","G","PGM",0.5,"red"
"568",29940679,"A","G","PGM",0.5,"red"
"569",29940814,"T","C","PGM",0.5,"red"
"570",29941184,"T","C","PGM",0.5,"red"
"571",29941431,"G","A","PGM",0.5,"red"
"572",29941943,"C","T","PGM",0.5,"red"
"573",29942033,"G","C","PGM",0.5,"red"
"574",29942083,"C","T","PGM",0.5,"red"
"575",29942126,"T","G","PGM",0.5,"red"
"576",29942842,"C","A","PGM",0.5,"red"
"577",29943067,"G","A","PGM",0.5,"red"
"578",29943178,"A","G","PGM",0.5,"red"
"579",29943281,"G","A","PGM",0.5,"red"
"580",29943715,"T","C","PGM",0.5,"red"
"581",29944184,"T","C","PGM",0.5,"red"
"582",29944253,"C","A","PGM",0.5,"red"
"583",29944314,"0","T","PGM",0.5,"red"
"584",29948812,"T","A","PGM",0.5,"red"
"585",29950210,"G","A","PGM",0.5,"red"
"586",29950833,"C","G","PGM",0.5,"red"
"587",29954364,"C","G","PGM",0.5,"red"
"588",29957078,"G","A","PGM",0.5,"red"
"589",29972984,"A","G","PGM",0.5,"red"
"590",29973526,"T","C","PGM",0.5,"red"
"591",29973910,"A","G","PGM",0.5,"red"
"592",29977145,"C","G","PGM",0.5,"red"
"593",29978352,"G","A","PGM",0.5,"red"
"594",29985630,"A","G","PGM",0.5,"red"
"595",29987184,"G","A","PGM",0.5,"red"
"596",29987474,"G","C","PGM",0.5,"red"
"597",29989695,"C","G","PGM",0.5,"red"
"598",30002052,"C","T","PGM",0.5,"red"
"599",30004371,"A","T","PGM",0.5,"red"
"600",30005305,"A","G","PGM",0.5,"red"
"601",30005754,"C","A","PGM",0.5,"red"
"602",30006765,"G","A","PGM",0.5,"red"
"603",30006876,"T","C","PGM",0.5,"red"
"604",30007051,"A","G","PGM",0.5,"red"
"605",30008003,"G","C","PGM",0.5,"red"
"606",30010492,"T","C","PGM",0.5,"red"
"607",30011934,"G","A","PGM",0.5,"red"
"608",30015330,"C","T","PGM",0.5,"red"
"609",30015594,"G","T","PGM",0.5,"red"
"610",30023868,"T","C","PGM",0.5,"red"
"611",30024677,"C","T","PGM",0.5,"red"
"612",30025503,"A","G","PGM",0.5,"red"
"613",30028800,"A","G","PGM",0.5,"red"
"614",30028831,"C","T","PGM",0.5,"red"
"615",30031345,"C","T","PGM",0.5,"red"
"616",30033884,"C","A","PGM",0.5,"red"
"617",30038352,"G","A","PGM",0.5,"red"
"618",30040084,"G","A","PGM",0.5,"red"
"619",30040291,"C","T","PGM",0.5,"red"
"620",30040603,"G","A","PGM",0.5,"red"
"621",30041559,"A","G","PGM",0.5,"red"
"622",30042955,"T","C","PGM",0.5,"red"
"623",30044388,"C","G","PGM",0.5,"red"
"624",30044986,"C","T","PGM",0.5,"red"
"625",30045199,"A","G","PGM",0.5,"red"
"626",30055643,"T","G","PGM",0.5,"red"
"627",30055799,"T","C","PGM",0.5,"red"
"628",30063368,"A","T","PGM",0.5,"red"
"629",30065298,"C","A","PGM",0.5,"red"
"630",30068149,"T","C","PGM",0.5,"red"
"631",30071110,"C","T","PGM",0.5,"red"
"632",30073195,"C","A","PGM",0.5,"red"
"633",30073776,"G","A","PGM",0.5,"red"
"634",30115204,"C","T","PGM",0.5,"red"
"635",30389347,"C","T","PGM",0.5,"red"
"636",30502802,"G","A","PGM",0.5,"red"
"637",30520624,"G","A","PGM",0.5,"red"
"638",30560796,"A","G","PGM",0.5,"red"
"639",30575603,"G","A","PGM",0.5,"red"
"640",30601067,"T","C","PGM",0.5,"red"
"641",30643767,"C","G","PGM",0.5,"red"
"642",30706013,"C","A","PGM",0.5,"red"
"643",30776590,"C","G","PGM",0.5,"red"
"644",30800577,"C","T","PGM",0.5,"red"
"645",30808762,"C","T","PGM",0.5,"red"
"646",30810056,"G","A","PGM",0.5,"red"
"647",30815945,"C","T","PGM",0.5,"red"
"648",30817879,"C","T","PGM",0.5,"red"
"649",30832063,"C","T","PGM",0.5,"red"
"650",30837646,"T","C","PGM",0.5,"red"
"651",30844260,"G","A","PGM",0.5,"red"
"652",30845563,"G","C","PGM",0.5,"red"
"653",30846830,"G","T","PGM",0.5,"red"
"654",30855907,"A","G","PGM",0.5,"red"
"655",30880156,"G","A","PGM",0.5,"red"
"656",30880757,"G","A","PGM",0.5,"red"
"657",30882856,"A","G","PGM",0.5,"red"
"658",30883920,"C","T","PGM",0.5,"red"
"659",30884436,"A","G","PGM",0.5,"red"
"660",30884806,"A","C","PGM",0.5,"red"
"661",30885686,"T","A","PGM",0.5,"red"
"662",30885821,"G","A","PGM",0.5,"red"
"663",30886350,"C","G","PGM",0.5,"red"
"664",30890055,"T","C","PGM",0.5,"red"
"665",30890483,"G","T","PGM",0.5,"red"
"666",30892592,"G","C","PGM",0.5,"red"
"667",30893831,"G","A","PGM",0.5,"red"
"668",30897774,"A","G","PGM",0.5,"red"
"669",30898434,"A","G","PGM",0.5,"red"
"670",30903948,"T","C","PGM",0.5,"red"
"671",30912481,"G","A","PGM",0.5,"red"
"672",30919701,"T","C","PGM",0.5,"red"
"673",30920890,"G","A","PGM",0.5,"red"
"674",30922570,"C","G","PGM",0.5,"red"
"675",30940387,"C","T","PGM",0.5,"red"
"676",30955681,"A","G","PGM",0.5,"red"
"677",30972121,"A","T","PGM",0.5,"red"
"678",30983326,"G","A","PGM",0.5,"red"
"679",30993958,"G","A","PGM",0.5,"red"
"680",31005726,"A","G","PGM",0.5,"red"
"681",31006855,"C","T","PGM",0.5,"red"
"682",31007590,"T","C","PGM",0.5,"red"
"683",31012263,"C","G","PGM",0.5,"red"
"684",31012996,"C","T","PGM",0.5,"red"
"685",31013541,"G","C","PGM",0.5,"red"
"686",31021504,"C","T","PGM",0.5,"red"
"687",31021547,"G","A","PGM",0.5,"red"
"688",31059462,"A","G","PGM",0.5,"red"
"689",31062667,"C","T","PGM",0.5,"red"
"690",31074030,"C","A","PGM",0.5,"red"
"691",31081065,"C","T","PGM",0.5,"red"
"692",31082910,"G","C","PGM",0.5,"red"
"693",31083813,"C","T","PGM",0.5,"red"
"694",31085882,"G","A","PGM",0.5,"red"
"695",31087305,"C","T","PGM",0.5,"red"
"696",31087908,"G","T","PGM",0.5,"red"
"697",31089125,"G","A","PGM",0.5,"red"
"698",31089982,"G","A","PGM",0.5,"red"
"699",31095864,"A","G","PGM",0.5,"red"
"700",31132085,"C","T","PGM",0.5,"red"
"701",31141970,"A","C","PGM",0.5,"red"
"702",31264461,"C","A","PGM",0.5,"red"
"703",31320538,"T","C","PGM",0.5,"red"
"704",31320810,"G","A","PGM",0.5,"red"
"705",31323409,"C","T","PGM",0.5,"red"
"706",31323766,"C","T","PGM",0.5,"red"
"707",31331257,"A","G","PGM",0.5,"red"
"708",31334821,"T","A","PGM",0.5,"red"
"709",31341296,"G","A","PGM",0.5,"red"
"710",31342484,"T","C","PGM",0.5,"red"
"711",31344294,"A","T","PGM",0.5,"red"
"712",31346193,"A","G","PGM",0.5,"red"
"713",31348022,"C","G","PGM",0.5,"red"
"714",31350232,"G","A","PGM",0.5,"red"
"715",31350550,"A","C","PGM",0.5,"red"
"716",31350802,"A","G","PGM",0.5,"red"
"717",31350855,"C","T","PGM",0.5,"red"
"718",31351035,"C","T","PGM",0.5,"red"
"719",31351442,"T","A","PGM",0.5,"red"
"720",31355702,"C","G","PGM",0.5,"red"
"721",31367882,"G","A","PGM",0.5,"red"
"722",31428967,"A","G","PGM",0.5,"red"
"723",31465103,"C","T","PGM",0.5,"red"
"724",31469323,"T","C","PGM",0.5,"red"
"725",31473286,"T","C","PGM",0.5,"red"
"726",31475413,"A","G","PGM",0.5,"red"
"727",31475486,"T","C","PGM",0.5,"red"
"728",31476134,"G","A","PGM",0.5,"red"
"729",31481526,"T","G","PGM",0.5,"red"
"730",31484683,"C","G","PGM",0.5,"red"
"731",31490725,"A","C","PGM",0.5,"red"
"732",31492025,"A","C","PGM",0.5,"red"
"733",31493421,"A","T","PGM",0.5,"red"
"734",31497244,"G","A","PGM",0.5,"red"
"735",31497835,"C","G","PGM",0.5,"red"
"736",31498497,"A","C","PGM",0.5,"red"
"737",31499354,"T","C","PGM",0.5,"red"
"738",31501413,"G","A","PGM",0.5,"red"
"739",31502767,"T","C","PGM",0.5,"red"
"740",31502861,"G","A","PGM",0.5,"red"
"741",31504587,"T","G","PGM",0.5,"red"
"742",31505887,"C","T","PGM",0.5,"red"
"743",31506744,"C","A","PGM",0.5,"red"
"744",31506854,"T","C","PGM",0.5,"red"
"745",31513864,"T","A","PGM",0.5,"red"
"746",31572481,"C","T","PGM",0.5,"red"
"747",31585000,"A","T","PGM",0.5,"red"
"748",31594628,"A","T","PGM",0.5,"red"
"749",31595882,"A","C","PGM",0.5,"red"
"750",31610384,"T","C","PGM",0.5,"red"
"751",31611777,"C","T","PGM",0.5,"red"
"752",31614102,"T","C","PGM",0.5,"red"
"753",31618761,"A","G","PGM",0.5,"red"
"754",31628733,"T","C","PGM",0.5,"red"
"755",31638848,"C","T","PGM",0.5,"red"
"756",31698352,"C","T","PGM",0.5,"red"
"757",31717692,"G","A","PGM",0.5,"red"
"758",31778272,"A","G","PGM",0.5,"red"
"759",31813774,"C","T","PGM",0.5,"red"
"760",31845985,"C","T","PGM",0.5,"red"
"761",31914935,"G","A","PGM",0.5,"red"
"762",32042322,"C","T","PGM",0.5,"red"
"763",32050544,"T","C","PGM",0.5,"red"
"764",32066819,"A","T","PGM",0.5,"red"
"765",32069806,"C","G","PGM",0.5,"red"
"766",32071893,"T","C","PGM",0.5,"red"
"767",32080146,"C","A","PGM",0.5,"red"
"768",32119898,"C","T","PGM",0.5,"red"
"769",32124543,"T","A","PGM",0.5,"red"
"770",32138545,"C","A","PGM",0.5,"red"
"771",32147761,"C","T","PGM",0.5,"red"
"772",32151994,"T","A","PGM",0.5,"red"
"773",32161396,"G","T","PGM",0.5,"red"
"774",32172065,"G","T","PGM",0.5,"red"
"775",32180146,"G","A","PGM",0.5,"red"
"776",32190028,"G","A","PGM",0.5,"red"
"777",32429582,"G","A","PGM",0.5,"red"
"778",32573991,"G","T","PGM",0.5,"red"
"779",32574060,"C","A","PGM",0.5,"red"
"780",32583742,"A","G","PGM",0.5,"red"
"781",32586854,"A","G","PGM",0.5,"red"
"782",32599999,"A","G","PGM",0.5,"red"
"783",32608821,"G","A","PGM",0.5,"red"
"784",32632832,"T","A","PGM",0.5,"red"
"785",32663631,"C","T","PGM",0.5,"red"
"786",32677846,"C","T","PGM",0.5,"red"
"787",32706719,"T","T","PGF",1.5,"blue"
"788",32739888,"T","C","PGM",0.5,"red"
"789",32780914,"G","A","PGM",0.5,"red"
"790",32782149,"G","A","PGM",0.5,"red"
"791",32783365,"T","C","PGM",0.5,"red"
"792",32784783,"C","T","PGM",0.5,"red"
"793",32785275,"G","A","PGM",0.5,"red"
"794",32785904,"G","T","PGM",0.5,"red"
"795",32787056,"C","T","PGM",0.5,"red"
"796",32971708,"G","A","PGM",0.5,"red"
"797",32972887,"G","A","PGM",0.5,"red"
"798",32973281,"C","T","PGM",0.5,"red"
"799",32974343,"C","T","PGM",0.5,"red"
"800",32976654,"G","A","PGM",0.5,"red"
"801",32977044,"G","A","PGM",0.5,"red"
"802",32977315,"A","G","PGM",0.5,"red"
"803",32985594,"T","C","PGM",0.5,"red"
"804",32985804,"C","G","PGM",0.5,"red"
"805",33521577,"C","T","PGM",0.5,"red"
"806",33534880,"C","T","PGM",0.5,"red"
"807",33542523,"T","C","PGM",0.5,"red"
"808",33546498,"C","T","PGM",0.5,"red"
"809",33548394,"G","T","PGM",0.5,"red"
"810",33553580,"T","C","PGM",0.5,"red"
"811",33562720,"C","T","PGM",0.5,"red"
"812",33565474,"G","A","PGM",0.5,"red"
"813",33568687,"A","G","PGM",0.5,"red"
"814",33588147,"C","T","PGM",0.5,"red"
"815",33597079,"C","T","PGM",0.5,"red"
"816",33617464,"T","C","PGM",0.5,"red"
"817",33622933,"C","T","PGM",0.5,"red"
"818",33624733,"A","G","PGM",0.5,"red"
"819",33627563,"T","C","PGM",0.5,"red"
"820",33627573,"T","C","PGM",0.5,"red"
"821",33631640,"C","T","PGM",0.5,"red"
"822",33650743,"A","G","PGM",0.5,"red"
"823",33651129,"C","T","PGM",0.5,"red"
"824",33731787,"G","A","PGM",0.5,"red"
"825",33741289,"A","G","PGM",0.5,"red"
"826",33743997,"G","A","PGM",0.5,"red"
"827",33760478,"G","A","PGM",0.5,"red"
"828",33767727,"G","A","PGM",0.5,"red"
"829",33769578,"G","A","PGM",0.5,"red"
"830",33774394,"C","A","PGM",0.5,"red"
"831",33781832,"C","T","PGM",0.5,"red"
"832",33783883,"G","A","PGM",0.5,"red"
"833",33818927,"G","T","PGM",0.5,"red"
"834",33819834,"A","G","PGM",0.5,"red"
"835",33833491,"C","T","PGM",0.5,"red"
"836",33869999,"G","A","PGM",0.5,"red"
"837",33887368,"A","C","PGM",0.5,"red"
"838",33889952,"C","T","PGM",0.5,"red"
"839",33890574,"G","A","PGM",0.5,"red"
"840",33960860,"G","A","PGM",0.5,"red"
"841",34480637,"C","T","PGM",0.5,"red"
"842",34552110,"A","G","PGM",0.5,"red"
"843",34552797,"G","A","PGM",0.5,"red"
"844",34553048,"A","G","PGM",0.5,"red"
"845",34563164,"A","G","PGM",0.5,"red"
"846",34579431,"C","T","PGM",0.5,"red"
"847",34581636,"T","G","PGM",0.5,"red"
"848",34592090,"A","G","PGM",0.5,"red"
"849",34618893,"G","A","PGM",0.5,"red"
"850",34677103,"A","G","PGM",0.5,"red"
"851",34683635,"A","G","PGM",0.5,"red"
"852",34715341,"C","T","PGM",0.5,"red"
"853",34763982,"C","T","PGM",0.5,"red"
"854",34797241,"G","A","PGM",0.5,"red"
"855",34824636,"A","G","PGM",0.5,"red"
"856",35057331,"G","A","PGM",0.5,"red"
"857",35133074,"A","G","PGM",0.5,"red"
"858",35162141,"C","T","PGM",0.5,"red"
"859",35698838,"C","T","PGM",0.5,"red"
"860",35701280,"G","A","PGM",0.5,"red"
"861",35702887,"A","G","PGM",0.5,"red"
"862",35962978,"C","T","PGM",0.5,"red"
"863",35967058,"G","A","PGM",0.5,"red"
"864",35969768,"T","C","PGM",0.5,"red"
"865",35987645,"C","T","PGM",0.5,"red"
"866",35993906,"A","G","PGM",0.5,"red"
"867",36006998,"T","G","PGM",0.5,"red"
"868",36014161,"G","A","PGM",0.5,"red"
"869",36075219,"C","A","PGM",0.5,"red"
"870",36094188,"G","T","PGM",0.5,"red"
"871",36100732,"T","C","PGM",0.5,"red"
"872",36107172,"G","A","PGM",0.5,"red"
"873",36165213,"T","C","PGM",0.5,"red"
"874",36177857,"T","C","PGM",0.5,"red"
"875",36207598,"A","G","PGM",0.5,"red"
"876",36216745,"C","T","PGM",0.5,"red"
"877",36227308,"G","A","PGM",0.5,"red"
"878",36262991,"T","C","PGM",0.5,"red"
"879",36651971,"C","A","PGM",0.5,"red"
"880",36655445,"C","T","PGM",0.5,"red"
"881",36744778,"T","C","PGM",0.5,"red"
"882",36995222,"G","A","PGM",0.5,"red"
"883",37023455,"C","A","PGM",0.5,"red"
"884",37030217,"C","A","PGM",0.5,"red"
"885",37060809,"T","C","PGM",0.5,"red"
"886",37061158,"G","T","PGM",0.5,"red"
"887",37087349,"C","T","PGM",0.5,"red"
"888",37093486,"G","A","PGM",0.5,"red"
"889",37097756,"G","A","PGM",0.5,"red"
"890",37098379,"T","G","PGM",0.5,"red"
"891",37101548,"C","A","PGM",0.5,"red"
"892",37102822,"G","A","PGM",0.5,"red"
"893",37532103,"G","A","PGM",0.5,"red"
"894",37544439,"C","T","PGM",0.5,"red"
"895",37574852,"C","T","PGM",0.5,"red"
"896",37586488,"G","A","PGM",0.5,"red"
"897",37590303,"A","G","PGM",0.5,"red"
"898",37617529,"T","C","PGM",0.5,"red"
"899",37620129,"A","G","PGM",0.5,"red"
"900",37633024,"C","T","PGM",0.5,"red"
"901",37635559,"T","C","PGM",0.5,"red"
"902",37644269,"A","G","PGM",0.5,"red"
"903",37682069,"A","C","PGM",0.5,"red"
"904",37755453,"G","T","PGM",0.5,"red"
"905",37881445,"T","C","PGM",0.5,"red"
"906",37963308,"T","C","PGM",0.5,"red"
"907",38073822,"A","G","PGM",0.5,"red"
"908",38106844,"T","C","PGM",0.5,"red"
"909",38131442,"T","C","PGM",0.5,"red"
"910",38136736,"A","G","PGM",0.5,"red"
"911",38136938,"C","A","PGM",0.5,"red"
"912",38141322,"A","C","PGM",0.5,"red"
"913",38166511,"G","A","PGM",0.5,"red"
"914",38247720,"C","A","PGM",0.5,"red"
"915",38248195,"C","A","PGM",0.5,"red"
"916",38414387,"C","G","PGM",0.5,"red"
"917",38487026,"C","T","PGM",0.5,"red"
"918",38505602,"G","A","PGM",0.5,"red"
"919",38626404,"G","A","PGM",0.5,"red"
"920",38658883,"C","T","PGM",0.5,"red"
"921",38670067,"C","T","PGM",0.5,"red"
"922",38680402,"A","G","PGM",0.5,"red"
"923",39023510,"G","T","PGM",0.5,"red"
"924",39024756,"A","G","PGM",0.5,"red"
"925",39024959,"G","A","PGM",0.5,"red"
"926",39032415,"G","A","PGM",0.5,"red"
"927",39040654,"C","A","PGM",0.5,"red"
"928",39041502,"C","A","PGM",0.5,"red"
"929",39048491,"C","A","PGM",0.5,"red"
"930",39048757,"G","A","PGM",0.5,"red"
"931",39049205,"G","A","PGM",0.5,"red"
"932",39115413,"C","T","PGM",0.5,"red"
"933",39202157,"G","A","PGM",0.5,"red"
"934",39219300,"G","A","PGM",0.5,"red"
"935",39223000,"T","C","PGM",0.5,"red"
"936",39239265,"A","G","PGM",0.5,"red"
"937",39246856,"G","A","PGM",0.5,"red"
"938",39250837,"G","A","PGM",0.5,"red"
"939",39262535,"C","A","PGM",0.5,"red"
"940",39337201,"G","A","PGM",0.5,"red"
"941",39399659,"A","C","PGM",0.5,"red"
"942",39400877,"T","G","PGM",0.5,"red"
"943",39413634,"T","C","PGM",0.5,"red"
"944",39555396,"G","A","PGM",0.5,"red"
"945",39945015,"T","C","PGM",0.5,"red"
"946",39945406,"T","C","PGM",0.5,"red"
"947",40119758,"T","C","PGM",0.5,"red"
"948",40125499,"G","A","PGM",0.5,"red"
"949",40212720,"C","A","PGM",0.5,"red"
"950",40232327,"C","T","PGM",0.5,"red"
"951",40306161,"A","G","PGM",0.5,"red"
"952",40307960,"T","C","PGM",0.5,"red"
"953",40310573,"C","A","PGM",0.5,"red"
"954",40310958,"G","A","PGM",0.5,"red"
"955",40312239,"G","A","PGM",0.5,"red"
"956",40344526,"C","T","PGM",0.5,"red"
"957",40348653,"A","G","PGM",0.5,"red"
"958",40385819,"A","G","PGM",0.5,"red"
"959",40386975,"G","A","PGM",0.5,"red"
"960",40394175,"T","C","PGM",0.5,"red"
"961",41083507,"G","A","PGM",0.5,"red"
"962",41169428,"G","T","PGM",0.5,"red"
"963",41171213,"C","T","PGM",0.5,"red"
"964",41181489,"G","A","PGM",0.5,"red"
"965",41205770,"C","A","PGM",0.5,"red"
"966",41246473,"C","T","PGM",0.5,"red"
"967",41286507,"A","G","PGM",0.5,"red"
"968",41296090,"C","A","PGM",0.5,"red"
"969",41392686,"G","A","PGM",0.5,"red"
"970",41446349,"T","C","PGM",0.5,"red"
"971",41451841,"A","G","PGM",0.5,"red"
"972",41452947,"T","C","PGM",0.5,"red"
"973",41452996,"G","A","PGM",0.5,"red"
"974",41562309,"T","C","PGM",0.5,"red"
"975",41653402,"C","T","PGM",0.5,"red"
"976",41665506,"T","G","PGM",0.5,"red"
"977",41670633,"C","T","PGM",0.5,"red"
"978",41670769,"C","T","PGM",0.5,"red"
"979",41705612,"G","A","PGM",0.5,"red"
"980",41975322,"T","C","PGM",0.5,"red"
"981",41985436,"C","T","PGM",0.5,"red"
"982",41989989,"C","T","PGM",0.5,"red"
"983",42126529,"G","A","PGM",0.5,"red"
"984",42129244,"G","A","PGM",0.5,"red"
"985",42401082,"T","C","PGM",0.5,"red"
"986",42407020,"A","G","PGM",0.5,"red"
"987",42413300,"C","T","PGM",0.5,"red"
"988",42426075,"G","A","PGM",0.5,"red"
"989",42440358,"C","T","PGM",0.5,"red"
"990",42448449,"G","A","PGM",0.5,"red"
"991",43095828,"G","A","PGM",0.5,"red"
"992",43096199,"T","C","PGM",0.5,"red"
"993",43129986,"G","A","PGM",0.5,"red"
"994",43144618,"G","A","PGM",0.5,"red"
"995",43146387,"A","G","PGM",0.5,"red"
"996",43152573,"A","G","PGM",0.5,"red"
"997",43168117,"A","G","PGM",0.5,"red"
"998",43169887,"A","G","PGM",0.5,"red"
"999",43184132,"A","C","PGM",0.5,"red"
"1000",43188940,"C","T","PGM",0.5,"red"
"1001",43193877,"G","A","PGM",0.5,"red"
"1002",43212493,"G","A","PGM",0.5,"red"
"1003",43240390,"C","T","PGM",0.5,"red"
"1004",43244714,"G","A","PGM",0.5,"red"
"1005",43257234,"C","A","PGM",0.5,"red"
"1006",43798775,"G","A","PGM",0.5,"red"
"1007",43834215,"C","T","PGM",0.5,"red"
"1008",43834251,"A","G","PGM",0.5,"red"
"1009",43845220,"T","C","PGM",0.5,"red"
"1010",43870079,"A","G","PGM",0.5,"red"
"1011",43886159,"G","A","PGM",0.5,"red"
"1012",43900443,"T","C","PGM",0.5,"red"
"1013",43904780,"C","T","PGM",0.5,"red"
"1014",44025275,"A","G","PGM",0.5,"red"
"1015",44051846,"C","T","PGM",0.5,"red"
"1016",44075807,"G","A","PGM",0.5,"red"
"1017",44116993,"A","G","PGM",0.5,"red"
"1018",44118612,"T","C","PGM",0.5,"red"
"1019",44138022,"C","T","PGM",0.5,"red"
"1020",44138947,"A","C","PGM",0.5,"red"
"1021",44162146,"C","T","PGM",0.5,"red"
"1022",44163624,"G","T","PGM",0.5,"red"
"1023",44195992,"C","T","PGM",0.5,"red"
"1024",44425680,"G","A","PGM",0.5,"red"
"1025",44455300,"T","C","PGM",0.5,"red"
"1026",44575446,"G","A","PGM",0.5,"red"
"1027",44579789,"A","G","PGM",0.5,"red"
"1028",44586363,"T","C","PGM",0.5,"red"
"1029",44595064,"G","A","PGM",0.5,"red"
"1030",45358107,"G","A","PGM",0.5,"red"
"1031",45371366,"G","T","PGM",0.5,"red"
"1032",45404528,"A","G","PGM",0.5,"red"
"1033",45405134,"C","A","PGM",0.5,"red"
"1034",45410323,"G","A","PGM",0.5,"red"
"1035",45467765,"G","A","PGM",0.5,"red"
"1036",45523412,"G","A","PGM",0.5,"red"
"1037",45773324,"G","A","PGM",0.5,"red"
"1038",45779946,"G","A","PGM",0.5,"red"
"1039",45788000,"C","T","PGM",0.5,"red"
"1040",45788111,"C","T","PGM",0.5,"red"
"1041",45806448,"G","A","PGM",0.5,"red"
"1042",45819347,"G","A","PGM",0.5,"red"
"1043",45830465,"C","T","PGM",0.5,"red"
"1044",45843864,"T","C","PGM",0.5,"red"
"1045",45852094,"A","G","PGM",0.5,"red"
"1046",45947467,"G","A","PGM",0.5,"red"
"1047",45981962,"T","C","PGM",0.5,"red"
"1048",45989366,"C","A","PGM",0.5,"red"
"1049",45991569,"T","C","PGM",0.5,"red"
"1050",45992333,"T","C","PGM",0.5,"red"
"1051",45999204,"A","G","PGM",0.5,"red"
"1052",46010683,"C","T","PGM",0.5,"red"
"1053",46174522,"C","T","PGM",0.5,"red"
"1054",46190377,"C","A","PGM",0.5,"red"
"1055",46403771,"C","A","PGM",0.5,"red"
"1056",46410189,"C","T","PGM",0.5,"red"
"1057",46459974,"C","T","PGM",0.5,"red"
"1058",46472377,"G","A","PGM",0.5,"red"
"1059",46485635,"G","T","PGM",0.5,"red"
"1060",46541261,"T","G","PGM",0.5,"red"
"1061",46570783,"G","C","PGM",0.5,"red"
"1062",46596286,"A","C","PGM",0.5,"red"
"1063",46606328,"T","C","PGM",0.5,"red"
"1064",46613083,"C","T","PGM",0.5,"red"
"1065",46689847,"G","A","PGM",0.5,"red"
"1066",46847501,"T","G","PGM",0.5,"red"
"1067",46868763,"T","C","PGM",0.5,"red"
"1068",46871985,"T","C","PGM",0.5,"red"
"1069",46886952,"T","G","PGM",0.5,"red"
"1070",46942554,"G","T","PGM",0.5,"red"
"1071",46946284,"G","A","PGM",0.5,"red"
"1072",46953541,"G","A","PGM",0.5,"red"
"1073",47136966,"T","C","PGM",0.5,"red"
"1074",47153739,"G","A","PGM",0.5,"red"
"1075",47168040,"A","G","PGM",0.5,"red"
"1076",47168437,"C","T","PGM",0.5,"red"
"1077",48151134,"G","A","PGM",0.5,"red"
"1078",48200892,"A","C","PGM",0.5,"red"
"1079",48539462,"T","G","PGM",0.5,"red"
"1080",48555067,"C","G","PGM",0.5,"red"
"1081",48564858,"G","A","PGM",0.5,"red"
"1082",48581776,"C","T","PGM",0.5,"red"
"1083",48591283,"C","T","PGM",0.5,"red"
"1084",48626970,"A","G","PGM",0.5,"red"
"1085",48640477,"C","T","PGM",0.5,"red"
"1086",48644815,"C","G","PGM",0.5,"red"
"1087",48649487,"G","T","PGM",0.5,"red"
"1088",48654404,"C","T","PGM",0.5,"red"
"1089",48928544,"T","C","PGM",0.5,"red"
"1090",49353357,"C","A","PGM",0.5,"red"
"1091",49409487,"G","C","PGM",0.5,"red"
"1092",49412433,"C","T","PGM",0.5,"red"
"1093",49439805,"G","A","PGM",0.5,"red"
"1094",49479972,"T","C","PGM",0.5,"red"
"1095",49484201,"A","G","PGM",0.5,"red"
"1096",49488908,"A","C","PGM",0.5,"red"
"1097",49494933,"C","T","PGM",0.5,"red"
"1098",49592233,"G","A","PGM",0.5,"red"
"1099",49704546,"G","T","PGM",0.5,"red"
"1100",49722717,"G","A","PGM",0.5,"red"
"1101",49747457,"C","T","PGM",0.5,"red"
"1102",49823987,"A","G","PGM",0.5,"red"
"1103",50084574,"A","G","PGM",0.5,"red"
"1104",50096882,"G","A","PGM",0.5,"red"
"1105",50410307,"G","T","PGM",0.5,"red"
"1106",50414325,"C","T","PGM",0.5,"red"
"1107",50415008,"A","G","PGM",0.5,"red"
"1108",50571699,"C","T","PGM",0.5,"red"
"1109",50602212,"C","T","PGM",0.5,"red"
"1110",50784880,"0","G","PGM",0.5,"red"
"1111",50798526,"C","T","PGM",0.5,"red"
"1112",50803050,"A","G","PGM",0.5,"red"
"1113",50834379,"T","C","PGM",0.5,"red"
"1114",50836279,"G","A","PGM",0.5,"red"
"1115",50845490,"A","G","PGM",0.5,"red"
"1116",50857995,"G","A","PGM",0.5,"red"
"1117",50865820,"C","T","PGM",0.5,"red"
"1118",50930485,"T","G","PGM",0.5,"red"
"1119",50938247,"C","A","PGM",0.5,"red"
"1120",50942550,"T","G","PGM",0.5,"red"
"1121",50946521,"C","T","PGM",0.5,"red"
"1122",50955081,"C","T","PGM",0.5,"red"
"1123",50966474,"T","C","PGM",0.5,"red"
"1124",51029764,"T","G","PGM",0.5,"red"
"1125",51052686,"T","C","PGM",0.5,"red"
"1126",51058527,"G","A","PGM",0.5,"red"
"1127",51058721,"G","C","PGM",0.5,"red"
"1128",51084701,"C","A","PGM",0.5,"red"
"1129",51102772,"T","G","PGM",0.5,"red"
"1130",51117477,"C","T","PGM",0.5,"red"
"1131",51119366,"A","G","PGM",0.5,"red"
"1132",51136837,"T","C","PGM",0.5,"red"
"1133",51150512,"T","C","PGM",0.5,"red"
"1134",51153402,"A","G","PGM",0.5,"red"
"1135",51572515,"G","A","PGM",0.5,"red"
"1136",51579595,"C","T","PGM",0.5,"red"
"1137",51581912,"C","T","PGM",0.5,"red"
"1138",51608132,"A","G","PGM",0.5,"red"
"1139",51613177,"C","T","PGM",0.5,"red"
"1140",51630524,"C","T","PGM",0.5,"red"
"1141",51826281,"A","G","PGM",0.5,"red"
"1142",51826535,"G","A","PGM",0.5,"red"
"1143",51914942,"A","C","PGM",0.5,"red"
"1144",52051109,"G","A","PGM",0.5,"red"
"1145",52087976,"G","A","PGM",0.5,"red"
"1146",52317597,"T","C","PGM",0.5,"red"
"1147",52599904,"G","T","PGM",0.5,"red"
"1148",52758076,"G","A","PGM",0.5,"red"
"1149",52766983,"T","C","PGM",0.5,"red"
"1150",52769856,"C","T","PGM",0.5,"red"
"1151",52775872,"C","T","PGM",0.5,"red"
"1152",52801687,"C","T","PGM",0.5,"red"
"1153",52975039,"G","A","PGM",0.5,"red"
"1154",52977137,"C","A","PGM",0.5,"red"
"1155",52993002,"G","A","PGM",0.5,"red"
"1156",53058679,"A","G","PGM",0.5,"red"
"1157",53080337,"A","G","PGM",0.5,"red"
"1158",53094839,"G","A","PGM",0.5,"red"
"1159",53096835,"G","A","PGM",0.5,"red"
"1160",53100374,"G","A","PGM",0.5,"red"
"1161",53101448,"G","A","PGM",0.5,"red"
"1162",53224681,"G","C","PGM",0.5,"red"
"1163",53226311,"A","G","PGM",0.5,"red"
"1164",53254111,"A","G","PGM",0.5,"red"
"1165",53262598,"T","C","PGM",0.5,"red"
"1166",53276001,"T","G","PGM",0.5,"red"
"1167",53281392,"T","C","PGM",0.5,"red"
"1168",53295203,"A","G","PGM",0.5,"red"
"1169",53296986,"C","T","PGM",0.5,"red"
"1170",53302539,"G","A","PGM",0.5,"red"
"1171",53307694,"C","T","PGM",0.5,"red"
"1172",53314183,"T","C","PGM",0.5,"red"
"1173",53317012,"A","G","PGM",0.5,"red"
"1174",53349780,"C","A","PGM",0.5,"red"
"1175",53349969,"G","T","PGM",0.5,"red"
"1176",54297305,"C","T","PGM",0.5,"red"
"1177",54310853,"T","C","PGM",0.5,"red"
"1178",54428460,"T","C","PGM",0.5,"red"
"1179",55042242,"C","T","PGM",0.5,"red"
"1180",55219889,"A","C","PGM",0.5,"red"
"1181",55225058,"C","T","PGM",0.5,"red"
"1182",55272581,"T","C","PGM",0.5,"red"
"1183",56207222,"G","A","PGM",0.5,"red"
"1184",56237709,"T","C","PGM",0.5,"red"
"1185",56268471,"T","C","PGM",0.5,"red"
"1186",56272686,"G","A","PGM",0.5,"red"
"1187",56283552,"G","A","PGM",0.5,"red"
"1188",56756695,"A","G","PGM",0.5,"red"
"1189",56803526,"C","T","PGM",0.5,"red"
"1190",56826330,"T","A","PGM",0.5,"red"
"1191",57160897,"G","A","PGM",0.5,"red"
"1192",57230422,"A","G","PGM",0.5,"red"
"1193",57336340,"T","C","PGM",0.5,"red"
"1194",57642076,"G","A","PGM",0.5,"red"
"1195",57645576,"T","C","PGM",0.5,"red"
"1196",57710238,"C","T","PGM",0.5,"red"
"1197",58344955,"T","G","PGM",0.5,"red"
"1198",63224575,"G","A","PGM",0.5,"red"
"1199",63282423,"C","T","PGM",0.5,"red"
"1200",63455110,"A","C","PGM",0.5,"red"
"1201",63529431,"C","T","PGM",0.5,"red"
"1202",63640369,"C","T","PGM",0.5,"red"
"1203",63658063,"A","G","PGM",0.5,"red"
"1204",63805164,"C","T","PGM",0.5,"red"
"1205",63864982,"T","C","PGM",0.5,"red"
"1206",63948305,"A","G","PGM",0.5,"red"
"1207",64240516,"T","G","PGM",0.5,"red"
"1208",64251656,"G","T","PGM",0.5,"red"
"1209",64355587,"G","A","PGM",0.5,"red"
"1210",64468738,"T","C","PGM",0.5,"red"
"1211",64510909,"A","C","PGM",0.5,"red"
"1212",64753874,"T","C","PGM",0.5,"red"
"1213",64850803,"C","A","PGM",0.5,"red"
"1214",64851149,"C","T","PGM",0.5,"red"
"1215",65007530,"C","T","PGM",0.5,"red"
"1216",65851413,"C","T","PGM",0.5,"red"
"1217",65860539,"A","G","PGM",0.5,"red"
"1218",65903328,"G","A","PGM",0.5,"red"
"1219",65910220,"G","A","PGM",0.5,"red"
"1220",65924421,"A","G","PGM",0.5,"red"
"1221",65940444,"T","C","PGM",0.5,"red"
"1222",65947487,"G","A","PGM",0.5,"red"
"1223",65951765,"C","T","PGM",0.5,"red"
"1224",65972053,"A","G","PGM",0.5,"red"
"1225",65989292,"A","C","PGM",0.5,"red"
"1226",66005857,"T","A","PGM",0.5,"red"
"1227",66030650,"T","G","PGM",0.5,"red"
"1228",66046996,"C","A","PGM",0.5,"red"
"1229",66154647,"G","T","PGM",0.5,"red"
"1230",66160102,"A","G","PGM",0.5,"red"
"1231",66177078,"C","T","PGM",0.5,"red"
"1232",66202702,"G","A","PGM",0.5,"red"
"1233",66204945,"A","G","PGM",0.5,"red"
"1234",66215549,"A","G","PGM",0.5,"red"
"1235",66237309,"G","A","PGM",0.5,"red"
"1236",66258778,"C","T","PGM",0.5,"red"
"1237",66285958,"T","C","PGM",0.5,"red"
"1238",66511710,"C","T","PGM",0.5,"red"
"1239",66524243,"C","T","PGM",0.5,"red"
"1240",66537822,"A","G","PGM",0.5,"red"
"1241",66542891,"C","T","PGM",0.5,"red"
"1242",66549080,"A","G","PGM",0.5,"red"
"1243",66565353,"A","G","PGM",0.5,"red"
"1244",66598194,"G","A","PGM",0.5,"red"
"1245",66622417,"T","C","PGM",0.5,"red"
"1246",66633603,"G","A","PGM",0.5,"red"
"1247",66697003,"C","A","PGM",0.5,"red"
"1248",67038021,"T","C","PGM",0.5,"red"
"1249",67060771,"C","A","PGM",0.5,"red"
"1250",67092438,"G","A","PGM",0.5,"red"
"1251",67095924,"G","A","PGM",0.5,"red"
"1252",67102644,"C","A","PGM",0.5,"red"
"1253",67106679,"T","C","PGM",0.5,"red"
"1254",67110160,"A","G","PGM",0.5,"red"
"1255",67123344,"A","G","PGM",0.5,"red"
"1256",67123794,"T","C","PGM",0.5,"red"
"1257",67139880,"A","G","PGM",0.5,"red"
"1258",67143902,"A","G","PGM",0.5,"red"
"1259",67151226,"A","G","PGM",0.5,"red"
"1260",67330025,"C","T","PGM",0.5,"red"
"1261",67589752,"A","G","PGM",0.5,"red"
"1262",67653279,"G","A","PGM",0.5,"red"
"1263",67654492,"A","G","PGM",0.5,"red"
"1264",67688283,"A","G","PGM",0.5,"red"
"1265",67726176,"T","C","PGM",0.5,"red"
"1266",67731919,"C","T","PGM",0.5,"red"
"1267",67744470,"A","G","PGM",0.5,"red"
"1268",67770505,"C","T","PGM",0.5,"red"
"1269",67840010,"G","A","PGM",0.5,"red"
"1270",68057505,"C","T","PGM",0.5,"red"
"1271",68122024,"C","T","PGM",0.5,"red"
"1272",68214661,"T","C","PGM",0.5,"red"
"1273",68250118,"G","A","PGM",0.5,"red"
"1274",68298216,"A","G","PGM",0.5,"red"
"1275",68301978,"A","G","PGM",0.5,"red"
"1276",68445577,"G","A","PGM",0.5,"red"
"1277",68503143,"A","G","PGM",0.5,"red"
"1278",68533069,"A","G","PGM",0.5,"red"
"1279",68860309,"C","A","PGM",0.5,"red"
"1280",68875498,"A","G","PGM",0.5,"red"
"1281",68882437,"G","A","PGM",0.5,"red"
"1282",68894710,"C","T","PGM",0.5,"red"
"1283",68896299,"T","C","PGM",0.5,"red"
"1284",68933619,"G","A","PGM",0.5,"red"
"1285",68937552,"A","C","PGM",0.5,"red"
"1286",68940949,"C","T","PGM",0.5,"red"
"1287",68975894,"G","A","PGM",0.5,"red"
"1288",69560086,"A","G","PGM",0.5,"red"
"1289",69666684,"G","A","PGM",0.5,"red"
"1290",69667472,"G","A","PGM",0.5,"red"
"1291",69708918,"G","A","PGM",0.5,"red"
"1292",69723045,"T","C","PGM",0.5,"red"
"1293",69745723,"G","A","PGM",0.5,"red"
"1294",70007550,"T","G","PGM",0.5,"red"
"1295",70086858,"C","T","PGM",0.5,"red"
"1296",70590638,"G","A","PGM",0.5,"red"
"1297",70597502,"T","C","PGM",0.5,"red"
"1298",70746249,"T","C","PGM",0.5,"red"
"1299",70748686,"T","C","PGM",0.5,"red"
"1300",70766504,"A","C","PGM",0.5,"red"
"1301",70801387,"A","G","PGM",0.5,"red"
"1302",71013640,"T","C","PGM",0.5,"red"
"1303",71087091,"T","C","PGM",0.5,"red"
"1304",71137884,"G","A","PGM",0.5,"red"
"1305",71273253,"A","G","PGM",0.5,"red"
"1306",71299649,"T","G","PGM",0.5,"red"
"1307",71307347,"A","G","PGM",0.5,"red"
"1308",71325285,"A","G","PGM",0.5,"red"
"1309",71367566,"T","C","PGM",0.5,"red"
"1310",71383021,"G","A","PGM",0.5,"red"
"1311",71457053,"C","A","PGM",0.5,"red"
"1312",71498986,"A","G","PGM",0.5,"red"
"1313",71507158,"T","C","PGM",0.5,"red"
"1314",71526966,"G","T","PGM",0.5,"red"
"1315",71568841,"T","C","PGM",0.5,"red"
"1316",71569090,"T","C","PGM",0.5,"red"
"1317",71573109,"G","A","PGM",0.5,"red"
"1318",71583804,"C","T","PGM",0.5,"red"
"1319",71595571,"T","G","PGM",0.5,"red"
"1320",71598571,"C","T","PGM",0.5,"red"
"1321",71602420,"C","T","PGM",0.5,"red"
"1322",71698630,"G","A","PGM",0.5,"red"
"1323",71729002,"C","A","PGM",0.5,"red"
"1324",71772828,"A","G","PGM",0.5,"red"
"1325",71969501,"T","A","PGM",0.5,"red"
"1326",71972509,"C","A","PGM",0.5,"red"
"1327",72239982,"C","T","PGM",0.5,"red"
"1328",72366851,"G","A","PGM",0.5,"red"
"1329",72450435,"A","G","PGM",0.5,"red"
"1330",72471656,"A","G","PGM",0.5,"red"
"1331",72481492,"G","A","PGM",0.5,"red"
"1332",72563130,"C","T","PGM",0.5,"red"
"1333",72602564,"G","A","PGM",0.5,"red"
"1334",72607594,"A","G","PGM",0.5,"red"
"1335",72908366,"T","C","PGM",0.5,"red"
"1336",73186272,"A","C","PGM",0.5,"red"
"1337",73188091,"T","G","PGM",0.5,"red"
"1338",73315247,"A","C","PGM",0.5,"red"
"1339",73334849,"G","A","PGM",0.5,"red"
"1340",73360098,"C","T","PGM",0.5,"red"
"1341",73360633,"G","A","PGM",0.5,"red"
"1342",73369739,"C","T","PGM",0.5,"red"
"1343",73438218,"A","G","PGM",0.5,"red"
"1344",73442239,"A","G","PGM",0.5,"red"
"1345",73443379,"C","T","PGM",0.5,"red"
"1346",73448086,"A","G","PGM",0.5,"red"
"1347",73449742,"G","T","PGM",0.5,"red"
"1348",73571223,"C","A","PGM",0.5,"red"
"1349",73687752,"T","C","PGM",0.5,"red"
"1350",73717568,"T","C","PGM",0.5,"red"
"1351",73733188,"A","G","PGM",0.5,"red"
"1352",73738661,"A","G","PGM",0.5,"red"
"1353",73740864,"G","A","PGM",0.5,"red"
"1354",73871994,"C","A","PGM",0.5,"red"
"1355",73883238,"G","A","PGM",0.5,"red"
"1356",73893677,"G","A","PGM",0.5,"red"
"1357",73895541,"A","G","PGM",0.5,"red"
"1358",73900091,"A","G","PGM",0.5,"red"
"1359",73948431,"T","C","PGM",0.5,"red"
"1360",73949519,"T","C","PGM",0.5,"red"
"1361",74123363,"G","A","PGM",0.5,"red"
"1362",74166111,"A","G","PGM",0.5,"red"
"1363",74179395,"A","G","PGM",0.5,"red"
"1364",74179788,"G","A","PGM",0.5,"red"
"1365",74229792,"A","G","PGM",0.5,"red"
"1366",74238608,"G","A","PGM",0.5,"red"
"1367",77261596,"G","A","PGM",0.5,"red"
"1368",77404440,"A","G","PGM",0.5,"red"
"1369",77410315,"G","A","PGM",0.5,"red"
"1370",77684729,"C","T","PGM",0.5,"red"
"1371",77890344,"A","G","PGM",0.5,"red"
"1372",78081840,"A","G","PGM",0.5,"red"
"1373",78098653,"A","G","PGM",0.5,"red"
"1374",78102854,"A","G","PGM",0.5,"red"
"1375",78108747,"A","G","PGM",0.5,"red"
"1376",78162536,"G","A","PGM",0.5,"red"
"1377",78722248,"C","T","PGM",0.5,"red"
"1378",78724540,"T","C","PGM",0.5,"red"
"1379",78767422,"G","A","PGM",0.5,"red"
"1380",78811146,"T","C","PGM",0.5,"red"
"1381",78866182,"A","G","PGM",0.5,"red"
"1382",78930727,"A","C","PGM",0.5,"red"
"1383",79051952,"G","T","PGM",0.5,"red"
"1384",79090822,"G","T","PGM",0.5,"red"
"1385",79125312,"A","G","PGM",0.5,"red"
"1386",79138641,"G","A","PGM",0.5,"red"
"1387",79158574,"T","C","PGM",0.5,"red"
"1388",79163463,"G","A","PGM",0.5,"red"
"1389",79169377,"G","T","PGM",0.5,"red"
"1390",79199356,"T","C","PGM",0.5,"red"
"1391",79259290,"G","A","PGM",0.5,"red"
"1392",79272439,"T","G","PGM",0.5,"red"
"1393",79815976,"C","A","PGM",0.5,"red"
"1394",80070120,"T","C","PGM",0.5,"red"
"1395",80147522,"C","T","PGM",0.5,"red"
"1396",80160375,"T","C","PGM",0.5,"red"
"1397",80240951,"C","T","PGM",0.5,"red"
"1398",80583474,"A","G","PGM",0.5,"red"
"1399",80591625,"T","C","PGM",0.5,"red"
"1400",80591852,"A","G","PGM",0.5,"red"
"1401",80609413,"C","T","PGM",0.5,"red"
"1402",80610839,"A","G","PGM",0.5,"red"
"1403",80611939,"T","C","PGM",0.5,"red"
"1404",80658793,"C","A","PGM",0.5,"red"
"1405",80661020,"A","G","PGM",0.5,"red"
"1406",80664928,"T","C","PGM",0.5,"red"
"1407",81153486,"A","G","PGM",0.5,"red"
"1408",81176395,"T","C","PGM",0.5,"red"
"1409",81215558,"T","C","PGM",0.5,"red"
"1410",81648445,"A","G","PGM",0.5,"red"
"1411",81682916,"T","C","PGM",0.5,"red"
"1412",81830043,"C","T","PGM",0.5,"red"
"1413",82409797,"C","T","PGM",0.5,"red"
"1414",82413442,"T","C","PGM",0.5,"red"
"1415",82414944,"T","A","PGM",0.5,"red"
"1416",82417140,"G","A","PGM",0.5,"red"
"1417",82614505,"A","G","PGM",0.5,"red"
"1418",82672457,"G","T","PGM",0.5,"red"
"1419",82672570,"G","A","PGM",0.5,"red"
"1420",82725168,"T","C","PGM",0.5,"red"
"1421",82729032,"C","T","PGM",0.5,"red"
"1422",82778405,"T","C","PGM",0.5,"red"
"1423",82787023,"G","A","PGM",0.5,"red"
"1424",82794111,"T","C","PGM",0.5,"red"
"1425",82825655,"G","T","PGM",0.5,"red"
"1426",82848130,"G","A","PGM",0.5,"red"
"1427",82857479,"C","T","PGM",0.5,"red"
"1428",82958246,"A","G","PGM",0.5,"red"
"1429",82967175,"C","A","PGM",0.5,"red"
"1430",83002810,"A","G","PGM",0.5,"red"
"1431",83010602,"T","C","PGM",0.5,"red"
"1432",83075914,"A","G","PGM",0.5,"red"
"1433",83096577,"T","G","PGM",0.5,"red"
"1434",83105313,"T","C","PGM",0.5,"red"
"1435",83550056,"A","G","PGM",0.5,"red"
"1436",83667166,"A","G","PGM",0.5,"red"
"1437",84492261,"G","T","PGM",0.5,"red"
"1438",84525784,"C","T","PGM",0.5,"red"
"1439",84622616,"G","A","PGM",0.5,"red"
"1440",85130409,"C","T","PGM",0.5,"red"
"1441",85205713,"T","G","PGM",0.5,"red"
"1442",85523135,"G","T","PGM",0.5,"red"
"1443",85527080,"C","A","PGM",0.5,"red"
"1444",85706347,"C","T","PGM",0.5,"red"
"1445",86071757,"A","G","PGM",0.5,"red"
"1446",86145921,"T","A","PGM",0.5,"red"
"1447",86234835,"C","T","PGM",0.5,"red"
"1448",86279737,"C","T","PGM",0.5,"red"
"1449",86683779,"C","T","PGM",0.5,"red"
"1450",86767686,"G","A","PGM",0.5,"red"
"1451",86850735,"T","C","PGM",0.5,"red"
"1452",86857389,"G","A","PGM",0.5,"red"
"1453",86865029,"T","C","PGM",0.5,"red"
"1454",86957952,"C","T","PGM",0.5,"red"
"1455",86976150,"G","T","PGM",0.5,"red"
"1456",87063774,"G","A","PGM",0.5,"red"
"1457",88490740,"A","G","PGM",0.5,"red"
"1458",88492526,"A","G","PGM",0.5,"red"
"1459",88497286,"C","T","PGM",0.5,"red"
"1460",88498604,"T","G","PGM",0.5,"red"
"1461",88549795,"T","C","PGM",0.5,"red"
"1462",88619412,"T","G","PGM",0.5,"red"
"1463",88628864,"C","T","PGM",0.5,"red"
"1464",88717766,"A","G","PGM",0.5,"red"
"1465",88821736,"C","A","PGM",0.5,"red"
"1466",88825342,"T","G","PGM",0.5,"red"
"1467",88829036,"T","C","PGM",0.5,"red"
"1468",88856178,"C","T","PGM",0.5,"red"
"1469",88861698,"A","G","PGM",0.5,"red"
"1470",88882652,"T","C","PGM",0.5,"red"
"1471",88891040,"C","T","PGM",0.5,"red"
"1472",88898611,"T","C","PGM",0.5,"red"
"1473",88904043,"A","G","PGM",0.5,"red"
"1474",88947343,"G","A","PGM",0.5,"red"
"1475",89112817,"C","T","PGM",0.5,"red"
"1476",89250128,"C","A","PGM",0.5,"red"
"1477",89261177,"C","T","PGM",0.5,"red"
"1478",89268935,"C","T","PGM",0.5,"red"
"1479",89676206,"T","G","PGM",0.5,"red"
"1480",89751272,"G","A","PGM",0.5,"red"
"1481",90197586,"A","G","PGM",0.5,"red"
"1482",90285588,"C","A","PGM",0.5,"red"
"1483",90316178,"T","C","PGM",0.5,"red"
"1484",90321409,"T","C","PGM",0.5,"red"
"1485",90322507,"T","C","PGM",0.5,"red"
"1486",90371202,"A","G","PGM",0.5,"red"
"1487",90448092,"T","C","PGM",0.5,"red"
"1488",90476452,"A","G","PGM",0.5,"red"
"1489",90529746,"C","T","PGM",0.5,"red"
"1490",90663436,"G","A","PGM",0.5,"red"
"1491",90793476,"G","A","PGM",0.5,"red"
"1492",90876844,"T","C","PGM",0.5,"red"
"1493",90899561,"G","A","PGM",0.5,"red"
"1494",90929301,"T","C","PGM",0.5,"red"
"1495",91019654,"C","T","PGM",0.5,"red"
"1496",91028797,"T","C","PGM",0.5,"red"
"1497",91056784,"T","C","PGM",0.5,"red"
"1498",91108519,"G","A","PGM",0.5,"red"
"1499",91184183,"G","A","PGM",0.5,"red"
"1500",91187609,"A","G","PGM",0.5,"red"
"1501",91552785,"C","A","PGM",0.5,"red"
"1502",91579541,"T","C","PGM",0.5,"red"
"1503",91611628,"C","T","PGM",0.5,"red"
"1504",91620431,"A","G","PGM",0.5,"red"
"1505",91728217,"G","T","PGM",0.5,"red"
"1506",92012043,"G","T","PGM",0.5,"red"
"1507",92467487,"T","C","PGM",0.5,"red"
"1508",92481718,"C","T","PGM",0.5,"red"
"1509",92525977,"A","G","PGM",0.5,"red"
"1510",92684706,"G","A","PGM",0.5,"red"
"1511",92722564,"G","A","PGM",0.5,"red"
"1512",92904799,"T","C","PGM",0.5,"red"
"1513",92904874,"G","A","PGM",0.5,"red"
"1514",92912828,"G","A","PGM",0.5,"red"
"1515",92913645,"T","C","PGM",0.5,"red"
"1516",92972984,"C","T","PGM",0.5,"red"
"1517",92985361,"G","A","PGM",0.5,"red"
"1518",93077500,"G","T","PGM",0.5,"red"
"1519",93826168,"C","T","PGM",0.5,"red"
"1520",93845633,"G","A","PGM",0.5,"red"
"1521",93852252,"G","A","PGM",0.5,"red"
"1522",93898633,"T","C","PGM",0.5,"red"
"1523",93901016,"G","A","PGM",0.5,"red"
"1524",93906373,"A","G","PGM",0.5,"red"
"1525",93906936,"G","A","PGM",0.5,"red"
"1526",93911119,"C","T","PGM",0.5,"red"
"1527",93917260,"A","G","PGM",0.5,"red"
"1528",93920448,"A","G","PGM",0.5,"red"
"1529",93941861,"C","T","PGM",0.5,"red"
"1530",93947307,"T","C","PGM",0.5,"red"
"1531",94008535,"C","T","PGM",0.5,"red"
"1532",94051765,"C","T","PGM",0.5,"red"
"1533",94060369,"T","C","PGM",0.5,"red"
"1534",94720600,"A","G","PGM",0.5,"red"
"1535",94748716,"G","T","PGM",0.5,"red"
"1536",94834684,"A","C","PGM",0.5,"red"
"1537",94839093,"A","C","PGM",0.5,"red"
"1538",94915095,"C","T","PGM",0.5,"red"
"1539",95112651,"A","G","PGM",0.5,"red"
"1540",95202197,"G","A","PGM",0.5,"red"
"1541",95285511,"T","C","PGM",0.5,"red"
"1542",95296005,"C","T","PGM",0.5,"red"
"1543",95891910,"T","C","PGM",0.5,"red"
"1544",95894399,"A","C","PGM",0.5,"red"
"1545",95937046,"A","G","PGM",0.5,"red"
"1546",95963764,"A","G","PGM",0.5,"red"
"1547",95967412,"C","T","PGM",0.5,"red"
"1548",95968991,"A","G","PGM",0.5,"red"
"1549",95988605,"T","C","PGM",0.5,"red"
"1550",96326035,"C","T","PGM",0.5,"red"
"1551",96332506,"A","G","PGM",0.5,"red"
"1552",96477293,"G","A","PGM",0.5,"red"
"1553",96578287,"A","G","PGM",0.5,"red"
"1554",96586116,"T","C","PGM",0.5,"red"
"1555",96589271,"C","T","PGM",0.5,"red"
"1556",96711264,"G","A","PGM",0.5,"red"
"1557",96721908,"C","T","PGM",0.5,"red"
"1558",96723784,"A","G","PGM",0.5,"red"
"1559",96746620,"C","T","PGM",0.5,"red"
"1560",96751756,"G","A","PGM",0.5,"red"
"1561",96834665,"A","G","PGM",0.5,"red"
"1562",96858453,"C","T","PGM",0.5,"red"
"1563",96901036,"C","A","PGM",0.5,"red"
"1564",96999725,"C","T","PGM",0.5,"red"
"1565",97023070,"G","A","PGM",0.5,"red"
"1566",97058553,"A","G","PGM",0.5,"red"
"1567",97063555,"A","G","PGM",0.5,"red"
"1568",97063724,"T","G","PGM",0.5,"red"
"1569",97093259,"G","A","PGM",0.5,"red"
"1570",97234008,"G","A","PGM",0.5,"red"
"1571",97238122,"T","C","PGM",0.5,"red"
"1572",97318206,"T","G","PGM",0.5,"red"
"1573",97377572,"C","T","PGM",0.5,"red"
"1574",97387349,"C","A","PGM",0.5,"red"
"1575",97518003,"G","A","PGM",0.5,"red"
"1576",97518987,"C","A","PGM",0.5,"red"
"1577",97967913,"C","T","PGM",0.5,"red"
"1578",98033236,"A","G","PGM",0.5,"red"
"1579",98183112,"T","C","PGM",0.5,"red"
"1580",98199741,"T","C","PGM",0.5,"red"
"1581",98206805,"G","A","PGM",0.5,"red"
"1582",98209349,"T","C","PGM",0.5,"red"
"1583",98212409,"T","C","PGM",0.5,"red"
"1584",98495952,"A","G","PGM",0.5,"red"
"1585",98528404,"A","G","PGM",0.5,"red"
"1586",98537742,"A","G","PGM",0.5,"red"
"1587",98550289,"A","C","PGM",0.5,"red"
"1588",98553894,"A","G","PGM",0.5,"red"
"1589",98560826,"A","C","PGM",0.5,"red"
"1590",98562720,"A","G","PGM",0.5,"red"
"1591",98572120,"C","T","PGM",0.5,"red"
"1592",98574920,"G","A","PGM",0.5,"red"
"1593",98576223,"A","G","PGM",0.5,"red"
"1594",98936809,"A","G","PGM",0.5,"red"
"1595",98938237,"C","T","PGM",0.5,"red"
"1596",99462075,"G","A","PGM",0.5,"red"
"1597",99629252,"C","A","PGM",0.5,"red"
"1598",99835007,"T","C","PGM",0.5,"red"
"1599",99836954,"G","A","PGM",0.5,"red"
"1600",99847260,"G","T","PGM",0.5,"red"
"1601",99921822,"C","T","PGM",0.5,"red"
"1602",99964012,"C","T","PGM",0.5,"red"
"1603",99986195,"T","C","PGM",0.5,"red"
"1604",100063243,"G","A","PGM",0.5,"red"
"1605",100106323,"G","T","PGM",0.5,"red"
"1606",100125119,"A","G","PGM",0.5,"red"
"1607",100187748,"G","A","PGM",0.5,"red"
"1608",100229605,"T","C","PGM",0.5,"red"
"1609",100242931,"C","T","PGM",0.5,"red"
"1610",100257668,"G","A","PGM",0.5,"red"
"1611",100262375,"C","T","PGM",0.5,"red"
"1612",100308748,"C","T","PGM",0.5,"red"
"1613",100314036,"G","A","PGM",0.5,"red"
"1614",100317146,"T","G","PGM",0.5,"red"
"1615",100326214,"G","A","PGM",0.5,"red"
"1616",100642867,"C","T","PGM",0.5,"red"
"1617",100674018,"G","A","PGM",0.5,"red"
"1618",101278366,"T","C","PGM",0.5,"red"
"1619",101324143,"T","C","PGM",0.5,"red"
"1620",101482379,"G","A","PGM",0.5,"red"
"1621",101941240,"C","T","PGM",0.5,"red"
"1622",101977508,"G","A","PGM",0.5,"red"
"1623",102423363,"A","G","PGM",0.5,"red"
"1624",102482848,"A","G","PGM",0.5,"red"
"1625",102492342,"T","C","PGM",0.5,"red"
"1626",102501774,"T","C","PGM",0.5,"red"
"1627",102505857,"A","G","PGM",0.5,"red"
"1628",102513865,"C","T","PGM",0.5,"red"
"1629",102526478,"T","C","PGM",0.5,"red"
"1630",102595588,"C","T","PGM",0.5,"red"
"1631",102635841,"A","G","PGM",0.5,"red"
"1632",102674605,"G","A","PGM",0.5,"red"
"1633",102901092,"C","T","PGM",0.5,"red"
"1634",103301624,"C","T","PGM",0.5,"red"
"1635",103346215,"A","G","PGM",0.5,"red"
"1636",103635120,"C","T","PGM",0.5,"red"
"1637",103945668,"G","A","PGM",0.5,"red"
"1638",104214242,"A","G","PGM",0.5,"red"
"1639",104215809,"C","T","PGM",0.5,"red"
"1640",104220230,"C","T","PGM",0.5,"red"
"1641",104232520,"C","T","PGM",0.5,"red"
"1642",104234792,"T","C","PGM",0.5,"red"
"1643",104308569,"T","C","PGM",0.5,"red"
"1644",104367936,"C","A","PGM",0.5,"red"
"1645",104499121,"C","A","PGM",0.5,"red"
"1646",105347297,"C","T","PGM",0.5,"red"
"1647",105348705,"C","T","PGM",0.5,"red"
"1648",105631149,"G","A","PGM",0.5,"red"
"1649",105643136,"A","G","PGM",0.5,"red"
"1650",105656760,"T","C","PGM",0.5,"red"
"1651",105659628,"A","G","PGM",0.5,"red"
"1652",105671762,"C","A","PGM",0.5,"red"
"1653",105675144,"T","C","PGM",0.5,"red"
"1654",105776866,"A","C","PGM",0.5,"red"
"1655",105810999,"C","G","PGM",0.5,"red"
"1656",105811285,"T","G","PGM",0.5,"red"
"1657",105812640,"G","A","PGM",0.5,"red"
"1658",105815882,"G","A","PGM",0.5,"red"
"1659",106325399,"C","T","PGM",0.5,"red"
"1660",106329966,"T","G","PGM",0.5,"red"
"1661",106345283,"G","A","PGM",0.5,"red"
"1662",106348246,"G","A","PGM",0.5,"red"
"1663",106350725,"C","T","PGM",0.5,"red"
"1664",106368510,"G","A","PGM",0.5,"red"
"1665",106371088,"G","A","PGM",0.5,"red"
"1666",106388245,"A","C","PGM",0.5,"red"
"1667",106396686,"A","G","PGM",0.5,"red"
"1668",106894342,"A","G","PGM",0.5,"red"
"1669",106900429,"C","A","PGM",0.5,"red"
"1670",106909194,"A","G","PGM",0.5,"red"
"1671",106914005,"G","A","PGM",0.5,"red"
"1672",106918757,"G","A","PGM",0.5,"red"
"1673",106921200,"A","G","PGM",0.5,"red"
"1674",107252668,"G","A","PGM",0.5,"red"
"1675",107300725,"G","A","PGM",0.5,"red"
"1676",107511474,"G","A","PGM",0.5,"red"
"1677",107517159,"T","C","PGM",0.5,"red"
"1678",107532514,"G","A","PGM",0.5,"red"
"1679",107549447,"A","G","PGM",0.5,"red"
"1680",107573570,"C","A","PGM",0.5,"red"
"1681",107619620,"A","G","PGM",0.5,"red"
"1682",107637486,"C","T","PGM",0.5,"red"
"1683",107853651,"A","G","PGM",0.5,"red"
"1684",107918351,"A","G","PGM",0.5,"red"
"1685",107970883,"A","G","PGM",0.5,"red"
"1686",109240562,"A","G","PGM",0.5,"red"
"1687",109259465,"C","T","PGM",0.5,"red"
"1688",109262787,"T","C","PGM",0.5,"red"
"1689",109383576,"C","T","PGM",0.5,"red"
"1690",110223989,"G","A","PGM",0.5,"red"
"1691",110486412,"G","A","PGM",0.5,"red"
"1692",110655065,"T","C","PGM",0.5,"red"
"1693",110790908,"T","C","PGM",0.5,"red"
"1694",110791310,"A","G","PGM",0.5,"red"
"1695",110792301,"A","G","PGM",0.5,"red"
"1696",110793650,"A","G","PGM",0.5,"red"
"1697",110795117,"G","T","PGM",0.5,"red"
"1698",110795549,"T","C","PGM",0.5,"red"
"1699",110796405,"T","C","PGM",0.5,"red"
"1700",110799548,"G","A","PGM",0.5,"red"
"1701",111381468,"T","C","PGM",0.5,"red"
"1702",111390344,"A","C","PGM",0.5,"red"
"1703",111471016,"T","G","PGM",0.5,"red"
"1704",111522623,"C","T","PGM",0.5,"red"
"1705",111679223,"T","C","PGM",0.5,"red"
"1706",111949779,"A","G","PGM",0.5,"red"
"1707",111951945,"T","G","PGM",0.5,"red"
"1708",111996419,"G","A","PGM",0.5,"red"
"1709",112006549,"C","T","PGM",0.5,"red"
"1710",112010019,"C","T","PGM",0.5,"red"
"1711",112096345,"T","C","PGM",0.5,"red"
"1712",112097181,"T","C","PGM",0.5,"red"
"1713",112237297,"T","C","PGM",0.5,"red"
"1714",112345963,"C","A","PGM",0.5,"red"
"1715",112479041,"C","T","PGM",0.5,"red"
"1716",112727954,"C","T","PGM",0.5,"red"
"1717",112730624,"T","C","PGM",0.5,"red"
"1718",112920882,"A","C","PGM",0.5,"red"
"1719",112963741,"A","G","PGM",0.5,"red"
"1720",112966440,"C","A","PGM",0.5,"red"
"1721",113164380,"C","T","PGM",0.5,"red"
"1722",113171058,"A","G","PGM",0.5,"red"
"1723",113178873,"C","T","PGM",0.5,"red"
"1724",113202257,"C","T","PGM",0.5,"red"
"1725",113213997,"T","C","PGM",0.5,"red"
"1726",113217970,"A","C","PGM",0.5,"red"
"1727",113395946,"C","T","PGM",0.5,"red"
"1728",113555945,"C","T","PGM",0.5,"red"
"1729",113562264,"T","C","PGM",0.5,"red"
"1730",113752301,"G","A","PGM",0.5,"red"
"1731",113765527,"G","T","PGM",0.5,"red"
"1732",113780108,"T","C","PGM",0.5,"red"
"1733",113792814,"A","C","PGM",0.5,"red"
"1734",113803085,"G","A","PGM",0.5,"red"
"1735",113900651,"T","G","PGM",0.5,"red"
"1736",113940473,"C","T","PGM",0.5,"red"
"1737",113964094,"T","C","PGM",0.5,"red"
"1738",113967632,"T","G","PGM",0.5,"red"
"1739",113972290,"C","T","PGM",0.5,"red"
"1740",114020783,"C","A","PGM",0.5,"red"
"1741",114111659,"T","C","PGM",0.5,"red"
"1742",114114057,"C","T","PGM",0.5,"red"
"1743",114168573,"G","T","PGM",0.5,"red"
"1744",114775668,"G","A","PGM",0.5,"red"
"1745",114860722,"C","T","PGM",0.5,"red"
"1746",114865780,"A","G","PGM",0.5,"red"
"1747",114886995,"T","C","PGM",0.5,"red"
"1748",114890253,"C","A","PGM",0.5,"red"
"1749",114930574,"A","G","PGM",0.5,"red"
"1750",114996281,"G","A","PGM",0.5,"red"
"1751",114998346,"G","A","PGM",0.5,"red"
"1752",115002021,"T","C","PGM",0.5,"red"
"1753",115058847,"C","T","PGM",0.5,"red"
"1754",115446413,"T","G","PGM",0.5,"red"
"1755",116023522,"T","C","PGM",0.5,"red"
"1756",116147191,"C","A","PGM",0.5,"red"
"1757",116169275,"C","A","PGM",0.5,"red"
"1758",116183352,"A","G","PGM",0.5,"red"
"1759",116202783,"C","T","PGM",0.5,"red"
"1760",116206371,"T","C","PGM",0.5,"red"
"1761",116234968,"T","C","PGM",0.5,"red"
"1762",116251893,"T","C","PGM",0.5,"red"
"1763",116262857,"G","A","PGM",0.5,"red"
"1764",116305064,"T","C","PGM",0.5,"red"
"1765",116306113,"A","G","PGM",0.5,"red"
"1766",116435795,"C","T","PGM",0.5,"red"
"1767",116446576,"A","G","PGM",0.5,"red"
"1768",116454588,"G","A","PGM",0.5,"red"
"1769",116470561,"A","G","PGM",0.5,"red"
"1770",116486792,"C","A","PGM",0.5,"red"
"1771",116501503,"G","A","PGM",0.5,"red"
"1772",116509636,"C","T","PGM",0.5,"red"
"1773",116514046,"C","A","PGM",0.5,"red"
"1774",116520985,"G","A","PGM",0.5,"red"
"1775",116546924,"A","G","PGM",0.5,"red"
"1776",116560766,"G","A","PGM",0.5,"red"
"1777",116572117,"G","A","PGM",0.5,"red"
"1778",116587407,"G","T","PGM",0.5,"red"
"1779",116601532,"A","G","PGM",0.5,"red"
"1780",116644101,"G","T","PGM",0.5,"red"
"1781",116760990,"A","G","PGM",0.5,"red"
"1782",116788453,"C","T","PGM",0.5,"red"
"1783",116819624,"T","C","PGM",0.5,"red"
"1784",117605749,"A","G","PGM",0.5,"red"
"1785",117618275,"T","C","PGM",0.5,"red"
"1786",117817775,"A","G","PGM",0.5,"red"
"1787",117822251,"T","C","PGM",0.5,"red"
"1788",117831565,"G","A","PGM",0.5,"red"
"1789",117900944,"C","T","PGM",0.5,"red"
"1790",117916942,"C","T","PGM",0.5,"red"
"1791",118343461,"T","C","PGM",0.5,"red"
"1792",118428025,"C","T","PGM",0.5,"red"
"1793",118482339,"C","T","PGM",0.5,"red"
"1794",118552967,"G","A","PGM",0.5,"red"
"1795",118557958,"C","T","PGM",0.5,"red"
"1796",118615390,"T","C","PGM",0.5,"red"
"1797",118642751,"A","G","PGM",0.5,"red"
"1798",118827836,"T","C","PGM",0.5,"red"
"1799",119076378,"T","C","PGM",0.5,"red"
"1800",119340881,"C","T","PGM",0.5,"red"
"1801",119457914,"C","T","PGM",0.5,"red"
"1802",119528316,"C","T","PGM",0.5,"red"
"1803",119676177,"T","G","PGM",0.5,"red"
"1804",119866141,"C","T","PGM",0.5,"red"
"1805",119927456,"G","A","PGM",0.5,"red"
"1806",119949791,"A","G","PGM",0.5,"red"
"1807",120031554,"A","G","PGM",0.5,"red"
"1808",120041948,"G","A","PGM",0.5,"red"
"1809",120094482,"G","A","PGM",0.5,"red"
"1810",120095538,"G","A","PGM",0.5,"red"
"1811",120118220,"G","T","PGM",0.5,"red"
"1812",120244785,"G","A","PGM",0.5,"red"
"1813",120349678,"T","C","PGM",0.5,"red"
"1814",120399511,"C","T","PGM",0.5,"red"
"1815",120413143,"T","C","PGM",0.5,"red"
"1816",121126482,"T","C","PGM",0.5,"red"
"1817",121225325,"C","T","PGM",0.5,"red"
"1818",121238247,"G","A","PGM",0.5,"red"
"1819",121258838,"A","C","PGM",0.5,"red"
"1820",121261915,"G","A","PGM",0.5,"red"
"1821",121320685,"G","A","PGM",0.5,"red"
"1822",121419584,"C","T","PGM",0.5,"red"
"1823",121496479,"T","G","PGM",0.5,"red"
"1824",121526898,"G","A","PGM",0.5,"red"
"1825",121642851,"C","T","PGM",0.5,"red"
"1826",121653046,"T","C","PGM",0.5,"red"
"1827",121759439,"G","T","PGM",0.5,"red"
"1828",121819188,"C","T","PGM",0.5,"red"
"1829",121821077,"T","C","PGM",0.5,"red"
"1830",121825381,"T","C","PGM",0.5,"red"
"1831",121828351,"G","A","PGM",0.5,"red"
"1832",121832541,"G","T","PGM",0.5,"red"
"1833",121854778,"A","G","PGM",0.5,"red"
"1834",121860377,"C","T","PGM",0.5,"red"
"1835",121895061,"A","G","PGM",0.5,"red"
"1836",121899251,"A","G","PGM",0.5,"red"
"1837",121900624,"T","G","PGM",0.5,"red"
"1838",121902869,"A","G","PGM",0.5,"red"
"1839",121906297,"C","T","PGM",0.5,"red"
"1840",122353740,"A","G","PGM",0.5,"red"
"1841",122367334,"A","G","PGM",0.5,"red"
"1842",122379099,"C","T","PGM",0.5,"red"
"1843",122949909,"C","A","PGM",0.5,"red"
"1844",123022496,"A","G","PGM",0.5,"red"
"1845",123029669,"T","G","PGM",0.5,"red"
"1846",123042792,"A","G","PGM",0.5,"red"
"1847",123892337,"G","A","PGM",0.5,"red"
"1848",123897712,"G","A","PGM",0.5,"red"
"1849",123900022,"A","G","PGM",0.5,"red"
"1850",124039569,"C","A","PGM",0.5,"red"
"1851",124099542,"A","G","PGM",0.5,"red"
"1852",124190888,"A","G","PGM",0.5,"red"
"1853",124201150,"G","A","PGM",0.5,"red"
"1854",124313842,"A","G","PGM",0.5,"red"
"1855",124603670,"T","C","PGM",0.5,"red"
"1856",124616517,"G","A","PGM",0.5,"red"
"1857",124617746,"G","T","PGM",0.5,"red"
"1858",124643617,"A","G","PGM",0.5,"red"
"1859",124808189,"C","A","PGM",0.5,"red"
"1860",124815290,"G","A","PGM",0.5,"red"
"1861",125072022,"A","G","PGM",0.5,"red"
"1862",125085648,"A","G","PGM",0.5,"red"
"1863",125354154,"C","A","PGM",0.5,"red"
"1864",125359388,"G","T","PGM",0.5,"red"
"1865",125365295,"T","C","PGM",0.5,"red"
"1866",125470012,"C","T","PGM",0.5,"red"
"1867",125521338,"A","G","PGM",0.5,"red"
"1868",125541862,"G","A","PGM",0.5,"red"
"1869",125551895,"G","A","PGM",0.5,"red"
"1870",125636350,"G","A","PGM",0.5,"red"
"1871",125645991,"T","C","PGM",0.5,"red"
"1872",125658409,"A","C","PGM",0.5,"red"
"1873",125847454,"A","G","PGM",0.5,"red"
"1874",125848717,"G","T","PGM",0.5,"red"
"1875",125861936,"T","C","PGM",0.5,"red"
"1876",125866455,"T","C","PGM",0.5,"red"
"1877",125895248,"T","C","PGM",0.5,"red"
"1878",125900703,"G","A","PGM",0.5,"red"
"1879",125921642,"G","T","PGM",0.5,"red"
"1880",125928408,"C","T","PGM",0.5,"red"
"1881",125944755,"A","G","PGM",0.5,"red"
"1882",125978860,"G","T","PGM",0.5,"red"
"1883",126146711,"A","G","PGM",0.5,"red"
"1884",126175085,"G","A","PGM",0.5,"red"
"1885",126516594,"T","C","PGM",0.5,"red"
"1886",126686407,"A","G","PGM",0.5,"red"
"1887",126986996,"G","A","PGM",0.5,"red"
"1888",127271019,"G","A","PGM",0.5,"red"
"1889",127337699,"T","C","PGM",0.5,"red"
"1890",127657099,"T","C","PGM",0.5,"red"
"1891",127909720,"C","T","PGM",0.5,"red"
"1892",127909977,"A","C","PGM",0.5,"red"
"1893",128132088,"G","A","PGM",0.5,"red"
"1894",128222626,"A","G","PGM",0.5,"red"
"1895",128246717,"G","T","PGM",0.5,"red"
"1896",128262515,"C","A","PGM",0.5,"red"
"1897",128268374,"G","A","PGM",0.5,"red"
"1898",128281861,"A","C","PGM",0.5,"red"
"1899",128343763,"T","C","PGM",0.5,"red"
"1900",128403745,"G","A","PGM",0.5,"red"
"1901",128419307,"T","A","PGM",0.5,"red"
"1902",128486139,"A","C","PGM",0.5,"red"
"1903",128517169,"T","C","PGM",0.5,"red"
"1904",128572877,"A","C","PGM",0.5,"red"
"1905",128751722,"A","G","PGM",0.5,"red"
"1906",128997707,"C","T","PGM",0.5,"red"
"1907",129299981,"G","T","PGM",0.5,"red"
"1908",129394663,"C","T","PGM",0.5,"red"
"1909",129692686,"G","A","PGM",0.5,"red"
"1910",129817167,"T","G","PGM",0.5,"red"
"1911",129820038,"A","G","PGM",0.5,"red"
"1912",129861392,"T","C","PGM",0.5,"red"
"1913",129862792,"C","T","PGM",0.5,"red"
"1914",129869267,"T","G","PGM",0.5,"red"
"1915",129872966,"G","T","PGM",0.5,"red"
"1916",129896501,"G","T","PGM",0.5,"red"
"1917",129962131,"T","C","PGM",0.5,"red"
"1918",130005667,"G","T","PGM",0.5,"red"
"1919",130028542,"T","G","PGM",0.5,"red"
"1920",130038005,"T","C","PGM",0.5,"red"
"1921",130049171,"A","G","PGM",0.5,"red"
"1922",130050610,"T","C","PGM",0.5,"red"
"1923",130086475,"C","A","PGM",0.5,"red"
"1924",130092334,"T","C","PGM",0.5,"red"
"1925",130098771,"C","T","PGM",0.5,"red"
"1926",130106117,"C","T","PGM",0.5,"red"
"1927",130179710,"T","C","PGM",0.5,"red"
"1928",130195659,"G","A","PGM",0.5,"red"
"1929",130449280,"T","G","PGM",0.5,"red"
"1930",130846891,"C","T","PGM",0.5,"red"
"1931",130923327,"G","A","PGM",0.5,"red"
"1932",130924737,"C","T","PGM",0.5,"red"
"1933",130924810,"C","T","PGM",0.5,"red"
"1934",130926413,"C","T","PGM",0.5,"red"
"1935",130934528,"G","C","PGM",0.5,"red"
"1936",130936249,"A","G","PGM",0.5,"red"
"1937",130941233,"C","T","PGM",0.5,"red"
"1938",130984945,"T","C","PGM",0.5,"red"
"1939",131436888,"G","T","PGM",0.5,"red"
"1940",131438063,"G","A","PGM",0.5,"red"
"1941",131443843,"A","C","PGM",0.5,"red"
"1942",131465988,"G","T","PGM",0.5,"red"
"1943",131478588,"G","A","PGM",0.5,"red"
"1944",131502771,"C","T","PGM",0.5,"red"
"1945",131505531,"C","T","PGM",0.5,"red"
"1946",131520655,"A","G","PGM",0.5,"red"
"1947",131763378,"T","C","PGM",0.5,"red"
"1948",131809958,"G","A","PGM",0.5,"red"
"1949",131905717,"T","C","PGM",0.5,"red"
"1950",131999582,"A","G","PGM",0.5,"red"
"1951",132113403,"T","C","PGM",0.5,"red"
"1952",132217687,"C","T","PGM",0.5,"red"
"1953",132259721,"G","A","PGM",0.5,"red"
"1954",132482287,"G","A","PGM",0.5,"red"
"1955",132725224,"G","A","PGM",0.5,"red"
"1956",132884701,"T","G","PGM",0.5,"red"
"1957",132885210,"G","T","PGM",0.5,"red"
"1958",132919550,"A","G","PGM",0.5,"red"
"1959",132925613,"A","G","PGM",0.5,"red"
"1960",132940293,"C","T","PGM",0.5,"red"
"1961",132944523,"C","T","PGM",0.5,"red"
"1962",132963053,"T","C","PGM",0.5,"red"
"1963",132976442,"T","G","PGM",0.5,"red"
"1964",132982421,"G","A","PGM",0.5,"red"
"1965",133052616,"T","C","PGM",0.5,"red"
"1966",133055170,"A","C","PGM",0.5,"red"
"1967",133067782,"C","T","PGM",0.5,"red"
"1968",133606617,"A","G","PGM",0.5,"red"
"1969",133612992,"C","T","PGM",0.5,"red"
"1970",133632333,"A","G","PGM",0.5,"red"
"1971",133683963,"0","T","PGM",0.5,"red"
"1972",133694338,"A","C","PGM",0.5,"red"
"1973",133703325,"A","G","PGM",0.5,"red"
"1974",133869617,"C","T","PGM",0.5,"red"
"1975",134447959,"A","G","PGM",0.5,"red"
"1976",134461443,"T","C","PGM",0.5,"red"
"1977",134461880,"A","C","PGM",0.5,"red"
"1978",134582426,"T","C","PGM",0.5,"red"
"1979",134752930,"C","T","PGM",0.5,"red"
"1980",134877551,"C","T","PGM",0.5,"red"
"1981",135007856,"G","C","PGM",0.5,"red"
"1982",135150133,"C","T","PGM",0.5,"red"
"1983",135423412,"G","A","PGM",0.5,"red"
"1984",135435171,"G","A","PGM",0.5,"red"
"1985",135447773,"T","C","PGM",0.5,"red"
"1986",135451580,"C","T","PGM",0.5,"red"
"1987",135463947,"C","T","PGM",0.5,"red"
"1988",135494875,"T","C","PGM",0.5,"red"
"1989",135511108,"A","T","PGM",0.5,"red"
"1990",135531800,"T","C","PGM",0.5,"red"
"1991",135537897,"A","G","PGM",0.5,"red"
"1992",135538639,"G","A","PGM",0.5,"red"
"1993",135933837,"C","T","PGM",0.5,"red"
"1994",136163201,"T","C","PGM",0.5,"red"
"1995",136185184,"A","G","PGM",0.5,"red"
"1996",136193422,"A","G","PGM",0.5,"red"
"1997",136202143,"A","G","PGM",0.5,"red"
"1998",136223236,"G","A","PGM",0.5,"red"
"1999",136380147,"C","T","PGM",0.5,"red"
"2000",136392020,"C","T","PGM",0.5,"red"
"2001",136393805,"G","A","PGM",0.5,"red"
"2002",136435194,"G","C","PGM",0.5,"red"
"2003",136437533,"G","T","PGM",0.5,"red"
"2004",136450147,"T","C","PGM",0.5,"red"
"2005",136471800,"C","T","PGM",0.5,"red"
"2006",136479194,"G","A","PGM",0.5,"red"
"2007",136501828,"G","A","PGM",0.5,"red"
"2008",137551037,"G","A","PGM",0.5,"red"
"2009",137560295,"A","G","PGM",0.5,"red"
"2010",137693167,"G","A","PGM",0.5,"red"
"2011",137698614,"T","G","PGM",0.5,"red"
"2012",137712235,"A","G","PGM",0.5,"red"
"2013",137724238,"C","T","PGM",0.5,"red"
"2014",138146415,"A","G","PGM",0.5,"red"
"2015",138147048,"T","C","PGM",0.5,"red"
"2016",138325071,"T","C","PGM",0.5,"red"
"2017",138335260,"C","A","PGM",0.5,"red"
"2018",138363064,"C","T","PGM",0.5,"red"
"2019",138417301,"G","A","PGM",0.5,"red"
"2020",138426032,"T","C","PGM",0.5,"red"
"2021",138591166,"T","C","PGM",0.5,"red"
"2022",138599285,"A","G","PGM",0.5,"red"
"2023",138606252,"T","G","PGM",0.5,"red"
"2024",138612441,"A","G","PGM",0.5,"red"
"2025",138616344,"A","G","PGM",0.5,"red"
"2026",138642177,"A","G","PGM",0.5,"red"
"2027",138756793,"A","T","PGM",0.5,"red"
"2028",138766247,"A","G","PGM",0.5,"red"
"2029",138777786,"G","A","PGM",0.5,"red"
"2030",138781537,"A","C","PGM",0.5,"red"
"2031",138792061,"G","A","PGM",0.5,"red"
"2032",138794628,"A","G","PGM",0.5,"red"
"2033",138807281,"T","C","PGM",0.5,"red"
"2034",138808835,"T","C","PGM",0.5,"red"
"2035",138911847,"C","T","PGM",0.5,"red"
"2036",138943139,"G","A","PGM",0.5,"red"
"2037",139200330,"G","A","PGM",0.5,"red"
"2038",139294201,"G","T","PGM",0.5,"red"
"2039",139388893,"C","T","PGM",0.5,"red"
"2040",139425906,"T","C","PGM",0.5,"red"
"2041",139430596,"T","C","PGM",0.5,"red"
"2042",139435577,"T","C","PGM",0.5,"red"
"2043",139435878,"A","C","PGM",0.5,"red"
"2044",139470762,"G","T","PGM",0.5,"red"
"2045",139487836,"C","T","PGM",0.5,"red"
"2046",139500135,"C","T","PGM",0.5,"red"
"2047",139523295,"G","A","PGM",0.5,"red"
"2048",139526049,"G","A","PGM",0.5,"red"
"2049",139625649,"G","T","PGM",0.5,"red"
"2050",139627411,"T","C","PGM",0.5,"red"
"2051",139629433,"A","G","PGM",0.5,"red"
"2052",139742496,"A","G","PGM",0.5,"red"
"2053",139742788,"A","G","PGM",0.5,"red"
"2054",139760195,"T","C","PGM",0.5,"red"
"2055",139787721,"G","A","PGM",0.5,"red"
"2056",139803301,"G","A","PGM",0.5,"red"
"2057",139807600,"C","T","PGM",0.5,"red"
"2058",139820898,"C","A","PGM",0.5,"red"
"2059",139825164,"A","G","PGM",0.5,"red"
"2060",139826722,"T","G","PGM",0.5,"red"
"2061",139829917,"G","A","PGM",0.5,"red"
"2062",140083416,"G","T","PGM",0.5,"red"
"2063",140153411,"G","A","PGM",0.5,"red"
"2064",140167314,"A","C","PGM",0.5,"red"
"2065",140194763,"C","A","PGM",0.5,"red"
"2066",140205618,"A","G","PGM",0.5,"red"
"2067",140337443,"T","C","PGM",0.5,"red"
"2068",140444057,"C","T","PGM",0.5,"red"
"2069",140592687,"C","T","PGM",0.5,"red"
"2070",140676029,"A","C","PGM",0.5,"red"
"2071",140816108,"T","C","PGM",0.5,"red"
"2072",140849702,"T","G","PGM",0.5,"red"
"2073",140911389,"T","C","PGM",0.5,"red"
"2074",141079124,"T","G","PGM",0.5,"red"
"2075",141087211,"C","T","PGM",0.5,"red"
"2076",141174222,"T","C","PGM",0.5,"red"
"2077",142061431,"T","G","PGM",0.5,"red"
"2078",142455731,"C","A","PGM",0.5,"red"
"2079",142586578,"A","G","PGM",0.5,"red"
"2080",143541064,"C","A","PGM",0.5,"red"
"2081",143543360,"T","C","PGM",0.5,"red"
"2082",143548316,"A","G","PGM",0.5,"red"
"2083",143589210,"A","G","PGM",0.5,"red"
"2084",143596413,"G","A","PGM",0.5,"red"
"2085",143658576,"A","G","PGM",0.5,"red"
"2086",143703613,"C","T","PGM",0.5,"red"
"2087",143853438,"G","A","PGM",0.5,"red"
"2088",143868242,"C","A","PGM",0.5,"red"
"2089",143892771,"T","G","PGM",0.5,"red"
"2090",143899162,"G","A","PGM",0.5,"red"
"2091",143940112,"A","G","PGM",0.5,"red"
"2092",143961610,"G","A","PGM",0.5,"red"
"2093",143984853,"G","A","PGM",0.5,"red"
"2094",144036993,"A","G","PGM",0.5,"red"
"2095",144042059,"A","G","PGM",0.5,"red"
"2096",144466861,"A","G","PGM",0.5,"red"
"2097",144843858,"A","G","PGM",0.5,"red"
"2098",144872051,"C","A","PGM",0.5,"red"
"2099",144926230,"T","C","PGM",0.5,"red"
"2100",144928717,"T","G","PGM",0.5,"red"
"2101",144950185,"A","G","PGM",0.5,"red"
"2102",144968195,"G","A","PGM",0.5,"red"
"2103",145051680,"A","G","PGM",0.5,"red"
"2104",145855622,"T","T","PGF",1.5,"blue"
"2105",145872147,"G","A","PGM",0.5,"red"
"2106",146158052,"G","A","PGM",0.5,"red"
"2107",146433827,"C","T","PGM",0.5,"red"
"2108",146543192,"C","T","PGM",0.5,"red"
"2109",146551363,"C","T","PGM",0.5,"red"
"2110",146571933,"G","A","PGM",0.5,"red"
"2111",146606553,"G","A","PGM",0.5,"red"
"2112",146652354,"T","C","PGM",0.5,"red"
"2113",146680449,"A","G","PGM",0.5,"red"
"2114",146743903,"C","A","PGM",0.5,"red"
"2115",146785984,"A","G","PGM",0.5,"red"
"2116",146794697,"C","T","PGM",0.5,"red"
"2117",146809655,"G","A","PGM",0.5,"red"
"2118",146824515,"A","G","PGM",0.5,"red"
"2119",146826657,"T","C","PGM",0.5,"red"
"2120",146828922,"G","A","PGM",0.5,"red"
"2121",146838682,"C","A","PGM",0.5,"red"
"2122",146855097,"C","A","PGM",0.5,"red"
"2123",146868048,"C","T","PGM",0.5,"red"
"2124",146873614,"G","A","PGM",0.5,"red"
"2125",146906650,"G","T","PGM",0.5,"red"
"2126",146934383,"A","C","PGM",0.5,"red"
"2127",146940316,"A","G","PGM",0.5,"red"
"2128",146953108,"C","A","PGM",0.5,"red"
"2129",146971848,"A","C","PGM",0.5,"red"
"2130",146972068,"G","A","PGM",0.5,"red"
"2131",146973073,"A","G","PGM",0.5,"red"
"2132",147030862,"T","A","PGM",0.5,"red"
"2133",147039724,"G","A","PGM",0.5,"red"
"2134",147041059,"A","C","PGM",0.5,"red"
"2135",147052588,"T","G","PGM",0.5,"red"
"2136",147066010,"A","G","PGM",0.5,"red"
"2137",147094975,"A","G","PGM",0.5,"red"
"2138",147098991,"C","T","PGM",0.5,"red"
"2139",147106841,"A","G","PGM",0.5,"red"
"2140",147115291,"G","A","PGM",0.5,"red"
"2141",147121763,"G","T","PGM",0.5,"red"
"2142",147125593,"T","C","PGM",0.5,"red"
"2143",147204168,"C","T","PGM",0.5,"red"
"2144",147847523,"C","T","PGM",0.5,"red"
"2145",147905884,"T","G","PGM",0.5,"red"
"2146",147913541,"G","T","PGM",0.5,"red"
"2147",147933349,"T","C","PGM",0.5,"red"
"2148",147941453,"G","T","PGM",0.5,"red"
"2149",147944284,"C","T","PGM",0.5,"red"
"2150",147948040,"G","T","PGM",0.5,"red"
"2151",147976024,"G","T","PGM",0.5,"red"
"2152",147987946,"A","G","PGM",0.5,"red"
"2153",148138449,"T","G","PGM",0.5,"red"
"2154",148650864,"G","A","PGM",0.5,"red"
"2155",148679552,"C","T","PGM",0.5,"red"
"2156",148736448,"G","A","PGM",0.5,"red"
"2157",148737230,"G","T","PGM",0.5,"red"
"2158",148759707,"T","G","PGM",0.5,"red"
"2159",148781726,"A","G","PGM",0.5,"red"
"2160",148788604,"T","C","PGM",0.5,"red"
"2161",148789171,"A","G","PGM",0.5,"red"
"2162",148792852,"T","G","PGM",0.5,"red"
"2163",148823562,"T","C","PGM",0.5,"red"
"2164",148825030,"C","T","PGM",0.5,"red"
"2165",148828253,"C","T","PGM",0.5,"red"
"2166",148829910,"A","G","PGM",0.5,"red"
"2167",148848919,"T","C","PGM",0.5,"red"
"2168",148855462,"A","G","PGM",0.5,"red"
"2169",148860133,"C","T","PGM",0.5,"red"
"2170",148869370,"G","A","PGM",0.5,"red"
"2171",148882824,"A","C","PGM",0.5,"red"
"2172",148885566,"T","C","PGM",0.5,"red"
"2173",148891724,"A","G","PGM",0.5,"red"
"2174",148919901,"T","C","PGM",0.5,"red"
"2175",148934993,"T","C","PGM",0.5,"red"
"2176",149093372,"T","G","PGM",0.5,"red"
"2177",149111153,"A","C","PGM",0.5,"red"
"2178",149115026,"A","G","PGM",0.5,"red"
"2179",149240393,"G","A","PGM",0.5,"red"
"2180",149264090,"G","A","PGM",0.5,"red"
"2181",149283811,"G","A","PGM",0.5,"red"
"2182",149285138,"C","T","PGM",0.5,"red"
"2183",149294576,"A","G","PGM",0.5,"red"
"2184",149297245,"G","A","PGM",0.5,"red"
"2185",149301135,"T","C","PGM",0.5,"red"
"2186",149471139,"G","T","PGM",0.5,"red"
"2187",149486333,"T","C","PGM",0.5,"red"
"2188",149488513,"A","G","PGM",0.5,"red"
"2189",149491717,"T","C","PGM",0.5,"red"
"2190",149493632,"G","A","PGM",0.5,"red"
"2191",149533147,"C","T","PGM",0.5,"red"
"2192",149548045,"G","A","PGM",0.5,"red"
"2193",149565631,"C","T","PGM",0.5,"red"
"2194",149581692,"T","C","PGM",0.5,"red"
"2195",149593920,"C","T","PGM",0.5,"red"
"2196",150303710,"A","G","PGM",0.5,"red"
"2197",150318351,"T","C","PGM",0.5,"red"
"2198",150330061,"T","C","PGM",0.5,"red"
"2199",150340035,"A","G","PGM",0.5,"red"
"2200",150355441,"A","G","PGM",0.5,"red"
"2201",150364009,"T","C","PGM",0.5,"red"
"2202",150483531,"G","A","PGM",0.5,"red"
"2203",150535702,"G","T","PGM",0.5,"red"
"2204",150547144,"A","C","PGM",0.5,"red"
"2205",150552188,"G","A","PGM",0.5,"red"
"2206",150557220,"T","C","PGM",0.5,"red"
"2207",150575200,"T","C","PGM",0.5,"red"
"2208",150582038,"T","G","PGM",0.5,"red"
"2209",150873623,"A","G","PGM",0.5,"red"
"2210",151225768,"A","G","PGM",0.5,"red"
"2211",151244271,"G","A","PGM",0.5,"red"
"2212",151246359,"T","C","PGM",0.5,"red"
"2213",151246984,"G","A","PGM",0.5,"red"
"2214",151358299,"C","T","PGM",0.5,"red"
"2215",151391321,"C","T","PGM",0.5,"red"
"2216",151392209,"G","A","PGM",0.5,"red"
"2217",151396691,"G","T","PGM",0.5,"red"
"2218",151399891,"G","A","PGM",0.5,"red"
"2219",151403148,"A","G","PGM",0.5,"red"
"2220",151427734,"G","A","PGM",0.5,"red"
"2221",151452358,"A","C","PGM",0.5,"red"
"2222",151462646,"G","T","PGM",0.5,"red"
"2223",151492158,"C","T","PGM",0.5,"red"
"2224",151497673,"T","C","PGM",0.5,"red"
"2225",151513858,"G","A","PGM",0.5,"red"
"2226",151563575,"A","G","PGM",0.5,"red"
"2227",151569243,"T","C","PGM",0.5,"red"
"2228",151572494,"G","T","PGM",0.5,"red"
"2229",151579432,"T","C","PGM",0.5,"red"
"2230",151634078,"C","T","PGM",0.5,"red"
"2231",151638269,"A","G","PGM",0.5,"red"
"2232",151641001,"G","A","PGM",0.5,"red"
"2233",152090324,"A","G","PGM",0.5,"red"
"2234",152110943,"G","T","PGM",0.5,"red"
"2235",152125444,"C","T","PGM",0.5,"red"
"2236",152283458,"A","C","PGM",0.5,"red"
"2237",152286705,"C","T","PGM",0.5,"red"
"2238",152304328,"C","T","PGM",0.5,"red"
"2239",152333945,"G","A","PGM",0.5,"red"
"2240",152371190,"C","T","PGM",0.5,"red"
"2241",152382382,"G","A","PGM",0.5,"red"
"2242",152414992,"C","T","PGM",0.5,"red"
"2243",152506734,"T","C","PGM",0.5,"red"
"2244",152510957,"G","A","PGM",0.5,"red"
"2245",152511420,"T","C","PGM",0.5,"red"
"2246",152516441,"A","G","PGM",0.5,"red"
"2247",152700965,"A","G","PGM",0.5,"red"
"2248",152771849,"G","A","PGM",0.5,"red"
"2249",152777095,"A","C","PGM",0.5,"red"
"2250",152790533,"G","A","PGM",0.5,"red"
"2251",152807823,"A","G","PGM",0.5,"red"
"2252",152848714,"G","A","PGM",0.5,"red"
"2253",152879190,"T","C","PGM",0.5,"red"
"2254",152892738,"C","A","PGM",0.5,"red"
"2255",152893252,"A","G","PGM",0.5,"red"
"2256",152896974,"G","A","PGM",0.5,"red"
"2257",152902786,"G","A","PGM",0.5,"red"
"2258",153352474,"A","C","PGM",0.5,"red"
"2259",153354211,"C","T","PGM",0.5,"red"
"2260",153367910,"C","T","PGM",0.5,"red"
"2261",153371183,"A","G","PGM",0.5,"red"
"2262",153412476,"C","T","PGM",0.5,"red"
"2263",153441895,"T","C","PGM",0.5,"red"
"2264",153443159,"A","G","PGM",0.5,"red"
"2265",153915549,"A","C","PGM",0.5,"red"
"2266",153917946,"T","A","PGM",0.5,"red"
"2267",153924581,"A","G","PGM",0.5,"red"
"2268",153924868,"A","G","PGM",0.5,"red"
"2269",153926048,"G","C","PGM",0.5,"red"
"2270",153926453,"C","T","PGM",0.5,"red"
"2271",153928396,"C","T","PGM",0.5,"red"
"2272",153928518,"C","G","PGM",0.5,"red"
"2273",153930390,"G","A","PGM",0.5,"red"
"2274",153932450,"C","T","PGM",0.5,"red"
"2275",153955406,"G","A","PGM",0.5,"red"
"2276",153977548,"G","A","PGM",0.5,"red"
"2277",154266737,"T","C","PGM",0.5,"red"
"2278",154283838,"T","C","PGM",0.5,"red"
"2279",154309594,"G","A","PGM",0.5,"red"
"2280",154315367,"G","A","PGM",0.5,"red"
"2281",154335150,"A","G","PGM",0.5,"red"
"2282",154458207,"G","A","PGM",0.5,"red"
"2283",154466818,"A","G","PGM",0.5,"red"
"2284",154471682,"A","G","PGM",0.5,"red"
"2285",154472327,"T","C","PGM",0.5,"red"
"2286",154478440,"C","A","PGM",0.5,"red"
"2287",154483146,"T","G","PGM",0.5,"red"
"2288",154492854,"A","C","PGM",0.5,"red"
"2289",154528154,"C","T","PGM",0.5,"red"
"2290",154617376,"C","T","PGM",0.5,"red"
"2291",154630541,"C","A","PGM",0.5,"red"
"2292",154669179,"C","T","PGM",0.5,"red"
"2293",154685454,"A","G","PGM",0.5,"red"
"2294",154691448,"C","T","PGM",0.5,"red"
"2295",154701025,"T","G","PGM",0.5,"red"
"2296",154715911,"C","T","PGM",0.5,"red"
"2297",154726988,"G","A","PGM",0.5,"red"
"2298",154762980,"A","C","PGM",0.5,"red"
"2299",154797178,"T","C","PGM",0.5,"red"
"2300",154800018,"T","C","PGM",0.5,"red"
"2301",154801450,"C","T","PGM",0.5,"red"
"2302",154801853,"G","A","PGM",0.5,"red"
"2303",155019223,"G","T","PGM",0.5,"red"
"2304",155045044,"T","C","PGM",0.5,"red"
"2305",155248596,"A","C","PGM",0.5,"red"
"2306",155271211,"C","T","PGM",0.5,"red"
"2307",155311639,"C","T","PGM",0.5,"red"
"2308",155325410,"G","C","PGM",0.5,"red"
"2309",155382807,"A","G","PGM",0.5,"red"
"2310",155387526,"T","C","PGM",0.5,"red"
"2311",155420691,"C","T","PGM",0.5,"red"
"2312",155435827,"C","A","PGM",0.5,"red"
"2313",155449531,"A","G","PGM",0.5,"red"
"2314",155456335,"C","T","PGM",0.5,"red"
"2315",155497657,"C","T","PGM",0.5,"red"
"2316",155509242,"C","T","PGM",0.5,"red"
"2317",155556469,"A","C","PGM",0.5,"red"
"2318",155572854,"A","G","PGM",0.5,"red"
"2319",155621019,"G","A","PGM",0.5,"red"
"2320",155622481,"C","T","PGM",0.5,"red"
"2321",155642564,"A","G","PGM",0.5,"red"
"2322",155647047,"C","T","PGM",0.5,"red"
"2323",155840770,"T","C","PGM",0.5,"red"
"2324",155872642,"A","C","PGM",0.5,"red"
"2325",155896513,"C","T","PGM",0.5,"red"
"2326",155901132,"A","G","PGM",0.5,"red"
"2327",156045947,"C","T","PGM",0.5,"red"
"2328",156063738,"T","G","PGM",0.5,"red"
"2329",156068182,"C","T","PGM",0.5,"red"
"2330",156153163,"T","G","PGM",0.5,"red"
"2331",156153561,"T","C","PGM",0.5,"red"
"2332",156160115,"G","A","PGM",0.5,"red"
"2333",156162032,"A","G","PGM",0.5,"red"
"2334",156163798,"T","C","PGM",0.5,"red"
"2335",156177108,"C","A","PGM",0.5,"red"
"2336",156191577,"T","G","PGM",0.5,"red"
"2337",156209335,"T","C","PGM",0.5,"red"
"2338",156214101,"T","C","PGM",0.5,"red"
"2339",156244400,"T","C","PGM",0.5,"red"
"2340",156247138,"C","T","PGM",0.5,"red"
"2341",156265573,"A","G","PGM",0.5,"red"
"2342",156284136,"A","G","PGM",0.5,"red"
"2343",156476113,"G","T","PGM",0.5,"red"
"2344",156490528,"C","A","PGM",0.5,"red"
"2345",156496460,"G","A","PGM",0.5,"red"
"2346",156520533,"C","T","PGM",0.5,"red"
"2347",156546947,"C","T","PGM",0.5,"red"
"2348",156549813,"G","A","PGM",0.5,"red"
"2349",156573593,"C","T","PGM",0.5,"red"
"2350",156764075,"C","A","PGM",0.5,"red"
"2351",156785323,"T","C","PGM",0.5,"red"
"2352",156817434,"T","C","PGM",0.5,"red"
"2353",156819939,"G","A","PGM",0.5,"red"
"2354",156826343,"A","G","PGM",0.5,"red"
"2355",156831369,"A","C","PGM",0.5,"red"
"2356",156837568,"A","G","PGM",0.5,"red"
"2357",156839572,"T","C","PGM",0.5,"red"
"2358",156846366,"T","C","PGM",0.5,"red"
"2359",156849740,"A","G","PGM",0.5,"red"
"2360",156855335,"C","T","PGM",0.5,"red"
"2361",156866882,"T","C","PGM",0.5,"red"
"2362",156868110,"G","A","PGM",0.5,"red"
"2363",156873144,"C","T","PGM",0.5,"red"
"2364",157127825,"G","A","PGM",0.5,"red"
"2365",157136631,"A","G","PGM",0.5,"red"
"2366",157188134,"G","T","PGM",0.5,"red"
"2367",157233089,"C","T","PGM",0.5,"red"
"2368",157243713,"G","A","PGM",0.5,"red"
"2369",157251223,"C","A","PGM",0.5,"red"
"2370",157408118,"T","C","PGM",0.5,"red"
"2371",157466537,"G","A","PGM",0.5,"red"
"2372",157865334,"A","G","PGM",0.5,"red"
"2373",157883137,"C","A","PGM",0.5,"red"
"2374",158026780,"C","T","PGM",0.5,"red"
"2375",158030998,"A","A","PGF",1.5,"blue"
"2376",158032463,"G","A","PGM",0.5,"red"
"2377",158179374,"G","A","PGM",0.5,"red"
"2378",158489240,"C","T","PGM",0.5,"red"
"2379",158531168,"A","G","PGM",0.5,"red"
"2380",158559176,"A","G","PGM",0.5,"red"
"2381",158571501,"A","G","PGM",0.5,"red"
"2382",158572379,"G","C","PGM",0.5,"red"
"2383",158626044,"T","C","PGM",0.5,"red"
"2384",159014026,"T","G","PGM",0.5,"red"
"2385",159056576,"C","T","PGM",0.5,"red"
"2386",159299251,"C","T","PGM",0.5,"red"
"2387",159313488,"T","C","PGM",0.5,"red"
"2388",159317483,"C","T","PGM",0.5,"red"
"2389",159331667,"C","T","PGM",0.5,"red"
"2390",159336218,"C","T","PGM",0.5,"red"
"2391",159667961,"T","G","PGM",0.5,"red"
"2392",159857915,"A","G","PGM",0.5,"red"
"2393",159862025,"C","T","PGM",0.5,"red"
"2394",159922541,"G","A","PGM",0.5,"red"
"2395",159926921,"C","A","PGM",0.5,"red"
"2396",159933238,"A","G","PGM",0.5,"red"
"2397",160741622,"G","A","PGM",0.5,"red"
"2398",160756729,"T","G","PGM",0.5,"red"
"2399",160963230,"T","C","PGM",0.5,"red"
"2400",161010118,"A","G","PGM",0.5,"red"
"2401",161108144,"C","A","PGM",0.5,"red"
"2402",161177237,"G","A","PGM",0.5,"red"
"2403",161396687,"A","C","PGM",0.5,"red"
"2404",161707465,"C","A","PGM",0.5,"red"
"2405",161722057,"G","A","PGM",0.5,"red"
"2406",161769835,"T","C","PGM",0.5,"red"
"2407",161802448,"A","G","PGM",0.5,"red"
"2408",161824515,"G","A","PGM",0.5,"red"
"2409",161859611,"T","T","PGF",1.5,"blue"
"2410",161914659,"T","T","PGF",1.5,"blue"
"2411",161916480,"C","C","PGF",1.5,"blue"
"2412",161923155,"G","G","PGF",1.5,"blue"
"2413",161935166,"G","G","PGF",1.5,"blue"
"2414",161956675,"G","G","PGF",1.5,"blue"
"2415",161958898,"G","G","PGF",1.5,"blue"
"2416",161963892,"A","A","PGF",1.5,"blue"
"2417",161971337,"T","T","PGF",1.5,"blue"
"2418",161982988,"T","T","PGF",1.5,"blue"
"2419",161984377,"A","A","PGF",1.5,"blue"
"2420",162023603,"G","G","PGF",1.5,"blue"
"2421",162234333,"C","C","PGF",1.5,"blue"
"2422",162237949,"T","T","PGF",1.5,"blue"
"2423",162255535,"G","G","PGF",1.5,"blue"
"2424",162256288,"G","G","PGF",1.5,"blue"
"2425",162321377,"G","G","PGF",1.5,"blue"
"2426",162339286,"C","C","PGF",1.5,"blue"
"2427",162340950,"T","T","PGF",1.5,"blue"
"2428",162344712,"T","T","PGF",1.5,"blue"
"2429",162356172,"G","G","PGF",1.5,"blue"
"2430",162365901,"T","T","PGF",1.5,"blue"
"2431",162370272,"A","A","PGF",1.5,"blue"
"2432",162733752,"C","C","PGF",1.5,"blue"
"2433",162736336,"A","A","PGF",1.5,"blue"
"2434",162736476,"G","G","PGF",1.5,"blue"
"2435",162738705,"T","T","PGF",1.5,"blue"
"2436",162746359,"T","T","PGF",1.5,"blue"
"2437",162752693,"G","G","PGF",1.5,"blue"
"2438",162979056,"A","A","PGF",1.5,"blue"
"2439",163568075,"T","T","PGF",1.5,"blue"
"2440",163586569,"C","C","PGF",1.5,"blue"
"2441",163610096,"T","T","PGF",1.5,"blue"
"2442",163616215,"G","G","PGF",1.5,"blue"
"2443",163620616,"C","C","PGF",1.5,"blue"
"2444",163623703,"A","A","PGF",1.5,"blue"
"2445",163623977,"G","G","PGF",1.5,"blue"
"2446",163629787,"G","G","PGF",1.5,"blue"
"2447",163631995,"T","T","PGF",1.5,"blue"
"2448",163635880,"G","G","PGF",1.5,"blue"
"2449",163647830,"A","A","PGF",1.5,"blue"
"2450",163650431,"G","G","PGF",1.5,"blue"
"2451",163651283,"G","G","PGF",1.5,"blue"
"2452",164107613,"C","C","PGF",1.5,"blue"
"2453",164361077,"G","G","PGF",1.5,"blue"
"2454",164384008,"G","G","PGF",1.5,"blue"
"2455",164990438,"T","T","PGF",1.5,"blue"
"2456",164998556,"T","T","PGF",1.5,"blue"
"2457",165005155,"C","C","PGF",1.5,"blue"
"2458",165015261,"T","T","PGF",1.5,"blue"
"2459",165015966,"T","T","PGF",1.5,"blue"
"2460",165016833,"A","A","PGF",1.5,"blue"
"2461",165017092,"T","T","PGF",1.5,"blue"
"2462",165025565,"G","G","PGF",1.5,"blue"
"2463",165034661,"T","T","PGF",1.5,"blue"
"2464",165045334,"G","G","PGF",1.5,"blue"
"2465",165447942,"C","C","PGF",1.5,"blue"
"2466",165493183,"G","G","PGF",1.5,"blue"
"2467",165510101,"T","T","PGF",1.5,"blue"
"2468",166027660,"T","T","PGF",1.5,"blue"
"2469",166038928,"C","C","PGF",1.5,"blue"
"2470",166140352,"G","G","PGF",1.5,"blue"
"2471",166227005,"T","T","PGF",1.5,"blue"
"2472",166230553,"A","A","PGF",1.5,"blue"
"2473",166231293,"T","T","PGF",1.5,"blue"
"2474",166231777,"T","T","PGF",1.5,"blue"
"2475",166233597,"T","T","PGF",1.5,"blue"
"2476",166237770,"T","T","PGF",1.5,"blue"
"2477",166368450,"G","G","PGF",1.5,"blue"
"2478",166371492,"C","C","PGF",1.5,"blue"
"2479",166374108,"A","A","PGF",1.5,"blue"
"2480",166375580,"C","C","PGF",1.5,"blue"
"2481",166379282,"G","G","PGF",1.5,"blue"
"2482",166379896,"T","T","PGF",1.5,"blue"
"2483",166383562,"T","T","PGF",1.5,"blue"
"2484",166408949,"T","T","PGF",1.5,"blue"
"2485",166420136,"G","G","PGF",1.5,"blue"
"2486",166421127,"A","A","PGF",1.5,"blue"
"2487",166422831,"T","T","PGF",1.5,"blue"
"2488",166468915,"T","T","PGF",1.5,"blue"
"2489",166480503,"T","T","PGF",1.5,"blue"
"2490",166526466,"G","G","PGF",1.5,"blue"
"2491",166558164,"T","T","PGF",1.5,"blue"
"2492",166565375,"A","A","PGF",1.5,"blue"
"2493",166567345,"G","G","PGF",1.5,"blue"
"2494",166567853,"A","A","PGF",1.5,"blue"
"2495",166608241,"T","T","PGF",1.5,"blue"
"2496",166850798,"T","T","PGF",1.5,"blue"
"2497",166884534,"0","A","PGM",0.5,"red"
"2498",166913485,"T","T","PGF",1.5,"blue"
"2499",166915130,"G","G","PGF",1.5,"blue"
"2500",167107444,"C","C","PGF",1.5,"blue"
"2501",167167501,"G","G","PGF",1.5,"blue"
"2502",167765251,"C","C","PGF",1.5,"blue"
"2503",167771087,"C","C","PGF",1.5,"blue"
"2504",168309470,"G","G","PGF",1.5,"blue"
"2505",168399960,"0","C","PGM",0.5,"red"
"2506",168451970,"C","C","PGF",1.5,"blue"
"2507",168463624,"G","G","PGF",1.5,"blue"
"2508",168469718,"G","G","PGF",1.5,"blue"
"2509",168491848,"A","A","PGF",1.5,"blue"
"2510",168564920,"A","A","PGF",1.5,"blue"
"2511",168571947,"G","G","PGF",1.5,"blue"
"2512",168576681,"T","T","PGF",1.5,"blue"
"2513",168576745,"A","A","PGF",1.5,"blue"
"2514",168579302,"C","C","PGF",1.5,"blue"
"2515",168580741,"C","C","PGF",1.5,"blue"
"2516",168583792,"G","G","PGF",1.5,"blue"
"2517",168589242,"A","A","PGF",1.5,"blue"
"2518",168593956,"A","A","PGF",1.5,"blue"
"2519",168595552,"G","G","PGF",1.5,"blue"
"2520",168596251,"T","T","PGF",1.5,"blue"
"2521",168597242,"T","T","PGF",1.5,"blue"
"2522",168609335,"A","A","PGF",1.5,"blue"
"2523",168610379,"G","G","PGF",1.5,"blue"
"2524",168617892,"G","G","PGF",1.5,"blue"
"2525",168620671,"G","G","PGF",1.5,"blue"
"2526",168620970,"T","T","PGF",1.5,"blue"
"2527",168621367,"T","T","PGF",1.5,"blue"
"2528",168624848,"T","T","PGF",1.5,"blue"
"2529",168626744,"T","T","PGF",1.5,"blue"
"2530",168627448,"G","G","PGF",1.5,"blue"
"2531",168630983,"T","T","PGF",1.5,"blue"
"2532",168641284,"C","C","PGF",1.5,"blue"
"2533",168643487,"A","A","PGF",1.5,"blue"
"2534",168651225,"C","C","PGF",1.5,"blue"
"2535",168654978,"T","T","PGF",1.5,"blue"
"2536",168665760,"G","G","PGF",1.5,"blue"
"2537",168670016,"A","A","PGF",1.5,"blue"
"2538",168673955,"G","G","PGF",1.5,"blue"
"2539",168685495,"C","C","PGF",1.5,"blue"
"2540",168685559,"G","G","PGF",1.5,"blue"
"2541",168705822,"G","G","PGF",1.5,"blue"
"2542",168707435,"T","T","PGF",1.5,"blue"
"2543",168708045,"T","T","PGF",1.5,"blue"
"2544",168709385,"T","T","PGF",1.5,"blue"
"2545",168712643,"T","T","PGF",1.5,"blue"
"2546",168716203,"A","A","PGF",1.5,"blue"
"2547",168948488,"C","C","PGF",1.5,"blue"
"2548",168966538,"T","T","PGF",1.5,"blue"
"2549",168967691,"A","A","PGF",1.5,"blue"
"2550",168978201,"G","G","PGF",1.5,"blue"
"2551",168982452,"C","C","PGF",1.5,"blue"
"2552",168983776,"G","G","PGF",1.5,"blue"
"2553",169003337,"A","A","PGF",1.5,"blue"
"2554",169004405,"C","C","PGF",1.5,"blue"
"2555",169009298,"G","G","PGF",1.5,"blue"
"2556",169018179,"T","T","PGF",1.5,"blue"
"2557",169027613,"G","G","PGF",1.5,"blue"
"2558",169033040,"G","G","PGF",1.5,"blue"
"2559",169049030,"G","G","PGF",1.5,"blue"
"2560",169091267,"A","A","PGF",1.5,"blue"
"2561",169306641,"G","G","PGF",1.5,"blue"
"2562",169371188,"C","C","PGF",1.5,"blue"
"2563",169444202,"G","G","PGF",1.5,"blue"
"2564",169448796,"G","G","PGF",1.5,"blue"
"2565",169449239,"C","C","PGF",1.5,"blue"
"2566",169519052,"G","G","PGF",1.5,"blue"
"2567",169542869,"C","C","PGF",1.5,"blue"
"2568",169555451,"G","G","PGF",1.5,"blue"
"2569",169558952,"C","C","PGF",1.5,"blue"
"2570",169609256,"A","A","PGF",1.5,"blue"
"2571",169624722,"C","C","PGF",1.5,"blue"
"2572",169637456,"A","A","PGF",1.5,"blue"
"2573",169641504,"G","G","PGF",1.5,"blue"
"2574",169725086,"G","G","PGF",1.5,"blue"
"2575",170036309,"A","A","PGF",1.5,"blue"
"2576",170042465,"C","C","PGF",1.5,"blue"
"2577",170058374,"C","C","PGF",1.5,"blue"
"2578",170205573,"T","T","PGF",1.5,"blue"
"2579",170212491,"C","C","PGF",1.5,"blue"
"2580",170228698,"T","T","PGF",1.5,"blue"
"2581",170269355,"T","T","PGF",1.5,"blue"
"2582",170416305,"G","G","PGF",1.5,"blue"
"2583",170428032,"G","G","PGF",1.5,"blue"
"2584",170439874,"C","C","PGF",1.5,"blue"
"2585",170445911,"C","C","PGF",1.5,"blue"
"2586",170468361,"C","C","PGF",1.5,"blue"
"2587",170491936,"G","G","PGF",1.5,"blue"
"2588",170750178,"G","G","PGF",1.5,"blue"
"2589",170772209,"G","G","PGF",1.5,"blue"
"2590",170777087,"G","G","PGF",1.5,"blue"
"2591",170802175,"A","A","PGF",1.5,"blue"
"2592",170814115,"A","A","PGF",1.5,"blue"
"2593",170814183,"G","G","PGF",1.5,"blue"
